/*==============================================================*/
/* Table: CATCOP                                                */
/*==============================================================*/
CREATE TABLE CATCOP
(
    ID_CATCOP_CODE    VARCHAR(4)  NOT NULL,
    CATCOP_NAME       VARCHAR(32) NOT NULL,
    CATCOP_COLOR_CODE VARCHAR(8)  NOT NULL,
    CATCOP_VALID_FROM TIMESTAMP,
    CATCOP_VALID_TO   TIMESTAMP   NULL,
    CATCOP_CREATED_BY VARCHAR(16),
    CATCOP_UPDATED_BY VARCHAR(16),
    CATCOP_CREATED_AT TIMESTAMP,
    CATCOP_UPDATED_AT TIMESTAMP,
    PRIMARY KEY (ID_CATCOP_CODE)
);

ALTER TABLE CATCOP
    COMMENT 'COLORES A';

/*==============================================================*/
/* Index: CAICOP_NAME                                           */
/*==============================================================*/
CREATE UNIQUE INDEX CAICOP_NAME ON CATCOP (CATCOP_NAME);


/*==============================================================*/
/* Table: CATCOL                                                */
/*==============================================================*/
CREATE TABLE CATCOL
(
    ID_CATCOL_CODE       VARCHAR(4) NOT NULL,
    XID_CATCOP_CODE      VARCHAR(4),
    CATCOL_INDEX         INT        NOT NULL,
    CATCOL_DOSAGE        DECIMAL(8,4) NOT NULL,
    CATCOL_DESCRIPTION   VARCHAR(64) NOT NULL,
    CATCOL_COLOR_CODE    VARCHAR(8)  NOT NULL,
    CATCOL_OBSERVATION   VARCHAR(255),
    CATCOL_VALID_FROM    TIMESTAMP,
    CATCOL_VALID_TO      TIMESTAMP NULL,
    CATCOL_CREATED_BY    VARCHAR(16),
    CATCOL_UPDATED_BY    VARCHAR(16),
    CATCOL_CREATED_AT    TIMESTAMP,
    CATCOL_UPDATED_AT    TIMESTAMP,
    PRIMARY KEY (ID_CATCOL_CODE)
);

ALTER TABLE CATCOL COMMENT 'COLORES B';

ALTER TABLE CATCOL ADD CONSTRAINT XID_CATCOL_CODE_XID_CATCOP_CODE FOREIGN KEY (XID_CATCOP_CODE)
    REFERENCES CATCOP (ID_CATCOP_CODE) ON DELETE RESTRICT;


/*==============================================================*/
/* Table: CATCATCOL                                             */
/*==============================================================*/
CREATE TABLE CATCATCOL
(
    ID_CATCATCOL_CODE    INT NOT NULL AUTO_INCREMENT,
    CATCATCOL_NAME       VARCHAR(256) NOT NULL,
    CATCATCOL_COLOR_CODE VARCHAR(8)  NOT NULL,
    CATCATCOL_VALID_FROM TIMESTAMP,
    CATCATCOL_VALID_TO   TIMESTAMP NULL,
    CATCATCOL_CREATED_BY VARCHAR(16),
    CATCATCOL_UPDATED_BY VARCHAR(16),
    CATCATCOL_CREATED_AT TIMESTAMP,
    CATCATCOL_UPDATED_AT TIMESTAMP,
    PRIMARY KEY (ID_CATCATCOL_CODE)
);

ALTER TABLE CATCATCOL COMMENT 'CATALOGO COLOR';


INSERT INTO CATCOP (ID_CATCOP_CODE, CATCOP_NAME, CATCOP_COLOR_CODE, CATCOP_VALID_FROM, CATCOP_VALID_TO, CATCOP_CREATED_BY, CATCOP_UPDATED_BY, CATCOP_CREATED_AT, CATCOP_UPDATED_AT) VALUES ('Y', 'Amarillo', '#FFFF00', NULL, NULL, NULL, NULL, NULL, NULL);
INSERT INTO CATCOP (ID_CATCOP_CODE, CATCOP_NAME, CATCOP_COLOR_CODE, CATCOP_VALID_FROM, CATCOP_VALID_TO, CATCOP_CREATED_BY, CATCOP_UPDATED_BY, CATCOP_CREATED_AT, CATCOP_UPDATED_AT) VALUES ('Z', 'Azul', '#0000FF', NULL, NULL, NULL, NULL, NULL, NULL);
INSERT INTO CATCOP (ID_CATCOP_CODE, CATCOP_NAME, CATCOP_COLOR_CODE, CATCOP_VALID_FROM, CATCOP_VALID_TO, CATCOP_CREATED_BY, CATCOP_UPDATED_BY, CATCOP_CREATED_AT, CATCOP_UPDATED_AT) VALUES ('W', 'Blanco', '#FFFFFF', NULL, NULL, NULL, NULL, NULL, NULL);
INSERT INTO CATCOP (ID_CATCOP_CODE, CATCOP_NAME, CATCOP_COLOR_CODE, CATCOP_VALID_FROM, CATCOP_VALID_TO, CATCOP_CREATED_BY, CATCOP_UPDATED_BY, CATCOP_CREATED_AT, CATCOP_UPDATED_AT) VALUES ('R', 'Rojo', '#FF0000', NULL, NULL, NULL, NULL, NULL, NULL);
INSERT INTO CATCOP (ID_CATCOP_CODE, CATCOP_NAME, CATCOP_COLOR_CODE, CATCOP_VALID_FROM, CATCOP_VALID_TO, CATCOP_CREATED_BY, CATCOP_UPDATED_BY, CATCOP_CREATED_AT, CATCOP_UPDATED_AT) VALUES ('G', 'Verde ', '#008000', NULL, NULL, NULL, NULL, NULL, NULL);
INSERT INTO CATCOP (ID_CATCOP_CODE, CATCOP_NAME, CATCOP_COLOR_CODE, CATCOP_VALID_FROM, CATCOP_VALID_TO, CATCOP_CREATED_BY, CATCOP_UPDATED_BY, CATCOP_CREATED_AT, CATCOP_UPDATED_AT) VALUES ('B', 'Negro', '#000000', NULL, NULL, NULL, NULL, NULL, NULL);


INSERT INTO CATCOL (ID_CATCOL_CODE, XID_CATCOP_CODE, CATCOL_INDEX, CATCOL_DOSAGE, CATCOL_DESCRIPTION, CATCOL_COLOR_CODE, CATCOL_OBSERVATION, CATCOL_VALID_FROM, CATCOL_VALID_TO, CATCOL_CREATED_BY, CATCOL_UPDATED_BY, CATCOL_CREATED_AT, CATCOL_UPDATED_AT) VALUES ('W1', 'W', 1, 0.0075, 'BLANCO 5500 PP', '#FFFFFF', 'AMC, MINERIA', NULL, NULL, NULL, NULL, NULL, NULL);
INSERT INTO CATCOL (ID_CATCOL_CODE, XID_CATCOP_CODE, CATCOL_INDEX, CATCOL_DOSAGE, CATCOL_DESCRIPTION, CATCOL_COLOR_CODE, CATCOL_OBSERVATION, CATCOL_VALID_FROM, CATCOL_VALID_TO, CATCOL_CREATED_BY, CATCOL_UPDATED_BY, CATCOL_CREATED_AT, CATCOL_UPDATED_AT) VALUES ('W2', 'W', 2, 0.01, 'BLANCO 7070', '#FFFFFF', NULL, NULL, NULL, NULL, NULL, NULL, NULL);
INSERT INTO CATCOL (ID_CATCOL_CODE, XID_CATCOP_CODE, CATCOL_INDEX, CATCOL_DOSAGE, CATCOL_DESCRIPTION, CATCOL_COLOR_CODE, CATCOL_OBSERVATION, CATCOL_VALID_FROM, CATCOL_VALID_TO, CATCOL_CREATED_BY, CATCOL_UPDATED_BY, CATCOL_CREATED_AT, CATCOL_UPDATED_AT) VALUES ('B1', 'B', 1, 0.01, 'NEGRO CHOYAN 9140', '#000000', NULL, NULL, NULL, NULL, NULL, NULL, NULL);
INSERT INTO CATCOL (ID_CATCOL_CODE, XID_CATCOP_CODE, CATCOL_INDEX, CATCOL_DOSAGE, CATCOL_DESCRIPTION, CATCOL_COLOR_CODE, CATCOL_OBSERVATION, CATCOL_VALID_FROM, CATCOL_VALID_TO, CATCOL_CREATED_BY, CATCOL_UPDATED_BY, CATCOL_CREATED_AT, CATCOL_UPDATED_AT) VALUES ('B2', 'B', 2, 0.005, 'NEGRO 1350', '#000000', 'ARCA', NULL, NULL, NULL, NULL, NULL, NULL);
INSERT INTO CATCOL (ID_CATCOL_CODE, XID_CATCOP_CODE, CATCOL_INDEX, CATCOL_DOSAGE, CATCOL_DESCRIPTION, CATCOL_COLOR_CODE, CATCOL_OBSERVATION, CATCOL_VALID_FROM, CATCOL_VALID_TO, CATCOL_CREATED_BY, CATCOL_UPDATED_BY, CATCOL_CREATED_AT, CATCOL_UPDATED_AT) VALUES ('R1', 'R', 1, 0.01, 'ROJO 9800', '#FF0000', NULL, NULL, NULL, NULL, NULL, NULL, NULL);
INSERT INTO CATCOL (ID_CATCOL_CODE, XID_CATCOP_CODE, CATCOL_INDEX, CATCOL_DOSAGE, CATCOL_DESCRIPTION, CATCOL_COLOR_CODE, CATCOL_OBSERVATION, CATCOL_VALID_FROM, CATCOL_VALID_TO, CATCOL_CREATED_BY, CATCOL_UPDATED_BY, CATCOL_CREATED_AT, CATCOL_UPDATED_AT) VALUES ('Z1', 'Z', 1, 0.01, 'AZUL 5831', '#0000FF', NULL, NULL, NULL, NULL, NULL, NULL, NULL);
INSERT INTO CATCOL (ID_CATCOL_CODE, XID_CATCOP_CODE, CATCOL_INDEX, CATCOL_DOSAGE, CATCOL_DESCRIPTION, CATCOL_COLOR_CODE, CATCOL_OBSERVATION, CATCOL_VALID_FROM, CATCOL_VALID_TO, CATCOL_CREATED_BY, CATCOL_UPDATED_BY, CATCOL_CREATED_AT, CATCOL_UPDATED_AT) VALUES ('W3', 'W', 3, 0.0075, 'BLANCO 7070 / SCHULMAN 8166 1%', '#FFFFFF', 'MINERIA', NULL, NULL, NULL, NULL, NULL, NULL);
INSERT INTO CATCOL (ID_CATCOL_CODE, XID_CATCOP_CODE, CATCOL_INDEX, CATCOL_DOSAGE, CATCOL_DESCRIPTION, CATCOL_COLOR_CODE, CATCOL_OBSERVATION, CATCOL_VALID_FROM, CATCOL_VALID_TO, CATCOL_CREATED_BY, CATCOL_UPDATED_BY, CATCOL_CREATED_AT, CATCOL_UPDATED_AT) VALUES ('Z2', 'Z', 2, 0.0075, 'AZUL 5007', '#0000FF', NULL, NULL, NULL, NULL, NULL, NULL, NULL);
INSERT INTO CATCOL (ID_CATCOL_CODE, XID_CATCOP_CODE, CATCOL_INDEX, CATCOL_DOSAGE, CATCOL_DESCRIPTION, CATCOL_COLOR_CODE, CATCOL_OBSERVATION, CATCOL_VALID_FROM, CATCOL_VALID_TO, CATCOL_CREATED_BY, CATCOL_UPDATED_BY, CATCOL_CREATED_AT, CATCOL_UPDATED_AT) VALUES ('W4', 'W', 4, 0.015, 'BLANCO 7073', '#FFFFFF', 'STA PRISCILA, COREA, CHINA, ETC', NULL, NULL, NULL, NULL, NULL, NULL);
INSERT INTO CATCOL (ID_CATCOL_CODE, XID_CATCOP_CODE, CATCOL_INDEX, CATCOL_DOSAGE, CATCOL_DESCRIPTION, CATCOL_COLOR_CODE, CATCOL_OBSERVATION, CATCOL_VALID_FROM, CATCOL_VALID_TO, CATCOL_CREATED_BY, CATCOL_UPDATED_BY, CATCOL_CREATED_AT, CATCOL_UPDATED_AT) VALUES ('B3', 'B', 3, 0.02, 'PLATA 3430', '#000000', 'INDURAMA', NULL, NULL, NULL, NULL, NULL, NULL);
INSERT INTO CATCOL (ID_CATCOL_CODE, XID_CATCOP_CODE, CATCOL_INDEX, CATCOL_DOSAGE, CATCOL_DESCRIPTION, CATCOL_COLOR_CODE, CATCOL_OBSERVATION, CATCOL_VALID_FROM, CATCOL_VALID_TO, CATCOL_CREATED_BY, CATCOL_UPDATED_BY, CATCOL_CREATED_AT, CATCOL_UPDATED_AT) VALUES ('G1', 'G', 1, 0.015, 'VERDE AP', '#008000', NULL, NULL, NULL, NULL, NULL, NULL, NULL);
INSERT INTO CATCOL (ID_CATCOL_CODE, XID_CATCOP_CODE, CATCOL_INDEX, CATCOL_DOSAGE, CATCOL_DESCRIPTION, CATCOL_COLOR_CODE, CATCOL_OBSERVATION, CATCOL_VALID_FROM, CATCOL_VALID_TO, CATCOL_CREATED_BY, CATCOL_UPDATED_BY, CATCOL_CREATED_AT, CATCOL_UPDATED_AT) VALUES ('R2', 'R', 2, 0.01, 'ROJO 9475', '#FF0000', NULL, NULL, NULL, NULL, NULL, NULL, NULL);
INSERT INTO CATCOL (ID_CATCOL_CODE, XID_CATCOP_CODE, CATCOL_INDEX, CATCOL_DOSAGE, CATCOL_DESCRIPTION, CATCOL_COLOR_CODE, CATCOL_OBSERVATION, CATCOL_VALID_FROM, CATCOL_VALID_TO, CATCOL_CREATED_BY, CATCOL_UPDATED_BY, CATCOL_CREATED_AT, CATCOL_UPDATED_AT) VALUES ('Z3', 'Z', 3, 0.01, 'AZUL 5004', '#0000FF', 'TESALIA', NULL, NULL, NULL, NULL, NULL, NULL);
INSERT INTO CATCOL (ID_CATCOL_CODE, XID_CATCOP_CODE, CATCOL_INDEX, CATCOL_DOSAGE, CATCOL_DESCRIPTION, CATCOL_COLOR_CODE, CATCOL_OBSERVATION, CATCOL_VALID_FROM, CATCOL_VALID_TO, CATCOL_CREATED_BY, CATCOL_UPDATED_BY, CATCOL_CREATED_AT, CATCOL_UPDATED_AT) VALUES ('R3', 'R', 3, 0.015, 'ROJO 9493', '#FF0000', NULL, NULL, NULL, NULL, NULL, NULL, NULL);
INSERT INTO CATCOL (ID_CATCOL_CODE, XID_CATCOP_CODE, CATCOL_INDEX, CATCOL_DOSAGE, CATCOL_DESCRIPTION, CATCOL_COLOR_CODE, CATCOL_OBSERVATION, CATCOL_VALID_FROM, CATCOL_VALID_TO, CATCOL_CREATED_BY, CATCOL_UPDATED_BY, CATCOL_CREATED_AT, CATCOL_UPDATED_AT) VALUES ('Z4', 'Z', 4, 0.02, 'AZUL 5009', '#0000FF', 'BANDEJAS ESPARRAGOS', NULL, NULL, NULL, NULL, NULL, NULL);
INSERT INTO CATCOL (ID_CATCOL_CODE, XID_CATCOP_CODE, CATCOL_INDEX, CATCOL_DOSAGE, CATCOL_DESCRIPTION, CATCOL_COLOR_CODE, CATCOL_OBSERVATION, CATCOL_VALID_FROM, CATCOL_VALID_TO, CATCOL_CREATED_BY, CATCOL_UPDATED_BY, CATCOL_CREATED_AT, CATCOL_UPDATED_AT) VALUES ('R4', 'R', 4, 0.015, 'FUCSIA 9110', '#FF0000', NULL, NULL, NULL, NULL, NULL, NULL, NULL);
INSERT INTO CATCOL (ID_CATCOL_CODE, XID_CATCOP_CODE, CATCOL_INDEX, CATCOL_DOSAGE, CATCOL_DESCRIPTION, CATCOL_COLOR_CODE, CATCOL_OBSERVATION, CATCOL_VALID_FROM, CATCOL_VALID_TO, CATCOL_CREATED_BY, CATCOL_UPDATED_BY, CATCOL_CREATED_AT, CATCOL_UPDATED_AT) VALUES ('Y1', 'Y', 1, 0.01, 'AMARILLO 7021', '#FFFF00', NULL, NULL, NULL, NULL, NULL, NULL, NULL);
INSERT INTO CATCOL (ID_CATCOL_CODE, XID_CATCOP_CODE, CATCOL_INDEX, CATCOL_DOSAGE, CATCOL_DESCRIPTION, CATCOL_COLOR_CODE, CATCOL_OBSERVATION, CATCOL_VALID_FROM, CATCOL_VALID_TO, CATCOL_CREATED_BY, CATCOL_UPDATED_BY, CATCOL_CREATED_AT, CATCOL_UPDATED_AT) VALUES ('Y2', 'Y', 2, 0.01, 'AMARILLO 7462', '#FFFF00', NULL, NULL, NULL, NULL, NULL, NULL, NULL);
INSERT INTO CATCOL (ID_CATCOL_CODE, XID_CATCOP_CODE, CATCOL_INDEX, CATCOL_DOSAGE, CATCOL_DESCRIPTION, CATCOL_COLOR_CODE, CATCOL_OBSERVATION, CATCOL_VALID_FROM, CATCOL_VALID_TO, CATCOL_CREATED_BY, CATCOL_UPDATED_BY, CATCOL_CREATED_AT, CATCOL_UPDATED_AT) VALUES ('Z5', 'Z', 5, 0.01, 'CELESTE 5610', '#0000FF', NULL, NULL, NULL, NULL, NULL, NULL, NULL);
INSERT INTO CATCOL (ID_CATCOL_CODE, XID_CATCOP_CODE, CATCOL_INDEX, CATCOL_DOSAGE, CATCOL_DESCRIPTION, CATCOL_COLOR_CODE, CATCOL_OBSERVATION, CATCOL_VALID_FROM, CATCOL_VALID_TO, CATCOL_CREATED_BY, CATCOL_UPDATED_BY, CATCOL_CREATED_AT, CATCOL_UPDATED_AT) VALUES ('G2', 'G', 2, 0.005, 'VERDE 6999 + UV231 al 3%', '#008000', 'INVERSOL', NULL, NULL, NULL, NULL, NULL, NULL);
INSERT INTO CATCOL (ID_CATCOL_CODE, XID_CATCOP_CODE, CATCOL_INDEX, CATCOL_DOSAGE, CATCOL_DESCRIPTION, CATCOL_COLOR_CODE, CATCOL_OBSERVATION, CATCOL_VALID_FROM, CATCOL_VALID_TO, CATCOL_CREATED_BY, CATCOL_UPDATED_BY, CATCOL_CREATED_AT, CATCOL_UPDATED_AT) VALUES ('Z6', 'Z', 6, 0.01, 'AZUL 5781', '#0000FF', NULL, NULL, NULL, NULL, NULL, NULL, NULL);
INSERT INTO CATCOL (ID_CATCOL_CODE, XID_CATCOP_CODE, CATCOL_INDEX, CATCOL_DOSAGE, CATCOL_DESCRIPTION, CATCOL_COLOR_CODE, CATCOL_OBSERVATION, CATCOL_VALID_FROM, CATCOL_VALID_TO, CATCOL_CREATED_BY, CATCOL_UPDATED_BY, CATCOL_CREATED_AT, CATCOL_UPDATED_AT) VALUES ('Z7', 'Z', 7, 0.01, 'CELESTE 5351 IN', '#0000FF', NULL, NULL, NULL, NULL, NULL, NULL, NULL);
INSERT INTO CATCOL (ID_CATCOL_CODE, XID_CATCOP_CODE, CATCOL_INDEX, CATCOL_DOSAGE, CATCOL_DESCRIPTION, CATCOL_COLOR_CODE, CATCOL_OBSERVATION, CATCOL_VALID_FROM, CATCOL_VALID_TO, CATCOL_CREATED_BY, CATCOL_UPDATED_BY, CATCOL_CREATED_AT, CATCOL_UPDATED_AT) VALUES ('Y3', 'Y', 3, 0.01, 'AMARILLO 7740', '#FFFF00', NULL, NULL, NULL, NULL, NULL, NULL, NULL);
INSERT INTO CATCOL (ID_CATCOL_CODE, XID_CATCOP_CODE, CATCOL_INDEX, CATCOL_DOSAGE, CATCOL_DESCRIPTION, CATCOL_COLOR_CODE, CATCOL_OBSERVATION, CATCOL_VALID_FROM, CATCOL_VALID_TO, CATCOL_CREATED_BY, CATCOL_UPDATED_BY, CATCOL_CREATED_AT, CATCOL_UPDATED_AT) VALUES ('B4', 'B', 4, 0, 'NEGRO 1300', '#000000', NULL, NULL, NULL, NULL, NULL, NULL, NULL);
INSERT INTO CATCOL (ID_CATCOL_CODE, XID_CATCOP_CODE, CATCOL_INDEX, CATCOL_DOSAGE, CATCOL_DESCRIPTION, CATCOL_COLOR_CODE, CATCOL_OBSERVATION, CATCOL_VALID_FROM, CATCOL_VALID_TO, CATCOL_CREATED_BY, CATCOL_UPDATED_BY, CATCOL_CREATED_AT, CATCOL_UPDATED_AT) VALUES ('R5', 'R', 5, 0.02, 'NARANJA 9595', '#FF0000', NULL, NULL, NULL, NULL, NULL, NULL, NULL);
INSERT INTO CATCOL (ID_CATCOL_CODE, XID_CATCOP_CODE, CATCOL_INDEX, CATCOL_DOSAGE, CATCOL_DESCRIPTION, CATCOL_COLOR_CODE, CATCOL_OBSERVATION, CATCOL_VALID_FROM, CATCOL_VALID_TO, CATCOL_CREATED_BY, CATCOL_UPDATED_BY, CATCOL_CREATED_AT, CATCOL_UPDATED_AT) VALUES ('Y4', 'Y', 4, 0.02, 'AMARILLO 7904FG', '#FFFF00', NULL, NULL, NULL, NULL, NULL, NULL, NULL);
INSERT INTO CATCOL (ID_CATCOL_CODE, XID_CATCOP_CODE, CATCOL_INDEX, CATCOL_DOSAGE, CATCOL_DESCRIPTION, CATCOL_COLOR_CODE, CATCOL_OBSERVATION, CATCOL_VALID_FROM, CATCOL_VALID_TO, CATCOL_CREATED_BY, CATCOL_UPDATED_BY, CATCOL_CREATED_AT, CATCOL_UPDATED_AT) VALUES ('G3', 'G', 3, 0, 'VERDE 6110', '#008000', NULL, NULL, NULL, NULL, NULL, NULL, NULL);
INSERT INTO CATCOL (ID_CATCOL_CODE, XID_CATCOP_CODE, CATCOL_INDEX, CATCOL_DOSAGE, CATCOL_DESCRIPTION, CATCOL_COLOR_CODE, CATCOL_OBSERVATION, CATCOL_VALID_FROM, CATCOL_VALID_TO, CATCOL_CREATED_BY, CATCOL_UPDATED_BY, CATCOL_CREATED_AT, CATCOL_UPDATED_AT) VALUES ('Z8', 'Z', 8, 0.02, 'AZUL 5832', '#0000FF', 'MISKI, PITAGARDEN', NULL, NULL, NULL, NULL, NULL, NULL);
INSERT INTO CATCOL (ID_CATCOL_CODE, XID_CATCOP_CODE, CATCOL_INDEX, CATCOL_DOSAGE, CATCOL_DESCRIPTION, CATCOL_COLOR_CODE, CATCOL_OBSERVATION, CATCOL_VALID_FROM, CATCOL_VALID_TO, CATCOL_CREATED_BY, CATCOL_UPDATED_BY, CATCOL_CREATED_AT, CATCOL_UPDATED_AT) VALUES ('Z9', 'Z', 9, 0.02, 'VIOLETA 4200', '#0000FF', NULL, NULL, NULL, NULL, NULL, NULL, NULL);
INSERT INTO CATCOL (ID_CATCOL_CODE, XID_CATCOP_CODE, CATCOL_INDEX, CATCOL_DOSAGE, CATCOL_DESCRIPTION, CATCOL_COLOR_CODE, CATCOL_OBSERVATION, CATCOL_VALID_FROM, CATCOL_VALID_TO, CATCOL_CREATED_BY, CATCOL_UPDATED_BY, CATCOL_CREATED_AT, CATCOL_UPDATED_AT) VALUES ('R6', 'R', 6, 0.02, 'ROJO 9469', '#FF0000', NULL, NULL, NULL, NULL, NULL, NULL, NULL);
INSERT INTO CATCOL (ID_CATCOL_CODE, XID_CATCOP_CODE, CATCOL_INDEX, CATCOL_DOSAGE, CATCOL_DESCRIPTION, CATCOL_COLOR_CODE, CATCOL_OBSERVATION, CATCOL_VALID_FROM, CATCOL_VALID_TO, CATCOL_CREATED_BY, CATCOL_UPDATED_BY, CATCOL_CREATED_AT, CATCOL_UPDATED_AT) VALUES ('R7', 'R', 7, 0.015, 'NARANJA 9594 FG', '#FF0000', 'PROMARISCO COCIDO', NULL, NULL, NULL, NULL, NULL, NULL);
INSERT INTO CATCOL (ID_CATCOL_CODE, XID_CATCOP_CODE, CATCOL_INDEX, CATCOL_DOSAGE, CATCOL_DESCRIPTION, CATCOL_COLOR_CODE, CATCOL_OBSERVATION, CATCOL_VALID_FROM, CATCOL_VALID_TO, CATCOL_CREATED_BY, CATCOL_UPDATED_BY, CATCOL_CREATED_AT, CATCOL_UPDATED_AT) VALUES ('Y5', 'Y', 5, 0.02, 'AMARILLO 7368', '#FFFF00', 'ANEAMU', NULL, NULL, NULL, NULL, NULL, NULL);
INSERT INTO CATCOL (ID_CATCOL_CODE, XID_CATCOP_CODE, CATCOL_INDEX, CATCOL_DOSAGE, CATCOL_DESCRIPTION, CATCOL_COLOR_CODE, CATCOL_OBSERVATION, CATCOL_VALID_FROM, CATCOL_VALID_TO, CATCOL_CREATED_BY, CATCOL_UPDATED_BY, CATCOL_CREATED_AT, CATCOL_UPDATED_AT) VALUES ('Z10', 'Z', 10, 0.015, 'CELESTE 5420', '#0000FF', 'ORGANPIT GBP', NULL, NULL, NULL, NULL, NULL, NULL);
INSERT INTO CATCOL (ID_CATCOL_CODE, XID_CATCOP_CODE, CATCOL_INDEX, CATCOL_DOSAGE, CATCOL_DESCRIPTION, CATCOL_COLOR_CODE, CATCOL_OBSERVATION, CATCOL_VALID_FROM, CATCOL_VALID_TO, CATCOL_CREATED_BY, CATCOL_UPDATED_BY, CATCOL_CREATED_AT, CATCOL_UPDATED_AT) VALUES ('R8', 'R', 8, 0.02, 'FUCSIA 9012', '#FF0000', 'PIMANFRUIT', NULL, NULL, NULL, NULL, NULL, NULL);
INSERT INTO CATCOL (ID_CATCOL_CODE, XID_CATCOP_CODE, CATCOL_INDEX, CATCOL_DOSAGE, CATCOL_DESCRIPTION, CATCOL_COLOR_CODE, CATCOL_OBSERVATION, CATCOL_VALID_FROM, CATCOL_VALID_TO, CATCOL_CREATED_BY, CATCOL_UPDATED_BY, CATCOL_CREATED_AT, CATCOL_UPDATED_AT) VALUES ('B5', 'B', 5, 0.02, 'PLOMO 3871', '#000000', NULL, NULL, NULL, NULL, NULL, NULL, NULL);
INSERT INTO CATCOL (ID_CATCOL_CODE, XID_CATCOP_CODE, CATCOL_INDEX, CATCOL_DOSAGE, CATCOL_DESCRIPTION, CATCOL_COLOR_CODE, CATCOL_OBSERVATION, CATCOL_VALID_FROM, CATCOL_VALID_TO, CATCOL_CREATED_BY, CATCOL_UPDATED_BY, CATCOL_CREATED_AT, CATCOL_UPDATED_AT) VALUES ('R9', 'R', 9, 0.015, 'ROJO 9485', '#FF0000', 'APC-PR', NULL, NULL, NULL, NULL, NULL, NULL);
INSERT INTO CATCOL (ID_CATCOL_CODE, XID_CATCOP_CODE, CATCOL_INDEX, CATCOL_DOSAGE, CATCOL_DESCRIPTION, CATCOL_COLOR_CODE, CATCOL_OBSERVATION, CATCOL_VALID_FROM, CATCOL_VALID_TO, CATCOL_CREATED_BY, CATCOL_UPDATED_BY, CATCOL_CREATED_AT, CATCOL_UPDATED_AT) VALUES ('R10', 'R', 10, 0.015, 'ROJO 9965', '#FF0000', 'APC-PR', NULL, NULL, NULL, NULL, NULL, NULL);
INSERT INTO CATCOL (ID_CATCOL_CODE, XID_CATCOP_CODE, CATCOL_INDEX, CATCOL_DOSAGE, CATCOL_DESCRIPTION, CATCOL_COLOR_CODE, CATCOL_OBSERVATION, CATCOL_VALID_FROM, CATCOL_VALID_TO, CATCOL_CREATED_BY, CATCOL_UPDATED_BY, CATCOL_CREATED_AT, CATCOL_UPDATED_AT) VALUES ('Y6', 'Y', 6, 0.015, 'HABANO 8016', '#FFFF00', 'JOURDAN GRAY', NULL, NULL, NULL, NULL, NULL, NULL);
INSERT INTO CATCOL (ID_CATCOL_CODE, XID_CATCOP_CODE, CATCOL_INDEX, CATCOL_DOSAGE, CATCOL_DESCRIPTION, CATCOL_COLOR_CODE, CATCOL_OBSERVATION, CATCOL_VALID_FROM, CATCOL_VALID_TO, CATCOL_CREATED_BY, CATCOL_UPDATED_BY, CATCOL_CREATED_AT, CATCOL_UPDATED_AT) VALUES ('Z11', 'Z', 11, 0.02, 'VIOLETA 4200 1% + BLANCO 7072 1%', '#0000FF', NULL, NULL, NULL, NULL, NULL, NULL, NULL);
INSERT INTO CATCOL (ID_CATCOL_CODE, XID_CATCOP_CODE, CATCOL_INDEX, CATCOL_DOSAGE, CATCOL_DESCRIPTION, CATCOL_COLOR_CODE, CATCOL_OBSERVATION, CATCOL_VALID_FROM, CATCOL_VALID_TO, CATCOL_CREATED_BY, CATCOL_UPDATED_BY, CATCOL_CREATED_AT, CATCOL_UPDATED_AT) VALUES ('Z12', 'Z', 12, 0.02, 'TURQUESA', '#0000FF', 'MIRAFRUIT', NULL, NULL, NULL, NULL, NULL, NULL);


INSERT INTO CATCATCOL (CATCATCOL_NAME, CATCATCOL_COLOR_CODE, CATCATCOL_VALID_FROM, CATCATCOL_VALID_TO, CATCATCOL_CREATED_BY, CATCATCOL_UPDATED_BY, CATCATCOL_CREATED_AT, CATCATCOL_UPDATED_AT) VALUES ('BLANCO', '#0000FF', NULL, NULL, NULL, NULL, NULL, NULL);
INSERT INTO CATCATCOL (CATCATCOL_NAME, CATCATCOL_COLOR_CODE, CATCATCOL_VALID_FROM, CATCATCOL_VALID_TO, CATCATCOL_CREATED_BY, CATCATCOL_UPDATED_BY, CATCATCOL_CREATED_AT, CATCATCOL_UPDATED_AT) VALUES ('NEGRO', '#0000FF', NULL, NULL, NULL, NULL, NULL, NULL);
INSERT INTO CATCATCOL (CATCATCOL_NAME, CATCATCOL_COLOR_CODE, CATCATCOL_VALID_FROM, CATCATCOL_VALID_TO, CATCATCOL_CREATED_BY, CATCATCOL_UPDATED_BY, CATCATCOL_CREATED_AT, CATCATCOL_UPDATED_AT) VALUES ('AZUL', '#0000FF', NULL, NULL, NULL, NULL, NULL, NULL);
INSERT INTO CATCATCOL (CATCATCOL_NAME, CATCATCOL_COLOR_CODE, CATCATCOL_VALID_FROM, CATCATCOL_VALID_TO, CATCATCOL_CREATED_BY, CATCATCOL_UPDATED_BY, CATCATCOL_CREATED_AT, CATCATCOL_UPDATED_AT) VALUES ('VERDE', '#0000FF', NULL, NULL, NULL, NULL, NULL, NULL);
INSERT INTO CATCATCOL (CATCATCOL_NAME, CATCATCOL_COLOR_CODE, CATCATCOL_VALID_FROM, CATCATCOL_VALID_TO, CATCATCOL_CREATED_BY, CATCATCOL_UPDATED_BY, CATCATCOL_CREATED_AT, CATCATCOL_UPDATED_AT) VALUES ('T5583 ORO 180 (SUN CHEMICAL)', '#0000FF', NULL, NULL, NULL, NULL, NULL, NULL);
INSERT INTO CATCATCOL (CATCATCOL_NAME, CATCATCOL_COLOR_CODE, CATCATCOL_VALID_FROM, CATCATCOL_VALID_TO, CATCATCOL_CREATED_BY, CATCATCOL_UPDATED_BY, CATCATCOL_CREATED_AT, CATCATCOL_UPDATED_AT) VALUES ('ROJO', '#0000FF', NULL, NULL, NULL, NULL, NULL, NULL);
INSERT INTO CATCATCOL (CATCATCOL_NAME, CATCATCOL_COLOR_CODE, CATCATCOL_VALID_FROM, CATCATCOL_VALID_TO, CATCATCOL_CREATED_BY, CATCATCOL_UPDATED_BY, CATCATCOL_CREATED_AT, CATCATCOL_UPDATED_AT) VALUES ('AMARILLO', '#0000FF', NULL, NULL, NULL, NULL, NULL, NULL);
INSERT INTO CATCATCOL (CATCATCOL_NAME, CATCATCOL_COLOR_CODE, CATCATCOL_VALID_FROM, CATCATCOL_VALID_TO, CATCATCOL_CREATED_BY, CATCATCOL_UPDATED_BY, CATCATCOL_CREATED_AT, CATCATCOL_UPDATED_AT) VALUES ('BLANCO - 91490800 728w018: SB BLANCO SUPERFICIE: FJ02E (SUN CHEMICAL)', '#0000FF', NULL, NULL, NULL, NULL, NULL, NULL);
INSERT INTO CATCATCOL (CATCATCOL_NAME, CATCATCOL_COLOR_CODE, CATCATCOL_VALID_FROM, CATCATCOL_VALID_TO, CATCATCOL_CREATED_BY, CATCATCOL_UPDATED_BY, CATCATCOL_CREATED_AT, CATCATCOL_UPDATED_AT) VALUES ('AMARILLO T9805 MEDIO SUPERFICIE', '#0000FF', NULL, NULL, NULL, NULL, NULL, NULL);
INSERT INTO CATCATCOL (CATCATCOL_NAME, CATCATCOL_COLOR_CODE, CATCATCOL_VALID_FROM, CATCATCOL_VALID_TO, CATCATCOL_CREATED_BY, CATCATCOL_UPDATED_BY, CATCATCOL_CREATED_AT, CATCATCOL_UPDATED_AT) VALUES ('VERDE - VERDE 355 (FLINT)', '#0000FF', NULL, NULL, NULL, NULL, NULL, NULL);
INSERT INTO CATCATCOL (CATCATCOL_NAME, CATCATCOL_COLOR_CODE, CATCATCOL_VALID_FROM, CATCATCOL_VALID_TO, CATCATCOL_CREATED_BY, CATCATCOL_UPDATED_BY, CATCATCOL_CREATED_AT, CATCATCOL_UPDATED_AT) VALUES ('NEGRO - NEGRO 9826 PROCESO TERMORESISTENTE (SUN CHEMICAL)', '#0000FF', NULL, NULL, NULL, NULL, NULL, NULL);
INSERT INTO CATCATCOL (CATCATCOL_NAME, CATCATCOL_COLOR_CODE, CATCATCOL_VALID_FROM, CATCATCOL_VALID_TO, CATCATCOL_CREATED_BY, CATCATCOL_UPDATED_BY, CATCATCOL_CREATED_AT, CATCATCOL_UPDATED_AT) VALUES ('NARANJA - F9850 AMARILLO 109 (SUN CHEMICAL) + 3 vasos ROJO 485 POLIBOND (FLINT)', '#0000FF', NULL, NULL, NULL, NULL, NULL, NULL);
INSERT INTO CATCATCOL (CATCATCOL_NAME, CATCATCOL_COLOR_CODE, CATCATCOL_VALID_FROM, CATCATCOL_VALID_TO, CATCATCOL_CREATED_BY, CATCATCOL_UPDATED_BY, CATCATCOL_CREATED_AT, CATCATCOL_UPDATED_AT) VALUES ('MAGENTA - 9891 ROJO 205 (SUN CHEMICAL) + 6 vasos de blanco', '#0000FF', NULL, NULL, NULL, NULL, NULL, NULL);
INSERT INTO CATCATCOL (CATCATCOL_NAME, CATCATCOL_COLOR_CODE, CATCATCOL_VALID_FROM, CATCATCOL_VALID_TO, CATCATCOL_CREATED_BY, CATCATCOL_UPDATED_BY, CATCATCOL_CREATED_AT, CATCATCOL_UPDATED_AT) VALUES ('VERDE - VERDE 355 (FLINT) + 4 vasos de blanco', '#0000FF', NULL, NULL, NULL, NULL, NULL, NULL);
INSERT INTO CATCATCOL (CATCATCOL_NAME, CATCATCOL_COLOR_CODE, CATCATCOL_VALID_FROM, CATCATCOL_VALID_TO, CATCATCOL_CREATED_BY, CATCATCOL_UPDATED_BY, CATCATCOL_CREATED_AT, CATCATCOL_UPDATED_AT) VALUES ('AMARILLO - 109 (FLINT) + 8 vasos de blanco', '#0000FF', NULL, NULL, NULL, NULL, NULL, NULL);
INSERT INTO CATCATCOL (CATCATCOL_NAME, CATCATCOL_COLOR_CODE, CATCATCOL_VALID_FROM, CATCATCOL_VALID_TO, CATCATCOL_CREATED_BY, CATCATCOL_UPDATED_BY, CATCATCOL_CREATED_AT, CATCATCOL_UPDATED_AT) VALUES ('NARANJA', '#0000FF', NULL, NULL, NULL, NULL, NULL, NULL);
INSERT INTO CATCATCOL (CATCATCOL_NAME, CATCATCOL_COLOR_CODE, CATCATCOL_VALID_FROM, CATCATCOL_VALID_TO, CATCATCOL_CREATED_BY, CATCATCOL_UPDATED_BY, CATCATCOL_CREATED_AT, CATCATCOL_UPDATED_AT) VALUES ('MORADO', '#0000FF', NULL, NULL, NULL, NULL, NULL, NULL);
INSERT INTO CATCATCOL (CATCATCOL_NAME, CATCATCOL_COLOR_CODE, CATCATCOL_VALID_FROM, CATCATCOL_VALID_TO, CATCATCOL_CREATED_BY, CATCATCOL_UPDATED_BY, CATCATCOL_CREATED_AT, CATCATCOL_UPDATED_AT) VALUES ('NARANJA 1505C (FLINT) + 6 VASOS DE BLANCO', '#0000FF', NULL, NULL, NULL, NULL, NULL, NULL);
INSERT INTO CATCATCOL (CATCATCOL_NAME, CATCATCOL_COLOR_CODE, CATCATCOL_VALID_FROM, CATCATCOL_VALID_TO, CATCATCOL_CREATED_BY, CATCATCOL_UPDATED_BY, CATCATCOL_CREATED_AT, CATCATCOL_UPDATED_AT) VALUES ('NARANJA 1505C (FLINT) + BLANCO', '#0000FF', NULL, NULL, NULL, NULL, NULL, NULL);
INSERT INTO CATCATCOL (CATCATCOL_NAME, CATCATCOL_COLOR_CODE, CATCATCOL_VALID_FROM, CATCATCOL_VALID_TO, CATCATCOL_CREATED_BY, CATCATCOL_UPDATED_BY, CATCATCOL_CREATED_AT, CATCATCOL_UPDATED_AT) VALUES ('MATRIZ OBSOLETA (VERDE)', '#0000FF', NULL, NULL, NULL, NULL, NULL, NULL);
INSERT INTO CATCATCOL (CATCATCOL_NAME, CATCATCOL_COLOR_CODE, CATCATCOL_VALID_FROM, CATCATCOL_VALID_TO, CATCATCOL_CREATED_BY, CATCATCOL_UPDATED_BY, CATCATCOL_CREATED_AT, CATCATCOL_UPDATED_AT) VALUES ('MATRIZ OBSOLETA (CAFÉ - ORO)', '#0000FF', NULL, NULL, NULL, NULL, NULL, NULL);
INSERT INTO CATCATCOL (CATCATCOL_NAME, CATCATCOL_COLOR_CODE, CATCATCOL_VALID_FROM, CATCATCOL_VALID_TO, CATCATCOL_CREATED_BY, CATCATCOL_UPDATED_BY, CATCATCOL_CREATED_AT, CATCATCOL_UPDATED_AT) VALUES ('BEIGE', '#0000FF', NULL, NULL, NULL, NULL, NULL, NULL);
INSERT INTO CATCATCOL (CATCATCOL_NAME, CATCATCOL_COLOR_CODE, CATCATCOL_VALID_FROM, CATCATCOL_VALID_TO, CATCATCOL_CREATED_BY, CATCATCOL_UPDATED_BY, CATCATCOL_CREATED_AT, CATCATCOL_UPDATED_AT) VALUES ('VERDE - VERDE 355 (SUN CHEMICAL)', '#0000FF', NULL, NULL, NULL, NULL, NULL, NULL);
INSERT INTO CATCATCOL (CATCATCOL_NAME, CATCATCOL_COLOR_CODE, CATCATCOL_VALID_FROM, CATCATCOL_VALID_TO, CATCATCOL_CREATED_BY, CATCATCOL_UPDATED_BY, CATCATCOL_CREATED_AT, CATCATCOL_UPDATED_AT) VALUES ('CAFÉ - ORO', '#0000FF', NULL, NULL, NULL, NULL, NULL, NULL);
INSERT INTO CATCATCOL (CATCATCOL_NAME, CATCATCOL_COLOR_CODE, CATCATCOL_VALID_FROM, CATCATCOL_VALID_TO, CATCATCOL_CREATED_BY, CATCATCOL_UPDATED_BY, CATCATCOL_CREATED_AT, CATCATCOL_UPDATED_AT) VALUES ('ROJO - T9895 ROJO 205', '#0000FF', NULL, NULL, NULL, NULL, NULL, NULL);
INSERT INTO CATCATCOL (CATCATCOL_NAME, CATCATCOL_COLOR_CODE, CATCATCOL_VALID_FROM, CATCATCOL_VALID_TO, CATCATCOL_CREATED_BY, CATCATCOL_UPDATED_BY, CATCATCOL_CREATED_AT, CATCATCOL_UPDATED_AT) VALUES ('AMARILLO 109 POLYGLOSS (FLINT)', '#0000FF', NULL, NULL, NULL, NULL, NULL, NULL);
INSERT INTO CATCATCOL (CATCATCOL_NAME, CATCATCOL_COLOR_CODE, CATCATCOL_VALID_FROM, CATCATCOL_VALID_TO, CATCATCOL_CREATED_BY, CATCATCOL_UPDATED_BY, CATCATCOL_CREATED_AT, CATCATCOL_UPDATED_AT) VALUES ('VERDE: 1/2 VERDE 355 SUNCHEMICAL + 1/2 BLANCO', '#0000FF', NULL, NULL, NULL, NULL, NULL, NULL);
INSERT INTO CATCATCOL (CATCATCOL_NAME, CATCATCOL_COLOR_CODE, CATCATCOL_VALID_FROM, CATCATCOL_VALID_TO, CATCATCOL_CREATED_BY, CATCATCOL_UPDATED_BY, CATCATCOL_CREATED_AT, CATCATCOL_UPDATED_AT) VALUES ('AMARILLO - VCY 190 AMARILLO 109 POLYGLOSS', '#0000FF', NULL, NULL, NULL, NULL, NULL, NULL);
INSERT INTO CATCATCOL (CATCATCOL_NAME, CATCATCOL_COLOR_CODE, CATCATCOL_VALID_FROM, CATCATCOL_VALID_TO, CATCATCOL_CREATED_BY, CATCATCOL_UPDATED_BY, CATCATCOL_CREATED_AT, CATCATCOL_UPDATED_AT) VALUES ('VERDE - 1/2 VCG 195 VERDE 355 POLYGLOSS + 1/2 VERDE 355 (SUNCHEMICAL)', '#0000FF', NULL, NULL, NULL, NULL, NULL, NULL);
INSERT INTO CATCATCOL (CATCATCOL_NAME, CATCATCOL_COLOR_CODE, CATCATCOL_VALID_FROM, CATCATCOL_VALID_TO, CATCATCOL_CREATED_BY, CATCATCOL_UPDATED_BY, CATCATCOL_CREATED_AT, CATCATCOL_UPDATED_AT) VALUES ('MORADA-ROSADA', '#0000FF', NULL, NULL, NULL, NULL, NULL, NULL);
INSERT INTO CATCATCOL (CATCATCOL_NAME, CATCATCOL_COLOR_CODE, CATCATCOL_VALID_FROM, CATCATCOL_VALID_TO, CATCATCOL_CREATED_BY, CATCATCOL_UPDATED_BY, CATCATCOL_CREATED_AT, CATCATCOL_UPDATED_AT) VALUES ('AZUL (Z8)', '#0000FF', NULL, NULL, NULL, NULL, NULL, NULL);
INSERT INTO CATCATCOL (CATCATCOL_NAME, CATCATCOL_COLOR_CODE, CATCATCOL_VALID_FROM, CATCATCOL_VALID_TO, CATCATCOL_CREATED_BY, CATCATCOL_UPDATED_BY, CATCATCOL_CREATED_AT, CATCATCOL_UPDATED_AT) VALUES ('NARANJA 1505C (FLINT) + BLANCO + AMARILLO 109 (SUN CHEMICAL)', '#0000FF', NULL, NULL, NULL, NULL, NULL, NULL);
INSERT INTO CATCATCOL (CATCATCOL_NAME, CATCATCOL_COLOR_CODE, CATCATCOL_VALID_FROM, CATCATCOL_VALID_TO, CATCATCOL_CREATED_BY, CATCATCOL_UPDATED_BY, CATCATCOL_CREATED_AT, CATCATCOL_UPDATED_AT) VALUES ('3/4 AMARILLO 109 + 1/4 BLANCO', '#0000FF', NULL, NULL, NULL, NULL, NULL, NULL);
INSERT INTO CATCATCOL (CATCATCOL_NAME, CATCATCOL_COLOR_CODE, CATCATCOL_VALID_FROM, CATCATCOL_VALID_TO, CATCATCOL_CREATED_BY, CATCATCOL_UPDATED_BY, CATCATCOL_CREATED_AT, CATCATCOL_UPDATED_AT) VALUES ('1/2 AMARILLO 109 + 1/2 BLANCO', '#0000FF', NULL, NULL, NULL, NULL, NULL, NULL);
INSERT INTO CATCATCOL (CATCATCOL_NAME, CATCATCOL_COLOR_CODE, CATCATCOL_VALID_FROM, CATCATCOL_VALID_TO, CATCATCOL_CREATED_BY, CATCATCOL_UPDATED_BY, CATCATCOL_CREATED_AT, CATCATCOL_UPDATED_AT) VALUES ('CELESTE 9830 (SunChemical) + 10 VASOS BLANCO', '#0000FF', NULL, NULL, NULL, NULL, NULL, NULL);
INSERT INTO CATCATCOL (CATCATCOL_NAME, CATCATCOL_COLOR_CODE, CATCATCOL_VALID_FROM, CATCATCOL_VALID_TO, CATCATCOL_CREATED_BY, CATCATCOL_UPDATED_BY, CATCATCOL_CREATED_AT, CATCATCOL_UPDATED_AT) VALUES ('AMARILLO 109 (FLINT) + 5 VASOS BLANCO + 5 VASOS NARANJA 1505C (FLINT)', '#0000FF', NULL, NULL, NULL, NULL, NULL, NULL);
INSERT INTO CATCATCOL (CATCATCOL_NAME, CATCATCOL_COLOR_CODE, CATCATCOL_VALID_FROM, CATCATCOL_VALID_TO, CATCATCOL_CREATED_BY, CATCATCOL_UPDATED_BY, CATCATCOL_CREATED_AT, CATCATCOL_UPDATED_AT) VALUES ('CELESTE', '#0000FF', NULL, NULL, NULL, NULL, NULL, NULL);
INSERT INTO CATCATCOL (CATCATCOL_NAME, CATCATCOL_COLOR_CODE, CATCATCOL_VALID_FROM, CATCATCOL_VALID_TO, CATCATCOL_CREATED_BY, CATCATCOL_UPDATED_BY, CATCATCOL_CREATED_AT, CATCATCOL_UPDATED_AT) VALUES ('MARRON CLARO', '#0000FF', NULL, NULL, NULL, NULL, NULL, NULL);
INSERT INTO CATCATCOL (CATCATCOL_NAME, CATCATCOL_COLOR_CODE, CATCATCOL_VALID_FROM, CATCATCOL_VALID_TO, CATCATCOL_CREATED_BY, CATCATCOL_UPDATED_BY, CATCATCOL_CREATED_AT, CATCATCOL_UPDATED_AT) VALUES ('MORADO (2 PARTES AZUL T9814 CYAN TERMO + 1 PARTE VCR 5550 ROJO 485 POLIBOND)', '#0000FF', NULL, NULL, NULL, NULL, NULL, NULL);
INSERT INTO CATCATCOL (CATCATCOL_NAME, CATCATCOL_COLOR_CODE, CATCATCOL_VALID_FROM, CATCATCOL_VALID_TO, CATCATCOL_CREATED_BY, CATCATCOL_UPDATED_BY, CATCATCOL_CREATED_AT, CATCATCOL_UPDATED_AT) VALUES ('FUCSIA', '#0000FF', NULL, NULL, NULL, NULL, NULL, NULL);
INSERT INTO CATCATCOL (CATCATCOL_NAME, CATCATCOL_COLOR_CODE, CATCATCOL_VALID_FROM, CATCATCOL_VALID_TO, CATCATCOL_CREATED_BY, CATCATCOL_UPDATED_BY, CATCATCOL_CREATED_AT, CATCATCOL_UPDATED_AT) VALUES ('MORADO (80%Narnaja + 20%Azul)', '#0000FF', NULL, NULL, NULL, NULL, NULL, NULL);
INSERT INTO CATCATCOL (CATCATCOL_NAME, CATCATCOL_COLOR_CODE, CATCATCOL_VALID_FROM, CATCATCOL_VALID_TO, CATCATCOL_CREATED_BY, CATCATCOL_UPDATED_BY, CATCATCOL_CREATED_AT, CATCATCOL_UPDATED_AT) VALUES ('GRIS', '#0000FF', NULL, NULL, NULL, NULL, NULL, NULL);
INSERT INTO CATCATCOL (CATCATCOL_NAME, CATCATCOL_COLOR_CODE, CATCATCOL_VALID_FROM, CATCATCOL_VALID_TO, CATCATCOL_CREATED_BY, CATCATCOL_UPDATED_BY, CATCATCOL_CREATED_AT, CATCATCOL_UPDATED_AT) VALUES ('GRIS o VIOLETA PASTEL', '#0000FF', NULL, NULL, NULL, NULL, NULL, NULL);
INSERT INTO CATCATCOL (CATCATCOL_NAME, CATCATCOL_COLOR_CODE, CATCATCOL_VALID_FROM, CATCATCOL_VALID_TO, CATCATCOL_CREATED_BY, CATCATCOL_UPDATED_BY, CATCATCOL_CREATED_AT, CATCATCOL_UPDATED_AT) VALUES ('VIOLETA', '#0000FF', NULL, NULL, NULL, NULL, NULL, NULL);
INSERT INTO CATCATCOL (CATCATCOL_NAME, CATCATCOL_COLOR_CODE, CATCATCOL_VALID_FROM, CATCATCOL_VALID_TO, CATCATCOL_CREATED_BY, CATCATCOL_UPDATED_BY, CATCATCOL_CREATED_AT, CATCATCOL_UPDATED_AT) VALUES ('COLOR 2 (OBSCURECIDO)', '#0000FF', NULL, NULL, NULL, NULL, NULL, NULL);
INSERT INTO CATCATCOL (CATCATCOL_NAME, CATCATCOL_COLOR_CODE, CATCATCOL_VALID_FROM, CATCATCOL_VALID_TO, CATCATCOL_CREATED_BY, CATCATCOL_UPDATED_BY, CATCATCOL_CREATED_AT, CATCATCOL_UPDATED_AT) VALUES ('DORADO', '#0000FF', NULL, NULL, NULL, NULL, NULL, NULL);
INSERT INTO CATCATCOL (CATCATCOL_NAME, CATCATCOL_COLOR_CODE, CATCATCOL_VALID_FROM, CATCATCOL_VALID_TO, CATCATCOL_CREATED_BY, CATCATCOL_UPDATED_BY, CATCATCOL_CREATED_AT, CATCATCOL_UPDATED_AT) VALUES ('GRIS o VERDE OBSCURO', '#0000FF', NULL, NULL, NULL, NULL, NULL, NULL);
INSERT INTO CATCATCOL (CATCATCOL_NAME, CATCATCOL_COLOR_CODE, CATCATCOL_VALID_FROM, CATCATCOL_VALID_TO, CATCATCOL_CREATED_BY, CATCATCOL_UPDATED_BY, CATCATCOL_CREATED_AT, CATCATCOL_UPDATED_AT) VALUES ('GRIS o NARANJA PASTEL', '#0000FF', NULL, NULL, NULL, NULL, NULL, NULL);
INSERT INTO CATCATCOL (CATCATCOL_NAME, CATCATCOL_COLOR_CODE, CATCATCOL_VALID_FROM, CATCATCOL_VALID_TO, CATCATCOL_CREATED_BY, CATCATCOL_UPDATED_BY, CATCATCOL_CREATED_AT, CATCATCOL_UPDATED_AT) VALUES ('GRIS o NARANJA OBSCURO', '#0000FF', NULL, NULL, NULL, NULL, NULL, NULL);
INSERT INTO CATCATCOL (CATCATCOL_NAME, CATCATCOL_COLOR_CODE, CATCATCOL_VALID_FROM, CATCATCOL_VALID_TO, CATCATCOL_CREATED_BY, CATCATCOL_UPDATED_BY, CATCATCOL_CREATED_AT, CATCATCOL_UPDATED_AT) VALUES ('VINO', '#0000FF', NULL, NULL, NULL, NULL, NULL, NULL);
INSERT INTO CATCATCOL (CATCATCOL_NAME, CATCATCOL_COLOR_CODE, CATCATCOL_VALID_FROM, CATCATCOL_VALID_TO, CATCATCOL_CREATED_BY, CATCATCOL_UPDATED_BY, CATCATCOL_CREATED_AT, CATCATCOL_UPDATED_AT) VALUES ('HABANO', '#0000FF', NULL, NULL, NULL, NULL, NULL, NULL);
INSERT INTO CATCATCOL (CATCATCOL_NAME, CATCATCOL_COLOR_CODE, CATCATCOL_VALID_FROM, CATCATCOL_VALID_TO, CATCATCOL_CREATED_BY, CATCATCOL_UPDATED_BY, CATCATCOL_CREATED_AT, CATCATCOL_UPDATED_AT) VALUES ('MAGENTA', '#0000FF', NULL, NULL, NULL, NULL, NULL, NULL);
INSERT INTO CATCATCOL (CATCATCOL_NAME, CATCATCOL_COLOR_CODE, CATCATCOL_VALID_FROM, CATCATCOL_VALID_TO, CATCATCOL_CREATED_BY, CATCATCOL_UPDATED_BY, CATCATCOL_CREATED_AT, CATCATCOL_UPDATED_AT) VALUES ('AZUL MARINO', '#0000FF', NULL, NULL, NULL, NULL, NULL, NULL);
INSERT INTO CATCATCOL (CATCATCOL_NAME, CATCATCOL_COLOR_CODE, CATCATCOL_VALID_FROM, CATCATCOL_VALID_TO, CATCATCOL_CREATED_BY, CATCATCOL_UPDATED_BY, CATCATCOL_CREATED_AT, CATCATCOL_UPDATED_AT) VALUES ('ORO', '#0000FF', NULL, NULL, NULL, NULL, NULL, NULL);
INSERT INTO CATCATCOL (CATCATCOL_NAME, CATCATCOL_COLOR_CODE, CATCATCOL_VALID_FROM, CATCATCOL_VALID_TO, CATCATCOL_CREATED_BY, CATCATCOL_UPDATED_BY, CATCATCOL_CREATED_AT, CATCATCOL_UPDATED_AT) VALUES ('MORADA PASTEL', '#0000FF', NULL, NULL, NULL, NULL, NULL, NULL);
INSERT INTO CATCATCOL (CATCATCOL_NAME, CATCATCOL_COLOR_CODE, CATCATCOL_VALID_FROM, CATCATCOL_VALID_TO, CATCATCOL_CREATED_BY, CATCATCOL_UPDATED_BY, CATCATCOL_CREATED_AT, CATCATCOL_UPDATED_AT) VALUES ('MARRON', '#0000FF', NULL, NULL, NULL, NULL, NULL, NULL);
INSERT INTO CATCATCOL (CATCATCOL_NAME, CATCATCOL_COLOR_CODE, CATCATCOL_VALID_FROM, CATCATCOL_VALID_TO, CATCATCOL_CREATED_BY, CATCATCOL_UPDATED_BY, CATCATCOL_CREATED_AT, CATCATCOL_UPDATED_AT) VALUES ('TURQUESA', '#0000FF', NULL, NULL, NULL, NULL, NULL, NULL);
