/*==============================================================*/
/* Import: CATFAB Catalogos fabricantes                         */
/*==============================================================*/
INSERT INTO CATFAB (CATFAB_NAME) VALUES ('R&M');
INSERT INTO CATFAB (CATFAB_NAME) VALUES ('MBACH');

/*==============================================================*/
/* Import: CATMAQ_CAT Catalogos máquinas                            */
/*==============================================================*/
INSERT INTO CATMAQ_CAT ( CATMAQ_CAT_NAME) VALUES ( 'EXTRUSORA');
INSERT INTO CATMAQ_CAT ( CATMAQ_CAT_NAME) VALUES ( 'TROQUELADORA');
INSERT INTO CATMAQ_CAT ( CATMAQ_CAT_NAME) VALUES ( 'PELLETISADORA');

/*==============================================================*/
/* Import: CATMAQ Máquinas                            */
/*==============================================================*/
INSERT INTO CATMAQ (XID_CATMAQ_CAT_CODE, CATMAQ_HAS_DESB, CATMAQ_NAME) VALUES (2 ,TRUE, 'Mq01 TH');
INSERT INTO CATMAQ (XID_CATMAQ_CAT_CODE, CATMAQ_HAS_DESB, CATMAQ_NAME) VALUES (2 ,FALSE, 'Mq05 WI');
INSERT INTO CATMAQ (XID_CATMAQ_CAT_CODE, CATMAQ_HAS_DESB, CATMAQ_NAME) VALUES (2 ,FALSE, 'Mq04 DC');
INSERT INTO CATMAQ (XID_CATMAQ_CAT_CODE, CATMAQ_HAS_DESB, CATMAQ_NAME) VALUES (2 ,FALSE, 'Mq03 LS');
INSERT INTO CATMAQ (XID_CATMAQ_CAT_CODE, CATMAQ_HAS_DESB, CATMAQ_NAME) VALUES (2 ,FALSE, 'CORTE MANUAL');

/*==============================================================*/
/* Import: CATTROSTA Catalogos estados                          */
/*==============================================================*/
INSERT INTO CATSTATUS (ID_CATSTATUS_CODE, CATSTATUS_NAME, CATSTATUS_VALID_FROM, CATSTATUS_COLOR, CATSTATUS_BACKGROUND_COLOR, CATSTATUS_TYPE, CATSTATUS_IS_VISIBLE, CATSTATUS_IS_DEFAULT, CATSTATUS_INDEX, CATSTATUS_VALID_TO, CATSTATUS_CREATED_BY, CATSTATUS_UPDATED_BY, CATSTATUS_CREATED_AT, CATSTATUS_UPDATED_AT) VALUES ('VI', 'VIGENTE', NULL, '#256029', '#C8E6C9', 'T', TRUE, FALSE, 2, NULL, NULL, NULL, NULL, NULL);
INSERT INTO CATSTATUS (ID_CATSTATUS_CODE, CATSTATUS_NAME, CATSTATUS_VALID_FROM, CATSTATUS_COLOR, CATSTATUS_BACKGROUND_COLOR, CATSTATUS_TYPE, CATSTATUS_IS_VISIBLE, CATSTATUS_IS_DEFAULT, CATSTATUS_INDEX, CATSTATUS_VALID_TO, CATSTATUS_CREATED_BY, CATSTATUS_UPDATED_BY, CATSTATUS_CREATED_AT, CATSTATUS_UPDATED_AT) VALUES ('OB', 'OBSOLETO', NULL, '#C63737', '#FFCDD2', 'T', FALSE, FALSE, 3, NULL, NULL, NULL, NULL, NULL);
INSERT INTO CATSTATUS (ID_CATSTATUS_CODE, CATSTATUS_NAME, CATSTATUS_VALID_FROM, CATSTATUS_COLOR, CATSTATUS_BACKGROUND_COLOR, CATSTATUS_TYPE, CATSTATUS_IS_VISIBLE, CATSTATUS_IS_DEFAULT, CATSTATUS_INDEX, CATSTATUS_VALID_TO, CATSTATUS_CREATED_BY, CATSTATUS_UPDATED_BY, CATSTATUS_CREATED_AT, CATSTATUS_UPDATED_AT) VALUES ('PE', 'PENDIENTE', NULL, '#23547B', '#B3E5FC', 'T', TRUE, TRUE, 1, NULL, NULL, NULL, NULL, NULL);
INSERT INTO CATSTATUS (ID_CATSTATUS_CODE, CATSTATUS_NAME, CATSTATUS_VALID_FROM, CATSTATUS_COLOR, CATSTATUS_BACKGROUND_COLOR, CATSTATUS_TYPE, CATSTATUS_IS_VISIBLE, CATSTATUS_IS_DEFAULT, CATSTATUS_INDEX, CATSTATUS_VALID_TO, CATSTATUS_CREATED_BY, CATSTATUS_UPDATED_BY, CATSTATUS_CREATED_AT, CATSTATUS_UPDATED_AT) VALUES ('IN', 'INDEFINIDO', NULL, '#805B36', '#FFD8B2', 'T', TRUE, FALSE, 4, NULL, NULL, NULL, NULL, NULL);
INSERT INTO CATSTATUS (ID_CATSTATUS_CODE, CATSTATUS_NAME, CATSTATUS_VALID_FROM, CATSTATUS_COLOR, CATSTATUS_BACKGROUND_COLOR, CATSTATUS_TYPE, CATSTATUS_IS_VISIBLE, CATSTATUS_IS_DEFAULT, CATSTATUS_INDEX, CATSTATUS_VALID_TO, CATSTATUS_CREATED_BY, CATSTATUS_UPDATED_BY, CATSTATUS_CREATED_AT, CATSTATUS_UPDATED_AT) VALUES ('PEP', 'PENDIENTE', NULL, '#805B36', '#FFD8B2', 'P', TRUE, TRUE, 1, NULL, NULL, NULL, NULL, NULL);
INSERT INTO CATSTATUS (ID_CATSTATUS_CODE, CATSTATUS_NAME, CATSTATUS_VALID_FROM, CATSTATUS_COLOR, CATSTATUS_BACKGROUND_COLOR, CATSTATUS_TYPE, CATSTATUS_IS_VISIBLE, CATSTATUS_IS_DEFAULT, CATSTATUS_INDEX, CATSTATUS_VALID_TO, CATSTATUS_CREATED_BY, CATSTATUS_UPDATED_BY, CATSTATUS_CREATED_AT, CATSTATUS_UPDATED_AT) VALUES ('PIP', 'POR INICIAR', NULL, '#8A5340', '#FEEDAF', 'P', TRUE, FALSE, 2, NULL, NULL, NULL, NULL, NULL);
INSERT INTO CATSTATUS (ID_CATSTATUS_CODE, CATSTATUS_NAME, CATSTATUS_VALID_FROM, CATSTATUS_COLOR, CATSTATUS_BACKGROUND_COLOR, CATSTATUS_TYPE, CATSTATUS_IS_VISIBLE, CATSTATUS_IS_DEFAULT, CATSTATUS_INDEX, CATSTATUS_VALID_TO, CATSTATUS_CREATED_BY, CATSTATUS_UPDATED_BY, CATSTATUS_CREATED_AT, CATSTATUS_UPDATED_AT) VALUES ('TEP', 'TERMINADO', NULL, '#256029', '#C8E6C9', 'P', TRUE, FALSE, 4, NULL, NULL, NULL, NULL, NULL);
INSERT INTO CATSTATUS (ID_CATSTATUS_CODE, CATSTATUS_NAME, CATSTATUS_VALID_FROM, CATSTATUS_COLOR, CATSTATUS_BACKGROUND_COLOR, CATSTATUS_TYPE, CATSTATUS_IS_VISIBLE, CATSTATUS_IS_DEFAULT, CATSTATUS_INDEX, CATSTATUS_VALID_TO, CATSTATUS_CREATED_BY, CATSTATUS_UPDATED_BY, CATSTATUS_CREATED_AT, CATSTATUS_UPDATED_AT) VALUES ('DEP', 'DESPACHADO', NULL, NULL, NULL, 'P', FALSE, FALSE, 5, NULL, NULL, NULL, NULL, NULL);
INSERT INTO CATSTATUS (ID_CATSTATUS_CODE, CATSTATUS_NAME, CATSTATUS_VALID_FROM, CATSTATUS_COLOR, CATSTATUS_BACKGROUND_COLOR, CATSTATUS_TYPE, CATSTATUS_IS_VISIBLE, CATSTATUS_IS_DEFAULT, CATSTATUS_INDEX, CATSTATUS_VALID_TO, CATSTATUS_CREATED_BY, CATSTATUS_UPDATED_BY, CATSTATUS_CREATED_AT, CATSTATUS_UPDATED_AT) VALUES ('CAP', 'CANCELADO', NULL, '#C63737', '#FFCDD2', 'P', FALSE, FALSE, 6, NULL, NULL, NULL, NULL, NULL);
INSERT INTO CATSTATUS (ID_CATSTATUS_CODE, CATSTATUS_NAME, CATSTATUS_VALID_FROM, CATSTATUS_COLOR, CATSTATUS_BACKGROUND_COLOR, CATSTATUS_TYPE, CATSTATUS_IS_VISIBLE, CATSTATUS_IS_DEFAULT, CATSTATUS_INDEX, CATSTATUS_VALID_TO, CATSTATUS_CREATED_BY, CATSTATUS_UPDATED_BY, CATSTATUS_CREATED_AT, CATSTATUS_UPDATED_AT) VALUES ('EPP', 'EN PROCESO', NULL, '#23547B', '#B3E5FC', 'P', TRUE, FALSE, 3, NULL, NULL, NULL, NULL, NULL);
INSERT INTO CATSTATUS (ID_CATSTATUS_CODE, CATSTATUS_NAME, CATSTATUS_VALID_FROM, CATSTATUS_COLOR, CATSTATUS_BACKGROUND_COLOR, CATSTATUS_TYPE, CATSTATUS_IS_VISIBLE, CATSTATUS_IS_DEFAULT, CATSTATUS_INDEX, CATSTATUS_VALID_TO, CATSTATUS_CREATED_BY, CATSTATUS_UPDATED_BY, CATSTATUS_CREATED_AT, CATSTATUS_UPDATED_AT) VALUES ('PTVI', 'VIGENTE', NULL, '#256029', '#C8E6C9', 'PT', TRUE, FALSE, 2, NULL, NULL, NULL, NULL, NULL);
INSERT INTO CATSTATUS (ID_CATSTATUS_CODE, CATSTATUS_NAME, CATSTATUS_VALID_FROM, CATSTATUS_COLOR, CATSTATUS_BACKGROUND_COLOR, CATSTATUS_TYPE, CATSTATUS_IS_VISIBLE, CATSTATUS_IS_DEFAULT, CATSTATUS_INDEX, CATSTATUS_VALID_TO, CATSTATUS_CREATED_BY, CATSTATUS_UPDATED_BY, CATSTATUS_CREATED_AT, CATSTATUS_UPDATED_AT) VALUES ('PTOB', 'OBSOLETO', NULL, '#C63737', '#FFCDD2', 'PT', FALSE, FALSE, 3, NULL, NULL, NULL, NULL, NULL);
INSERT INTO CATSTATUS (ID_CATSTATUS_CODE, CATSTATUS_NAME, CATSTATUS_VALID_FROM, CATSTATUS_COLOR, CATSTATUS_BACKGROUND_COLOR, CATSTATUS_TYPE, CATSTATUS_IS_VISIBLE, CATSTATUS_IS_DEFAULT, CATSTATUS_INDEX, CATSTATUS_VALID_TO, CATSTATUS_CREATED_BY, CATSTATUS_UPDATED_BY, CATSTATUS_CREATED_AT, CATSTATUS_UPDATED_AT) VALUES ('PTPE', 'PENDIENTE', NULL, '#23547B', '#B3E5FC', 'PT', TRUE, TRUE, 1, NULL, NULL, NULL, NULL, NULL);
INSERT INTO CATSTATUS (ID_CATSTATUS_CODE, CATSTATUS_NAME, CATSTATUS_VALID_FROM, CATSTATUS_COLOR, CATSTATUS_BACKGROUND_COLOR, CATSTATUS_TYPE, CATSTATUS_IS_VISIBLE, CATSTATUS_IS_DEFAULT, CATSTATUS_INDEX, CATSTATUS_VALID_TO, CATSTATUS_CREATED_BY, CATSTATUS_UPDATED_BY, CATSTATUS_CREATED_AT, CATSTATUS_UPDATED_AT) VALUES ('PTIN', 'INDEFINIDO', NULL, '#805B36', '#FFD8B2', 'PT', TRUE, FALSE, 4, NULL, NULL, NULL, NULL, NULL);
INSERT INTO CATSTATUS (ID_CATSTATUS_CODE, CATSTATUS_NAME, CATSTATUS_VALID_FROM, CATSTATUS_COLOR, CATSTATUS_BACKGROUND_COLOR, CATSTATUS_TYPE, CATSTATUS_IS_VISIBLE, CATSTATUS_IS_DEFAULT, CATSTATUS_INDEX, CATSTATUS_VALID_TO, CATSTATUS_CREATED_BY, CATSTATUS_UPDATED_BY, CATSTATUS_CREATED_AT, CATSTATUS_UPDATED_AT) VALUES ('CIVI', 'VIGENTE', NULL, '#256029', '#C8E6C9', 'CI', TRUE, FALSE, 2, NULL, NULL, NULL, NULL, NULL);
INSERT INTO CATSTATUS (ID_CATSTATUS_CODE, CATSTATUS_NAME, CATSTATUS_VALID_FROM, CATSTATUS_COLOR, CATSTATUS_BACKGROUND_COLOR, CATSTATUS_TYPE, CATSTATUS_IS_VISIBLE, CATSTATUS_IS_DEFAULT, CATSTATUS_INDEX, CATSTATUS_VALID_TO, CATSTATUS_CREATED_BY, CATSTATUS_UPDATED_BY, CATSTATUS_CREATED_AT, CATSTATUS_UPDATED_AT) VALUES ('CIOB', 'OBSOLETO', NULL, '#C63737', '#FFCDD2', 'CI', FALSE, FALSE, 3, NULL, NULL, NULL, NULL, NULL);
INSERT INTO CATSTATUS (ID_CATSTATUS_CODE, CATSTATUS_NAME, CATSTATUS_VALID_FROM, CATSTATUS_COLOR, CATSTATUS_BACKGROUND_COLOR, CATSTATUS_TYPE, CATSTATUS_IS_VISIBLE, CATSTATUS_IS_DEFAULT, CATSTATUS_INDEX, CATSTATUS_VALID_TO, CATSTATUS_CREATED_BY, CATSTATUS_UPDATED_BY, CATSTATUS_CREATED_AT, CATSTATUS_UPDATED_AT) VALUES ('CIPE', 'PENDIENTE', NULL, '#23547B', '#B3E5FC', 'CI', TRUE, TRUE, 1, NULL, NULL, NULL, NULL, NULL);
INSERT INTO CATSTATUS (ID_CATSTATUS_CODE, CATSTATUS_NAME, CATSTATUS_VALID_FROM, CATSTATUS_COLOR, CATSTATUS_BACKGROUND_COLOR, CATSTATUS_TYPE, CATSTATUS_IS_VISIBLE, CATSTATUS_IS_DEFAULT, CATSTATUS_INDEX, CATSTATUS_VALID_TO, CATSTATUS_CREATED_BY, CATSTATUS_UPDATED_BY, CATSTATUS_CREATED_AT, CATSTATUS_UPDATED_AT) VALUES ('CIIN', 'INDEFINIDO', NULL, '#805B36', '#FFD8B2', 'CI', TRUE, FALSE, 4, NULL, NULL, NULL, NULL, NULL);

/*==============================================================*/
/* Import: CATPRODTRO Catalogos prod troquelado                 */
/*==============================================================*/
INSERT INTO CATPRODTRO (XID_CATSTATUS_CODE, CATPRODTRO_PTROQ, CATPRODTRO_NAME, CATPRODTRO_AREA, CATPRODTRO_LENGTH, CATPRODTRO_WIDTH, CATPRODTRO_GSMDIS, CATPRODTRO_VALID_FROM, CATPRODTRO_VALID_TO, CATPRODTRO_CREATED_BY, CATPRODTRO_UPDATED_BY, CATPRODTRO_CREATED_AT, CATPRODTRO_UPDATED_AT) VALUES ('PTVI', 'F001', 'Lam Separador 1.20x1.00', 1.204, 1200, 1000, 900, NULL, NULL, NULL, NULL, NULL, NULL);
INSERT INTO CATPRODTRO (XID_CATSTATUS_CODE, CATPRODTRO_PTROQ, CATPRODTRO_NAME, CATPRODTRO_AREA, CATPRODTRO_LENGTH, CATPRODTRO_WIDTH, CATPRODTRO_GSMDIS, CATPRODTRO_VALID_FROM, CATPRODTRO_VALID_TO, CATPRODTRO_CREATED_BY, CATPRODTRO_UPDATED_BY, CATPRODTRO_CREATED_AT, CATPRODTRO_UPDATED_AT) VALUES ('PTVI', 'F001B', 'Lam Separador 1.50x1.00', 1.5055, 1500, 1000, 900, NULL, NULL, NULL, NULL, NULL, NULL);
INSERT INTO CATPRODTRO (XID_CATSTATUS_CODE, CATPRODTRO_PTROQ, CATPRODTRO_NAME, CATPRODTRO_AREA, CATPRODTRO_LENGTH, CATPRODTRO_WIDTH, CATPRODTRO_GSMDIS, CATPRODTRO_VALID_FROM, CATPRODTRO_VALID_TO, CATPRODTRO_CREATED_BY, CATPRODTRO_UPDATED_BY, CATPRODTRO_CREATED_AT, CATPRODTRO_UPDATED_AT) VALUES ('PTOB', 'F002', 'Bandeja pitahaya apilable 40.5x30.5x8.5', 0, NULL, NULL, NULL, NULL, NULL, NULL, NULL, NULL, NULL);
INSERT INTO CATPRODTRO (XID_CATSTATUS_CODE, CATPRODTRO_PTROQ, CATPRODTRO_NAME, CATPRODTRO_AREA, CATPRODTRO_LENGTH, CATPRODTRO_WIDTH, CATPRODTRO_GSMDIS, CATPRODTRO_VALID_FROM, CATPRODTRO_VALID_TO, CATPRODTRO_CREATED_BY, CATPRODTRO_UPDATED_BY, CATPRODTRO_CREATED_AT, CATPRODTRO_UPDATED_AT) VALUES ('PTOB', 'F003', 'BANDEJA FRUTILLAS APILABLE 49.6x28.8x7.5', 0, NULL, NULL, NULL, NULL, NULL, NULL, NULL, NULL, NULL);
INSERT INTO CATPRODTRO (XID_CATSTATUS_CODE, CATPRODTRO_PTROQ, CATPRODTRO_NAME, CATPRODTRO_AREA, CATPRODTRO_LENGTH, CATPRODTRO_WIDTH, CATPRODTRO_GSMDIS, CATPRODTRO_VALID_FROM, CATPRODTRO_VALID_TO, CATPRODTRO_CREATED_BY, CATPRODTRO_UPDATED_BY, CATPRODTRO_CREATED_AT, CATPRODTRO_UPDATED_AT) VALUES ('PTOB', 'F004', 'MEDIA CAJA 68.5x46x29', 0, NULL, NULL, NULL, NULL, NULL, NULL, NULL, NULL, NULL);
INSERT INTO CATPRODTRO (XID_CATSTATUS_CODE, CATPRODTRO_PTROQ, CATPRODTRO_NAME, CATPRODTRO_AREA, CATPRODTRO_LENGTH, CATPRODTRO_WIDTH, CATPRODTRO_GSMDIS, CATPRODTRO_VALID_FROM, CATPRODTRO_VALID_TO, CATPRODTRO_CREATED_BY, CATPRODTRO_UPDATED_BY, CATPRODTRO_CREATED_AT, CATPRODTRO_UPDATED_AT) VALUES ('PTOB', 'F005', 'BANDEJA FLORES ESPECIAL - TAPA (OBSOLETO)', 0, NULL, NULL, NULL, NULL, NULL, NULL, NULL, NULL, NULL);
INSERT INTO CATPRODTRO (XID_CATSTATUS_CODE, CATPRODTRO_PTROQ, CATPRODTRO_NAME, CATPRODTRO_AREA, CATPRODTRO_LENGTH, CATPRODTRO_WIDTH, CATPRODTRO_GSMDIS, CATPRODTRO_VALID_FROM, CATPRODTRO_VALID_TO, CATPRODTRO_CREATED_BY, CATPRODTRO_UPDATED_BY, CATPRODTRO_CREATED_AT, CATPRODTRO_UPDATED_AT) VALUES ('PTOB', 'F006', 'BANDEJA FLORES ESPECIAL - BASE (OBSOLETO)', 0, NULL, NULL, NULL, NULL, NULL, NULL, NULL, NULL, NULL);
INSERT INTO CATPRODTRO (XID_CATSTATUS_CODE, CATPRODTRO_PTROQ, CATPRODTRO_NAME, CATPRODTRO_AREA, CATPRODTRO_LENGTH, CATPRODTRO_WIDTH, CATPRODTRO_GSMDIS, CATPRODTRO_VALID_FROM, CATPRODTRO_VALID_TO, CATPRODTRO_CREATED_BY, CATPRODTRO_UPDATED_BY, CATPRODTRO_CREATED_AT, CATPRODTRO_UPDATED_AT) VALUES ('PTOB', 'F007', 'BANDEJA PERFORADA 6kg (1ra VERSION)', 0, NULL, NULL, NULL, NULL, NULL, NULL, NULL, NULL, NULL);
INSERT INTO CATPRODTRO (XID_CATSTATUS_CODE, CATPRODTRO_PTROQ, CATPRODTRO_NAME, CATPRODTRO_AREA, CATPRODTRO_LENGTH, CATPRODTRO_WIDTH, CATPRODTRO_GSMDIS, CATPRODTRO_VALID_FROM, CATPRODTRO_VALID_TO, CATPRODTRO_CREATED_BY, CATPRODTRO_UPDATED_BY, CATPRODTRO_CREATED_AT, CATPRODTRO_UPDATED_AT) VALUES ('PTOB', 'F008', 'BANDEJA CAMARON 6kg', 0, NULL, NULL, NULL, NULL, NULL, NULL, NULL, NULL, NULL);
INSERT INTO CATPRODTRO (XID_CATSTATUS_CODE, CATPRODTRO_PTROQ, CATPRODTRO_NAME, CATPRODTRO_AREA, CATPRODTRO_LENGTH, CATPRODTRO_WIDTH, CATPRODTRO_GSMDIS, CATPRODTRO_VALID_FROM, CATPRODTRO_VALID_TO, CATPRODTRO_CREATED_BY, CATPRODTRO_UPDATED_BY, CATPRODTRO_CREATED_AT, CATPRODTRO_UPDATED_AT) VALUES ('PTPE', 'F009', 'Base Flores Tubular', 1.1219, 945, 1210, 600, NULL, NULL, NULL, NULL, NULL, NULL);
INSERT INTO CATPRODTRO (XID_CATSTATUS_CODE, CATPRODTRO_PTROQ, CATPRODTRO_NAME, CATPRODTRO_AREA, CATPRODTRO_LENGTH, CATPRODTRO_WIDTH, CATPRODTRO_GSMDIS, CATPRODTRO_VALID_FROM, CATPRODTRO_VALID_TO, CATPRODTRO_CREATED_BY, CATPRODTRO_UPDATED_BY, CATPRODTRO_CREATED_AT, CATPRODTRO_UPDATED_AT) VALUES ('PTPE', 'F010', 'Tapa Flores Tubular', 0.2072, 523.3, 407.7, 600, NULL, NULL, NULL, NULL, NULL, NULL);
INSERT INTO CATPRODTRO (XID_CATSTATUS_CODE, CATPRODTRO_PTROQ, CATPRODTRO_NAME, CATPRODTRO_AREA, CATPRODTRO_LENGTH, CATPRODTRO_WIDTH, CATPRODTRO_GSMDIS, CATPRODTRO_VALID_FROM, CATPRODTRO_VALID_TO, CATPRODTRO_CREATED_BY, CATPRODTRO_UPDATED_BY, CATPRODTRO_CREATED_AT, CATPRODTRO_UPDATED_AT) VALUES ('PTVI', 'F011', 'Base Especial', 0.7979, 571, 1419, 500, NULL, NULL, NULL, NULL, NULL, NULL);
INSERT INTO CATPRODTRO (XID_CATSTATUS_CODE, CATPRODTRO_PTROQ, CATPRODTRO_NAME, CATPRODTRO_AREA, CATPRODTRO_LENGTH, CATPRODTRO_WIDTH, CATPRODTRO_GSMDIS, CATPRODTRO_VALID_FROM, CATPRODTRO_VALID_TO, CATPRODTRO_CREATED_BY, CATPRODTRO_UPDATED_BY, CATPRODTRO_CREATED_AT, CATPRODTRO_UPDATED_AT) VALUES ('PTVI', 'F012', 'Tapa Especial', 0.8289, 586, 1430, 500, NULL, NULL, NULL, NULL, NULL, NULL);
INSERT INTO CATPRODTRO (XID_CATSTATUS_CODE, CATPRODTRO_PTROQ, CATPRODTRO_NAME, CATPRODTRO_AREA, CATPRODTRO_LENGTH, CATPRODTRO_WIDTH, CATPRODTRO_GSMDIS, CATPRODTRO_VALID_FROM, CATPRODTRO_VALID_TO, CATPRODTRO_CREATED_BY, CATPRODTRO_UPDATED_BY, CATPRODTRO_CREATED_AT, CATPRODTRO_UPDATED_AT) VALUES ('PTPE', 'F013', 'Cont. Botellas 60ml Paletizable', 0.8804, 569.9, 1051.5, 400, NULL, NULL, NULL, NULL, NULL, NULL);
INSERT INTO CATPRODTRO (XID_CATSTATUS_CODE, CATPRODTRO_PTROQ, CATPRODTRO_NAME, CATPRODTRO_AREA, CATPRODTRO_LENGTH, CATPRODTRO_WIDTH, CATPRODTRO_GSMDIS, CATPRODTRO_VALID_FROM, CATPRODTRO_VALID_TO, CATPRODTRO_CREATED_BY, CATPRODTRO_UPDATED_BY, CATPRODTRO_CREATED_AT, CATPRODTRO_UPDATED_AT) VALUES ('PTVI', 'F014', 'Flores Normal - Base', 0.7699, 569, 1357, 500, NULL, NULL, NULL, NULL, NULL, NULL);
INSERT INTO CATPRODTRO (XID_CATSTATUS_CODE, CATPRODTRO_PTROQ, CATPRODTRO_NAME, CATPRODTRO_AREA, CATPRODTRO_LENGTH, CATPRODTRO_WIDTH, CATPRODTRO_GSMDIS, CATPRODTRO_VALID_FROM, CATPRODTRO_VALID_TO, CATPRODTRO_CREATED_BY, CATPRODTRO_UPDATED_BY, CATPRODTRO_CREATED_AT, CATPRODTRO_UPDATED_AT) VALUES ('PTVI', 'F015', 'Flores Normal - Tapa', 0.7861, 579, 1361, 500, NULL, NULL, NULL, NULL, NULL, NULL);
INSERT INTO CATPRODTRO (XID_CATSTATUS_CODE, CATPRODTRO_PTROQ, CATPRODTRO_NAME, CATPRODTRO_AREA, CATPRODTRO_LENGTH, CATPRODTRO_WIDTH, CATPRODTRO_GSMDIS, CATPRODTRO_VALID_FROM, CATPRODTRO_VALID_TO, CATPRODTRO_CREATED_BY, CATPRODTRO_UPDATED_BY, CATPRODTRO_CREATED_AT, CATPRODTRO_UPDATED_AT) VALUES ('PTPE', 'F016', 'Bandeja 30x25x4', 0.1469, 418.8, 377.2, 500, NULL, NULL, NULL, NULL, NULL, NULL);
INSERT INTO CATPRODTRO (XID_CATSTATUS_CODE, CATPRODTRO_PTROQ, CATPRODTRO_NAME, CATPRODTRO_AREA, CATPRODTRO_LENGTH, CATPRODTRO_WIDTH, CATPRODTRO_GSMDIS, CATPRODTRO_VALID_FROM, CATPRODTRO_VALID_TO, CATPRODTRO_CREATED_BY, CATPRODTRO_UPDATED_BY, CATPRODTRO_CREATED_AT, CATPRODTRO_UPDATED_AT) VALUES ('PTPE', 'F017', 'Fondo antiderrames', 0.2586, 543.6, 507.4, 300, NULL, NULL, NULL, NULL, NULL, NULL);
INSERT INTO CATPRODTRO (XID_CATSTATUS_CODE, CATPRODTRO_PTROQ, CATPRODTRO_NAME, CATPRODTRO_AREA, CATPRODTRO_LENGTH, CATPRODTRO_WIDTH, CATPRODTRO_GSMDIS, CATPRODTRO_VALID_FROM, CATPRODTRO_VALID_TO, CATPRODTRO_CREATED_BY, CATPRODTRO_UPDATED_BY, CATPRODTRO_CREATED_AT, CATPRODTRO_UPDATED_AT) VALUES ('PTOB', 'F018', 'Bandeja perf 6Kg V3', 0, NULL, NULL, NULL, NULL, NULL, NULL, NULL, NULL, NULL);
INSERT INTO CATPRODTRO (XID_CATSTATUS_CODE, CATPRODTRO_PTROQ, CATPRODTRO_NAME, CATPRODTRO_AREA, CATPRODTRO_LENGTH, CATPRODTRO_WIDTH, CATPRODTRO_GSMDIS, CATPRODTRO_VALID_FROM, CATPRODTRO_VALID_TO, CATPRODTRO_CREATED_BY, CATPRODTRO_UPDATED_BY, CATPRODTRO_CREATED_AT, CATPRODTRO_UPDATED_AT) VALUES ('PTPE', 'F018B', 'Bandeja perf 6Kg', 0.41, 788.4, 632, 550, NULL, NULL, NULL, NULL, NULL, NULL);
INSERT INTO CATPRODTRO (XID_CATSTATUS_CODE, CATPRODTRO_PTROQ, CATPRODTRO_NAME, CATPRODTRO_AREA, CATPRODTRO_LENGTH, CATPRODTRO_WIDTH, CATPRODTRO_GSMDIS, CATPRODTRO_VALID_FROM, CATPRODTRO_VALID_TO, CATPRODTRO_CREATED_BY, CATPRODTRO_UPDATED_BY, CATPRODTRO_CREATED_AT, CATPRODTRO_UPDATED_AT) VALUES ('PTPE', 'F019', 'Base NQ (600)', 0.3778, NULL, NULL, NULL, NULL, NULL, NULL, NULL, NULL, NULL);
INSERT INTO CATPRODTRO (XID_CATSTATUS_CODE, CATPRODTRO_PTROQ, CATPRODTRO_NAME, CATPRODTRO_AREA, CATPRODTRO_LENGTH, CATPRODTRO_WIDTH, CATPRODTRO_GSMDIS, CATPRODTRO_VALID_FROM, CATPRODTRO_VALID_TO, CATPRODTRO_CREATED_BY, CATPRODTRO_UPDATED_BY, CATPRODTRO_CREATED_AT, CATPRODTRO_UPDATED_AT) VALUES ('PTPE', 'F020', 'Tapa NQ (600)', 0.4, NULL, NULL, NULL, NULL, NULL, NULL, NULL, NULL, NULL);
INSERT INTO CATPRODTRO (XID_CATSTATUS_CODE, CATPRODTRO_PTROQ, CATPRODTRO_NAME, CATPRODTRO_AREA, CATPRODTRO_LENGTH, CATPRODTRO_WIDTH, CATPRODTRO_GSMDIS, CATPRODTRO_VALID_FROM, CATPRODTRO_VALID_TO, CATPRODTRO_CREATED_BY, CATPRODTRO_UPDATED_BY, CATPRODTRO_CREATED_AT, CATPRODTRO_UPDATED_AT) VALUES ('PTPE', 'F021', 'Divisor NQ - 5', 0.1002, NULL, NULL, NULL, NULL, NULL, NULL, NULL, NULL, NULL);
INSERT INTO CATPRODTRO (XID_CATSTATUS_CODE, CATPRODTRO_PTROQ, CATPRODTRO_NAME, CATPRODTRO_AREA, CATPRODTRO_LENGTH, CATPRODTRO_WIDTH, CATPRODTRO_GSMDIS, CATPRODTRO_VALID_FROM, CATPRODTRO_VALID_TO, CATPRODTRO_CREATED_BY, CATPRODTRO_UPDATED_BY, CATPRODTRO_CREATED_AT, CATPRODTRO_UPDATED_AT) VALUES ('PTPE', 'F022', 'Divisor NQ - 6', 0.0926, NULL, NULL, NULL, NULL, NULL, NULL, NULL, NULL, NULL);
INSERT INTO CATPRODTRO (XID_CATSTATUS_CODE, CATPRODTRO_PTROQ, CATPRODTRO_NAME, CATPRODTRO_AREA, CATPRODTRO_LENGTH, CATPRODTRO_WIDTH, CATPRODTRO_GSMDIS, CATPRODTRO_VALID_FROM, CATPRODTRO_VALID_TO, CATPRODTRO_CREATED_BY, CATPRODTRO_UPDATED_BY, CATPRODTRO_CREATED_AT, CATPRODTRO_UPDATED_AT) VALUES ('PTPE', 'F023', 'Base HQ (600)', 0.4993, NULL, NULL, NULL, NULL, NULL, NULL, NULL, NULL, NULL);
INSERT INTO CATPRODTRO (XID_CATSTATUS_CODE, CATPRODTRO_PTROQ, CATPRODTRO_NAME, CATPRODTRO_AREA, CATPRODTRO_LENGTH, CATPRODTRO_WIDTH, CATPRODTRO_GSMDIS, CATPRODTRO_VALID_FROM, CATPRODTRO_VALID_TO, CATPRODTRO_CREATED_BY, CATPRODTRO_UPDATED_BY, CATPRODTRO_CREATED_AT, CATPRODTRO_UPDATED_AT) VALUES ('PTPE', 'F024', 'Tapa HQ (600)', 0.5174, NULL, NULL, NULL, NULL, NULL, NULL, NULL, NULL, NULL);
INSERT INTO CATPRODTRO (XID_CATSTATUS_CODE, CATPRODTRO_PTROQ, CATPRODTRO_NAME, CATPRODTRO_AREA, CATPRODTRO_LENGTH, CATPRODTRO_WIDTH, CATPRODTRO_GSMDIS, CATPRODTRO_VALID_FROM, CATPRODTRO_VALID_TO, CATPRODTRO_CREATED_BY, CATPRODTRO_UPDATED_BY, CATPRODTRO_CREATED_AT, CATPRODTRO_UPDATED_AT) VALUES ('PTPE', 'F025', 'Divisor HQ x 5', 0.1315, NULL, NULL, NULL, NULL, NULL, NULL, NULL, NULL, NULL);
INSERT INTO CATPRODTRO (XID_CATSTATUS_CODE, CATPRODTRO_PTROQ, CATPRODTRO_NAME, CATPRODTRO_AREA, CATPRODTRO_LENGTH, CATPRODTRO_WIDTH, CATPRODTRO_GSMDIS, CATPRODTRO_VALID_FROM, CATPRODTRO_VALID_TO, CATPRODTRO_CREATED_BY, CATPRODTRO_UPDATED_BY, CATPRODTRO_CREATED_AT, CATPRODTRO_UPDATED_AT) VALUES ('PTPE', 'F026', 'Divisor HQ x 4 (HTW)', 0.1445, NULL, NULL, NULL, NULL, NULL, NULL, NULL, NULL, NULL);
INSERT INTO CATPRODTRO (XID_CATSTATUS_CODE, CATPRODTRO_PTROQ, CATPRODTRO_NAME, CATPRODTRO_AREA, CATPRODTRO_LENGTH, CATPRODTRO_WIDTH, CATPRODTRO_GSMDIS, CATPRODTRO_VALID_FROM, CATPRODTRO_VALID_TO, CATPRODTRO_CREATED_BY, CATPRODTRO_UPDATED_BY, CATPRODTRO_CREATED_AT, CATPRODTRO_UPDATED_AT) VALUES ('PTPE', 'F027', 'Autoarmable 29x15x6.5', 0.2229, 562, 487, 300, NULL, NULL, NULL, NULL, NULL, NULL);
INSERT INTO CATPRODTRO (XID_CATSTATUS_CODE, CATPRODTRO_PTROQ, CATPRODTRO_NAME, CATPRODTRO_AREA, CATPRODTRO_LENGTH, CATPRODTRO_WIDTH, CATPRODTRO_GSMDIS, CATPRODTRO_VALID_FROM, CATPRODTRO_VALID_TO, CATPRODTRO_CREATED_BY, CATPRODTRO_UPDATED_BY, CATPRODTRO_CREATED_AT, CATPRODTRO_UPDATED_AT) VALUES ('PTIN', 'F028', 'Bandeja Perf 4kg', NULL, NULL, NULL, NULL, NULL, NULL, NULL, NULL, NULL, NULL);
INSERT INTO CATPRODTRO (XID_CATSTATUS_CODE, CATPRODTRO_PTROQ, CATPRODTRO_NAME, CATPRODTRO_AREA, CATPRODTRO_LENGTH, CATPRODTRO_WIDTH, CATPRODTRO_GSMDIS, CATPRODTRO_VALID_FROM, CATPRODTRO_VALID_TO, CATPRODTRO_CREATED_BY, CATPRODTRO_UPDATED_BY, CATPRODTRO_CREATED_AT, CATPRODTRO_UPDATED_AT) VALUES ('PTIN', 'F029', 'Bandeja Perf 8kg', NULL, NULL, NULL, NULL, NULL, NULL, NULL, NULL, NULL, NULL);
INSERT INTO CATPRODTRO (XID_CATSTATUS_CODE, CATPRODTRO_PTROQ, CATPRODTRO_NAME, CATPRODTRO_AREA, CATPRODTRO_LENGTH, CATPRODTRO_WIDTH, CATPRODTRO_GSMDIS, CATPRODTRO_VALID_FROM, CATPRODTRO_VALID_TO, CATPRODTRO_CREATED_BY, CATPRODTRO_UPDATED_BY, CATPRODTRO_CREATED_AT, CATPRODTRO_UPDATED_AT) VALUES ('PTVI', 'F030', 'Bandeja Perforada 310x230x90', 0.2331, 596, 485.2, 500, NULL, NULL, NULL, NULL, NULL, NULL);
INSERT INTO CATPRODTRO (XID_CATSTATUS_CODE, CATPRODTRO_PTROQ, CATPRODTRO_NAME, CATPRODTRO_AREA, CATPRODTRO_LENGTH, CATPRODTRO_WIDTH, CATPRODTRO_GSMDIS, CATPRODTRO_VALID_FROM, CATPRODTRO_VALID_TO, CATPRODTRO_CREATED_BY, CATPRODTRO_UPDATED_BY, CATPRODTRO_CREATED_AT, CATPRODTRO_UPDATED_AT) VALUES ('PTIN', 'F031', 'Bandeja Apilable 36x19x18', NULL, NULL, NULL, NULL, NULL, NULL, NULL, NULL, NULL, NULL);
INSERT INTO CATPRODTRO (XID_CATSTATUS_CODE, CATPRODTRO_PTROQ, CATPRODTRO_NAME, CATPRODTRO_AREA, CATPRODTRO_LENGTH, CATPRODTRO_WIDTH, CATPRODTRO_GSMDIS, CATPRODTRO_VALID_FROM, CATPRODTRO_VALID_TO, CATPRODTRO_CREATED_BY, CATPRODTRO_UPDATED_BY, CATPRODTRO_CREATED_AT, CATPRODTRO_UPDATED_AT) VALUES ('PTIN', 'F032', 'Autoarmable 29x16x8.5', NULL, NULL, NULL, NULL, NULL, NULL, NULL, NULL, NULL, NULL);
INSERT INTO CATPRODTRO (XID_CATSTATUS_CODE, CATPRODTRO_PTROQ, CATPRODTRO_NAME, CATPRODTRO_AREA, CATPRODTRO_LENGTH, CATPRODTRO_WIDTH, CATPRODTRO_GSMDIS, CATPRODTRO_VALID_FROM, CATPRODTRO_VALID_TO, CATPRODTRO_CREATED_BY, CATPRODTRO_UPDATED_BY, CATPRODTRO_CREATED_AT, CATPRODTRO_UPDATED_AT) VALUES ('PTOB', 'F033', 'Chupetera - Elemento Principal', NULL, NULL, NULL, NULL, NULL, NULL, NULL, NULL, NULL, NULL);
INSERT INTO CATPRODTRO (XID_CATSTATUS_CODE, CATPRODTRO_PTROQ, CATPRODTRO_NAME, CATPRODTRO_AREA, CATPRODTRO_LENGTH, CATPRODTRO_WIDTH, CATPRODTRO_GSMDIS, CATPRODTRO_VALID_FROM, CATPRODTRO_VALID_TO, CATPRODTRO_CREATED_BY, CATPRODTRO_UPDATED_BY, CATPRODTRO_CREATED_AT, CATPRODTRO_UPDATED_AT) VALUES ('PTOB', 'F034', 'Chupetera - Elemento Interno', NULL, NULL, NULL, NULL, NULL, NULL, NULL, NULL, NULL, NULL);
INSERT INTO CATPRODTRO (XID_CATSTATUS_CODE, CATPRODTRO_PTROQ, CATPRODTRO_NAME, CATPRODTRO_AREA, CATPRODTRO_LENGTH, CATPRODTRO_WIDTH, CATPRODTRO_GSMDIS, CATPRODTRO_VALID_FROM, CATPRODTRO_VALID_TO, CATPRODTRO_CREATED_BY, CATPRODTRO_UPDATED_BY, CATPRODTRO_CREATED_AT, CATPRODTRO_UPDATED_AT) VALUES ('PTIN', 'F035', 'Autoarmable 10 Kg', NULL, NULL, NULL, NULL, NULL, NULL, NULL, NULL, NULL, NULL);
INSERT INTO CATPRODTRO (XID_CATSTATUS_CODE, CATPRODTRO_PTROQ, CATPRODTRO_NAME, CATPRODTRO_AREA, CATPRODTRO_LENGTH, CATPRODTRO_WIDTH, CATPRODTRO_GSMDIS, CATPRODTRO_VALID_FROM, CATPRODTRO_VALID_TO, CATPRODTRO_CREATED_BY, CATPRODTRO_UPDATED_BY, CATPRODTRO_CREATED_AT, CATPRODTRO_UPDATED_AT) VALUES ('PTIN', 'F036', 'Bandeja Perf 291x170x84', NULL, NULL, NULL, NULL, NULL, NULL, NULL, NULL, NULL, NULL);
INSERT INTO CATPRODTRO (XID_CATSTATUS_CODE, CATPRODTRO_PTROQ, CATPRODTRO_NAME, CATPRODTRO_AREA, CATPRODTRO_LENGTH, CATPRODTRO_WIDTH, CATPRODTRO_GSMDIS, CATPRODTRO_VALID_FROM, CATPRODTRO_VALID_TO, CATPRODTRO_CREATED_BY, CATPRODTRO_UPDATED_BY, CATPRODTRO_CREATED_AT, CATPRODTRO_UPDATED_AT) VALUES ('PTIN', 'F037', 'N/A', NULL, NULL, NULL, NULL, NULL, NULL, NULL, NULL, NULL, NULL);
INSERT INTO CATPRODTRO (XID_CATSTATUS_CODE, CATPRODTRO_PTROQ, CATPRODTRO_NAME, CATPRODTRO_AREA, CATPRODTRO_LENGTH, CATPRODTRO_WIDTH, CATPRODTRO_GSMDIS, CATPRODTRO_VALID_FROM, CATPRODTRO_VALID_TO, CATPRODTRO_CREATED_BY, CATPRODTRO_UPDATED_BY, CATPRODTRO_CREATED_AT, CATPRODTRO_UPDATED_AT) VALUES ('PTIN', 'F038', 'N/A', NULL, NULL, NULL, NULL, NULL, NULL, NULL, NULL, NULL, NULL);
INSERT INTO CATPRODTRO (XID_CATSTATUS_CODE, CATPRODTRO_PTROQ, CATPRODTRO_NAME, CATPRODTRO_AREA, CATPRODTRO_LENGTH, CATPRODTRO_WIDTH, CATPRODTRO_GSMDIS, CATPRODTRO_VALID_FROM, CATPRODTRO_VALID_TO, CATPRODTRO_CREATED_BY, CATPRODTRO_UPDATED_BY, CATPRODTRO_CREATED_AT, CATPRODTRO_UPDATED_AT) VALUES ('PTIN', 'F039', 'N/A', NULL, NULL, NULL, NULL, NULL, NULL, NULL, NULL, NULL, NULL);
INSERT INTO CATPRODTRO (XID_CATSTATUS_CODE, CATPRODTRO_PTROQ, CATPRODTRO_NAME, CATPRODTRO_AREA, CATPRODTRO_LENGTH, CATPRODTRO_WIDTH, CATPRODTRO_GSMDIS, CATPRODTRO_VALID_FROM, CATPRODTRO_VALID_TO, CATPRODTRO_CREATED_BY, CATPRODTRO_UPDATED_BY, CATPRODTRO_CREATED_AT, CATPRODTRO_UPDATED_AT) VALUES ('PTVI', 'F040', 'Base Llena 270x170x83', 0.1712, 614.2, 329.8, 300, NULL, NULL, NULL, NULL, NULL, NULL);
INSERT INTO CATPRODTRO (XID_CATSTATUS_CODE, CATPRODTRO_PTROQ, CATPRODTRO_NAME, CATPRODTRO_AREA, CATPRODTRO_LENGTH, CATPRODTRO_WIDTH, CATPRODTRO_GSMDIS, CATPRODTRO_VALID_FROM, CATPRODTRO_VALID_TO, CATPRODTRO_CREATED_BY, CATPRODTRO_UPDATED_BY, CATPRODTRO_CREATED_AT, CATPRODTRO_UPDATED_AT) VALUES ('PTIN', 'F041', 'N/A', NULL, NULL, NULL, NULL, NULL, NULL, NULL, NULL, NULL, NULL);
INSERT INTO CATPRODTRO (XID_CATSTATUS_CODE, CATPRODTRO_PTROQ, CATPRODTRO_NAME, CATPRODTRO_AREA, CATPRODTRO_LENGTH, CATPRODTRO_WIDTH, CATPRODTRO_GSMDIS, CATPRODTRO_VALID_FROM, CATPRODTRO_VALID_TO, CATPRODTRO_CREATED_BY, CATPRODTRO_UPDATED_BY, CATPRODTRO_CREATED_AT, CATPRODTRO_UPDATED_AT) VALUES ('PTVI', 'F042', 'Trapezoidal 305x200x270', 0.3836, 1191, 370, NULL, NULL, NULL, NULL, NULL, NULL, NULL);
INSERT INTO CATPRODTRO (XID_CATSTATUS_CODE, CATPRODTRO_PTROQ, CATPRODTRO_NAME, CATPRODTRO_AREA, CATPRODTRO_LENGTH, CATPRODTRO_WIDTH, CATPRODTRO_GSMDIS, CATPRODTRO_VALID_FROM, CATPRODTRO_VALID_TO, CATPRODTRO_CREATED_BY, CATPRODTRO_UPDATED_BY, CATPRODTRO_CREATED_AT, CATPRODTRO_UPDATED_AT) VALUES ('PTVI', 'F043', 'Bandeja Esparragos 3.3 Kg', 0.3206, 800, 541, 600, NULL, NULL, NULL, NULL, NULL, NULL);
INSERT INTO CATPRODTRO (XID_CATSTATUS_CODE, CATPRODTRO_PTROQ, CATPRODTRO_NAME, CATPRODTRO_AREA, CATPRODTRO_LENGTH, CATPRODTRO_WIDTH, CATPRODTRO_GSMDIS, CATPRODTRO_VALID_FROM, CATPRODTRO_VALID_TO, CATPRODTRO_CREATED_BY, CATPRODTRO_UPDATED_BY, CATPRODTRO_CREATED_AT, CATPRODTRO_UPDATED_AT) VALUES ('PTPE', 'F044', 'N/A', NULL, NULL, NULL, NULL, NULL, NULL, NULL, NULL, NULL, NULL);
INSERT INTO CATPRODTRO (XID_CATSTATUS_CODE, CATPRODTRO_PTROQ, CATPRODTRO_NAME, CATPRODTRO_AREA, CATPRODTRO_LENGTH, CATPRODTRO_WIDTH, CATPRODTRO_GSMDIS, CATPRODTRO_VALID_FROM, CATPRODTRO_VALID_TO, CATPRODTRO_CREATED_BY, CATPRODTRO_UPDATED_BY, CATPRODTRO_CREATED_AT, CATPRODTRO_UPDATED_AT) VALUES ('PTIN', 'F045', 'N/A', NULL, NULL, NULL, NULL, NULL, NULL, NULL, NULL, NULL, NULL);
INSERT INTO CATPRODTRO (XID_CATSTATUS_CODE, CATPRODTRO_PTROQ, CATPRODTRO_NAME, CATPRODTRO_AREA, CATPRODTRO_LENGTH, CATPRODTRO_WIDTH, CATPRODTRO_GSMDIS, CATPRODTRO_VALID_FROM, CATPRODTRO_VALID_TO, CATPRODTRO_CREATED_BY, CATPRODTRO_UPDATED_BY, CATPRODTRO_CREATED_AT, CATPRODTRO_UPDATED_AT) VALUES ('PTIN', 'F046', 'N/A', NULL, NULL, NULL, NULL, NULL, NULL, NULL, NULL, NULL, NULL);
INSERT INTO CATPRODTRO (XID_CATSTATUS_CODE, CATPRODTRO_PTROQ, CATPRODTRO_NAME, CATPRODTRO_AREA, CATPRODTRO_LENGTH, CATPRODTRO_WIDTH, CATPRODTRO_GSMDIS, CATPRODTRO_VALID_FROM, CATPRODTRO_VALID_TO, CATPRODTRO_CREATED_BY, CATPRODTRO_UPDATED_BY, CATPRODTRO_CREATED_AT, CATPRODTRO_UPDATED_AT) VALUES ('PTIN', 'F047', 'N/A', NULL, NULL, NULL, NULL, NULL, NULL, NULL, NULL, NULL, NULL);
INSERT INTO CATPRODTRO (XID_CATSTATUS_CODE, CATPRODTRO_PTROQ, CATPRODTRO_NAME, CATPRODTRO_AREA, CATPRODTRO_LENGTH, CATPRODTRO_WIDTH, CATPRODTRO_GSMDIS, CATPRODTRO_VALID_FROM, CATPRODTRO_VALID_TO, CATPRODTRO_CREATED_BY, CATPRODTRO_UPDATED_BY, CATPRODTRO_CREATED_AT, CATPRODTRO_UPDATED_AT) VALUES ('PTIN', 'F048', 'N/A', NULL, NULL, NULL, NULL, NULL, NULL, NULL, NULL, NULL, NULL);
INSERT INTO CATPRODTRO (XID_CATSTATUS_CODE, CATPRODTRO_PTROQ, CATPRODTRO_NAME, CATPRODTRO_AREA, CATPRODTRO_LENGTH, CATPRODTRO_WIDTH, CATPRODTRO_GSMDIS, CATPRODTRO_VALID_FROM, CATPRODTRO_VALID_TO, CATPRODTRO_CREATED_BY, CATPRODTRO_UPDATED_BY, CATPRODTRO_CREATED_AT, CATPRODTRO_UPDATED_AT) VALUES ('PTVI', 'F049', 'Protector 18x80cm', 0.4421, 815, 570, 300, NULL, NULL, NULL, NULL, NULL, NULL);
INSERT INTO CATPRODTRO (XID_CATSTATUS_CODE, CATPRODTRO_PTROQ, CATPRODTRO_NAME, CATPRODTRO_AREA, CATPRODTRO_LENGTH, CATPRODTRO_WIDTH, CATPRODTRO_GSMDIS, CATPRODTRO_VALID_FROM, CATPRODTRO_VALID_TO, CATPRODTRO_CREATED_BY, CATPRODTRO_UPDATED_BY, CATPRODTRO_CREATED_AT, CATPRODTRO_UPDATED_AT) VALUES ('PTIN', 'F050', 'N/A', NULL, NULL, NULL, NULL, NULL, NULL, NULL, NULL, NULL, NULL);
INSERT INTO CATPRODTRO (XID_CATSTATUS_CODE, CATPRODTRO_PTROQ, CATPRODTRO_NAME, CATPRODTRO_AREA, CATPRODTRO_LENGTH, CATPRODTRO_WIDTH, CATPRODTRO_GSMDIS, CATPRODTRO_VALID_FROM, CATPRODTRO_VALID_TO, CATPRODTRO_CREATED_BY, CATPRODTRO_UPDATED_BY, CATPRODTRO_CREATED_AT, CATPRODTRO_UPDATED_AT) VALUES ('PTIN', 'F051', 'N/A', NULL, NULL, NULL, NULL, NULL, NULL, NULL, NULL, NULL, NULL);
INSERT INTO CATPRODTRO (XID_CATSTATUS_CODE, CATPRODTRO_PTROQ, CATPRODTRO_NAME, CATPRODTRO_AREA, CATPRODTRO_LENGTH, CATPRODTRO_WIDTH, CATPRODTRO_GSMDIS, CATPRODTRO_VALID_FROM, CATPRODTRO_VALID_TO, CATPRODTRO_CREATED_BY, CATPRODTRO_UPDATED_BY, CATPRODTRO_CREATED_AT, CATPRODTRO_UPDATED_AT) VALUES ('PTVI', 'F052', 'Trapezoidal (2.5kg)', 0.257, 984, 310, 500, NULL, NULL, NULL, NULL, NULL, NULL);
INSERT INTO CATPRODTRO (XID_CATSTATUS_CODE, CATPRODTRO_PTROQ, CATPRODTRO_NAME, CATPRODTRO_AREA, CATPRODTRO_LENGTH, CATPRODTRO_WIDTH, CATPRODTRO_GSMDIS, CATPRODTRO_VALID_FROM, CATPRODTRO_VALID_TO, CATPRODTRO_CREATED_BY, CATPRODTRO_UPDATED_BY, CATPRODTRO_CREATED_AT, CATPRODTRO_UPDATED_AT) VALUES ('PTIN', 'F053', 'N/A', NULL, NULL, NULL, NULL, NULL, NULL, NULL, NULL, NULL, NULL);
INSERT INTO CATPRODTRO (XID_CATSTATUS_CODE, CATPRODTRO_PTROQ, CATPRODTRO_NAME, CATPRODTRO_AREA, CATPRODTRO_LENGTH, CATPRODTRO_WIDTH, CATPRODTRO_GSMDIS, CATPRODTRO_VALID_FROM, CATPRODTRO_VALID_TO, CATPRODTRO_CREATED_BY, CATPRODTRO_UPDATED_BY, CATPRODTRO_CREATED_AT, CATPRODTRO_UPDATED_AT) VALUES ('PTVI', 'F054', 'Base NQ (800)', 0.3745, 890, 432, 800, NULL, NULL, NULL, NULL, NULL, NULL);
INSERT INTO CATPRODTRO (XID_CATSTATUS_CODE, CATPRODTRO_PTROQ, CATPRODTRO_NAME, CATPRODTRO_AREA, CATPRODTRO_LENGTH, CATPRODTRO_WIDTH, CATPRODTRO_GSMDIS, CATPRODTRO_VALID_FROM, CATPRODTRO_VALID_TO, CATPRODTRO_CREATED_BY, CATPRODTRO_UPDATED_BY, CATPRODTRO_CREATED_AT, CATPRODTRO_UPDATED_AT) VALUES ('PTVI', 'F055', 'Tapa NQ (800)', 0.397, 917.2, 442.4, 800, NULL, NULL, NULL, NULL, NULL, NULL);
INSERT INTO CATPRODTRO (XID_CATSTATUS_CODE, CATPRODTRO_PTROQ, CATPRODTRO_NAME, CATPRODTRO_AREA, CATPRODTRO_LENGTH, CATPRODTRO_WIDTH, CATPRODTRO_GSMDIS, CATPRODTRO_VALID_FROM, CATPRODTRO_VALID_TO, CATPRODTRO_CREATED_BY, CATPRODTRO_UPDATED_BY, CATPRODTRO_CREATED_AT, CATPRODTRO_UPDATED_AT) VALUES ('PTVI', 'F056', 'Divisor NQ', 0.0984, 158, 623, 600, NULL, NULL, NULL, NULL, NULL, NULL);
INSERT INTO CATPRODTRO (XID_CATSTATUS_CODE, CATPRODTRO_PTROQ, CATPRODTRO_NAME, CATPRODTRO_AREA, CATPRODTRO_LENGTH, CATPRODTRO_WIDTH, CATPRODTRO_GSMDIS, CATPRODTRO_VALID_FROM, CATPRODTRO_VALID_TO, CATPRODTRO_CREATED_BY, CATPRODTRO_UPDATED_BY, CATPRODTRO_CREATED_AT, CATPRODTRO_UPDATED_AT) VALUES ('PTVI', 'F057', 'Base HQ (800)', 0.4971, 987, 516, 800, NULL, NULL, NULL, NULL, NULL, NULL);
INSERT INTO CATPRODTRO (XID_CATSTATUS_CODE, CATPRODTRO_PTROQ, CATPRODTRO_NAME, CATPRODTRO_AREA, CATPRODTRO_LENGTH, CATPRODTRO_WIDTH, CATPRODTRO_GSMDIS, CATPRODTRO_VALID_FROM, CATPRODTRO_VALID_TO, CATPRODTRO_CREATED_BY, CATPRODTRO_UPDATED_BY, CATPRODTRO_CREATED_AT, CATPRODTRO_UPDATED_AT) VALUES ('PTVI', 'F058', 'Tapa HQ (800)', 0.5236, 1014.2, 526.4, 800, NULL, NULL, NULL, NULL, NULL, NULL);
INSERT INTO CATPRODTRO (XID_CATSTATUS_CODE, CATPRODTRO_PTROQ, CATPRODTRO_NAME, CATPRODTRO_AREA, CATPRODTRO_LENGTH, CATPRODTRO_WIDTH, CATPRODTRO_GSMDIS, CATPRODTRO_VALID_FROM, CATPRODTRO_VALID_TO, CATPRODTRO_CREATED_BY, CATPRODTRO_UPDATED_BY, CATPRODTRO_CREATED_AT, CATPRODTRO_UPDATED_AT) VALUES ('PTVI', 'F059', 'Divisor HQ', 0.1295, 203, 638, 600, NULL, NULL, NULL, NULL, NULL, NULL);
INSERT INTO CATPRODTRO (XID_CATSTATUS_CODE, CATPRODTRO_PTROQ, CATPRODTRO_NAME, CATPRODTRO_AREA, CATPRODTRO_LENGTH, CATPRODTRO_WIDTH, CATPRODTRO_GSMDIS, CATPRODTRO_VALID_FROM, CATPRODTRO_VALID_TO, CATPRODTRO_CREATED_BY, CATPRODTRO_UPDATED_BY, CATPRODTRO_CREATED_AT, CATPRODTRO_UPDATED_AT) VALUES ('PTOB', 'F060', 'N/A', NULL, NULL, NULL, NULL, NULL, NULL, NULL, NULL, NULL, NULL);
INSERT INTO CATPRODTRO (XID_CATSTATUS_CODE, CATPRODTRO_PTROQ, CATPRODTRO_NAME, CATPRODTRO_AREA, CATPRODTRO_LENGTH, CATPRODTRO_WIDTH, CATPRODTRO_GSMDIS, CATPRODTRO_VALID_FROM, CATPRODTRO_VALID_TO, CATPRODTRO_CREATED_BY, CATPRODTRO_UPDATED_BY, CATPRODTRO_CREATED_AT, CATPRODTRO_UPDATED_AT) VALUES ('PTIN', 'F060B', 'Bandeja Perforada 350x253x95', NULL, NULL, NULL, NULL, NULL, NULL, NULL, NULL, NULL, NULL);
INSERT INTO CATPRODTRO (XID_CATSTATUS_CODE, CATPRODTRO_PTROQ, CATPRODTRO_NAME, CATPRODTRO_AREA, CATPRODTRO_LENGTH, CATPRODTRO_WIDTH, CATPRODTRO_GSMDIS, CATPRODTRO_VALID_FROM, CATPRODTRO_VALID_TO, CATPRODTRO_CREATED_BY, CATPRODTRO_UPDATED_BY, CATPRODTRO_CREATED_AT, CATPRODTRO_UPDATED_AT) VALUES ('PTIN', 'F061', 'Caja perforada 282x169x74 - TAPAS FLAP', NULL, NULL, NULL, NULL, NULL, NULL, NULL, NULL, NULL, NULL);
INSERT INTO CATPRODTRO (XID_CATSTATUS_CODE, CATPRODTRO_PTROQ, CATPRODTRO_NAME, CATPRODTRO_AREA, CATPRODTRO_LENGTH, CATPRODTRO_WIDTH, CATPRODTRO_GSMDIS, CATPRODTRO_VALID_FROM, CATPRODTRO_VALID_TO, CATPRODTRO_CREATED_BY, CATPRODTRO_UPDATED_BY, CATPRODTRO_CREATED_AT, CATPRODTRO_UPDATED_AT) VALUES ('PTVI', 'F062', 'Caja perforada 389x284x102 - TAPAS FLAP', 0.4826, 803, 680, 300, NULL, NULL, NULL, NULL, NULL, NULL);
INSERT INTO CATPRODTRO (XID_CATSTATUS_CODE, CATPRODTRO_PTROQ, CATPRODTRO_NAME, CATPRODTRO_AREA, CATPRODTRO_LENGTH, CATPRODTRO_WIDTH, CATPRODTRO_GSMDIS, CATPRODTRO_VALID_FROM, CATPRODTRO_VALID_TO, CATPRODTRO_CREATED_BY, CATPRODTRO_UPDATED_BY, CATPRODTRO_CREATED_AT, CATPRODTRO_UPDATED_AT) VALUES ('PTOB', 'F063A', 'BANDEJA 357x256x95 F63A', NULL, NULL, NULL, NULL, NULL, NULL, NULL, NULL, NULL, NULL);
INSERT INTO CATPRODTRO (XID_CATSTATUS_CODE, CATPRODTRO_PTROQ, CATPRODTRO_NAME, CATPRODTRO_AREA, CATPRODTRO_LENGTH, CATPRODTRO_WIDTH, CATPRODTRO_GSMDIS, CATPRODTRO_VALID_FROM, CATPRODTRO_VALID_TO, CATPRODTRO_CREATED_BY, CATPRODTRO_UPDATED_BY, CATPRODTRO_CREATED_AT, CATPRODTRO_UPDATED_AT) VALUES ('PTOB', 'F063B', 'BANDEJA 357x256x95 F63B', NULL, NULL, NULL, NULL, NULL, NULL, NULL, NULL, NULL, NULL);
INSERT INTO CATPRODTRO (XID_CATSTATUS_CODE, CATPRODTRO_PTROQ, CATPRODTRO_NAME, CATPRODTRO_AREA, CATPRODTRO_LENGTH, CATPRODTRO_WIDTH, CATPRODTRO_GSMDIS, CATPRODTRO_VALID_FROM, CATPRODTRO_VALID_TO, CATPRODTRO_CREATED_BY, CATPRODTRO_UPDATED_BY, CATPRODTRO_CREATED_AT, CATPRODTRO_UPDATED_AT) VALUES ('PTPE', 'F063C', 'N/A', NULL, NULL, NULL, NULL, NULL, NULL, NULL, NULL, NULL, NULL);
INSERT INTO CATPRODTRO (XID_CATSTATUS_CODE, CATPRODTRO_PTROQ, CATPRODTRO_NAME, CATPRODTRO_AREA, CATPRODTRO_LENGTH, CATPRODTRO_WIDTH, CATPRODTRO_GSMDIS, CATPRODTRO_VALID_FROM, CATPRODTRO_VALID_TO, CATPRODTRO_CREATED_BY, CATPRODTRO_UPDATED_BY, CATPRODTRO_CREATED_AT, CATPRODTRO_UPDATED_AT) VALUES ('PTPE', 'F063D', 'N/A', NULL, NULL, NULL, NULL, NULL, NULL, NULL, NULL, NULL, NULL);
INSERT INTO CATPRODTRO (XID_CATSTATUS_CODE, CATPRODTRO_PTROQ, CATPRODTRO_NAME, CATPRODTRO_AREA, CATPRODTRO_LENGTH, CATPRODTRO_WIDTH, CATPRODTRO_GSMDIS, CATPRODTRO_VALID_FROM, CATPRODTRO_VALID_TO, CATPRODTRO_CREATED_BY, CATPRODTRO_UPDATED_BY, CATPRODTRO_CREATED_AT, CATPRODTRO_UPDATED_AT) VALUES ('PTPE', 'F063E', 'N/A', NULL, NULL, NULL, NULL, NULL, NULL, NULL, NULL, NULL, NULL);
INSERT INTO CATPRODTRO (XID_CATSTATUS_CODE, CATPRODTRO_PTROQ, CATPRODTRO_NAME, CATPRODTRO_AREA, CATPRODTRO_LENGTH, CATPRODTRO_WIDTH, CATPRODTRO_GSMDIS, CATPRODTRO_VALID_FROM, CATPRODTRO_VALID_TO, CATPRODTRO_CREATED_BY, CATPRODTRO_UPDATED_BY, CATPRODTRO_CREATED_AT, CATPRODTRO_UPDATED_AT) VALUES ('PTOB', 'F064', 'CUERPO 1', NULL, NULL, NULL, NULL, NULL, NULL, NULL, NULL, NULL, NULL);
INSERT INTO CATPRODTRO (XID_CATSTATUS_CODE, CATPRODTRO_PTROQ, CATPRODTRO_NAME, CATPRODTRO_AREA, CATPRODTRO_LENGTH, CATPRODTRO_WIDTH, CATPRODTRO_GSMDIS, CATPRODTRO_VALID_FROM, CATPRODTRO_VALID_TO, CATPRODTRO_CREATED_BY, CATPRODTRO_UPDATED_BY, CATPRODTRO_CREATED_AT, CATPRODTRO_UPDATED_AT) VALUES ('PTOB', 'F065', 'CUERPO 2', NULL, NULL, NULL, NULL, NULL, NULL, NULL, NULL, NULL, NULL);
INSERT INTO CATPRODTRO (XID_CATSTATUS_CODE, CATPRODTRO_PTROQ, CATPRODTRO_NAME, CATPRODTRO_AREA, CATPRODTRO_LENGTH, CATPRODTRO_WIDTH, CATPRODTRO_GSMDIS, CATPRODTRO_VALID_FROM, CATPRODTRO_VALID_TO, CATPRODTRO_CREATED_BY, CATPRODTRO_UPDATED_BY, CATPRODTRO_CREATED_AT, CATPRODTRO_UPDATED_AT) VALUES ('PTOB', 'F066', 'CUERPO 3', NULL, NULL, NULL, NULL, NULL, NULL, NULL, NULL, NULL, NULL);
INSERT INTO CATPRODTRO (XID_CATSTATUS_CODE, CATPRODTRO_PTROQ, CATPRODTRO_NAME, CATPRODTRO_AREA, CATPRODTRO_LENGTH, CATPRODTRO_WIDTH, CATPRODTRO_GSMDIS, CATPRODTRO_VALID_FROM, CATPRODTRO_VALID_TO, CATPRODTRO_CREATED_BY, CATPRODTRO_UPDATED_BY, CATPRODTRO_CREATED_AT, CATPRODTRO_UPDATED_AT) VALUES ('PTOB', 'F067', 'CUERPO 4', NULL, NULL, NULL, NULL, NULL, NULL, NULL, NULL, NULL, NULL);
INSERT INTO CATPRODTRO (XID_CATSTATUS_CODE, CATPRODTRO_PTROQ, CATPRODTRO_NAME, CATPRODTRO_AREA, CATPRODTRO_LENGTH, CATPRODTRO_WIDTH, CATPRODTRO_GSMDIS, CATPRODTRO_VALID_FROM, CATPRODTRO_VALID_TO, CATPRODTRO_CREATED_BY, CATPRODTRO_UPDATED_BY, CATPRODTRO_CREATED_AT, CATPRODTRO_UPDATED_AT) VALUES ('PTOB', 'F068', 'CUERPO 6', NULL, NULL, NULL, NULL, NULL, NULL, NULL, NULL, NULL, NULL);
INSERT INTO CATPRODTRO (XID_CATSTATUS_CODE, CATPRODTRO_PTROQ, CATPRODTRO_NAME, CATPRODTRO_AREA, CATPRODTRO_LENGTH, CATPRODTRO_WIDTH, CATPRODTRO_GSMDIS, CATPRODTRO_VALID_FROM, CATPRODTRO_VALID_TO, CATPRODTRO_CREATED_BY, CATPRODTRO_UPDATED_BY, CATPRODTRO_CREATED_AT, CATPRODTRO_UPDATED_AT) VALUES ('PTOB', 'F069', 'CUERPO 7', NULL, NULL, NULL, NULL, NULL, NULL, NULL, NULL, NULL, NULL);
INSERT INTO CATPRODTRO (XID_CATSTATUS_CODE, CATPRODTRO_PTROQ, CATPRODTRO_NAME, CATPRODTRO_AREA, CATPRODTRO_LENGTH, CATPRODTRO_WIDTH, CATPRODTRO_GSMDIS, CATPRODTRO_VALID_FROM, CATPRODTRO_VALID_TO, CATPRODTRO_CREATED_BY, CATPRODTRO_UPDATED_BY, CATPRODTRO_CREATED_AT, CATPRODTRO_UPDATED_AT) VALUES ('PTOB', 'F070', 'CUERPO 8', NULL, NULL, NULL, NULL, NULL, NULL, NULL, NULL, NULL, NULL);
INSERT INTO CATPRODTRO (XID_CATSTATUS_CODE, CATPRODTRO_PTROQ, CATPRODTRO_NAME, CATPRODTRO_AREA, CATPRODTRO_LENGTH, CATPRODTRO_WIDTH, CATPRODTRO_GSMDIS, CATPRODTRO_VALID_FROM, CATPRODTRO_VALID_TO, CATPRODTRO_CREATED_BY, CATPRODTRO_UPDATED_BY, CATPRODTRO_CREATED_AT, CATPRODTRO_UPDATED_AT) VALUES ('PTOB', 'F071', 'CUERPO 9', NULL, NULL, NULL, NULL, NULL, NULL, NULL, NULL, NULL, NULL);
INSERT INTO CATPRODTRO (XID_CATSTATUS_CODE, CATPRODTRO_PTROQ, CATPRODTRO_NAME, CATPRODTRO_AREA, CATPRODTRO_LENGTH, CATPRODTRO_WIDTH, CATPRODTRO_GSMDIS, CATPRODTRO_VALID_FROM, CATPRODTRO_VALID_TO, CATPRODTRO_CREATED_BY, CATPRODTRO_UPDATED_BY, CATPRODTRO_CREATED_AT, CATPRODTRO_UPDATED_AT) VALUES ('PTOB', 'F072', 'CUERPO 10', NULL, NULL, NULL, NULL, NULL, NULL, NULL, NULL, NULL, NULL);
INSERT INTO CATPRODTRO (XID_CATSTATUS_CODE, CATPRODTRO_PTROQ, CATPRODTRO_NAME, CATPRODTRO_AREA, CATPRODTRO_LENGTH, CATPRODTRO_WIDTH, CATPRODTRO_GSMDIS, CATPRODTRO_VALID_FROM, CATPRODTRO_VALID_TO, CATPRODTRO_CREATED_BY, CATPRODTRO_UPDATED_BY, CATPRODTRO_CREATED_AT, CATPRODTRO_UPDATED_AT) VALUES ('PTPE', 'F073', 'Bandeja antiderrame 270x170x83', NULL, NULL, NULL, NULL, NULL, NULL, NULL, NULL, NULL, NULL);
INSERT INTO CATPRODTRO (XID_CATSTATUS_CODE, CATPRODTRO_PTROQ, CATPRODTRO_NAME, CATPRODTRO_AREA, CATPRODTRO_LENGTH, CATPRODTRO_WIDTH, CATPRODTRO_GSMDIS, CATPRODTRO_VALID_FROM, CATPRODTRO_VALID_TO, CATPRODTRO_CREATED_BY, CATPRODTRO_UPDATED_BY, CATPRODTRO_CREATED_AT, CATPRODTRO_UPDATED_AT) VALUES ('PTVI', 'F074', 'Divisor HTW', 0.1412, 222, 636, 600, NULL, NULL, NULL, NULL, NULL, NULL);
INSERT INTO CATPRODTRO (XID_CATSTATUS_CODE, CATPRODTRO_PTROQ, CATPRODTRO_NAME, CATPRODTRO_AREA, CATPRODTRO_LENGTH, CATPRODTRO_WIDTH, CATPRODTRO_GSMDIS, CATPRODTRO_VALID_FROM, CATPRODTRO_VALID_TO, CATPRODTRO_CREATED_BY, CATPRODTRO_UPDATED_BY, CATPRODTRO_CREATED_AT, CATPRODTRO_UPDATED_AT) VALUES ('PTOB', 'F075', 'Bandeja Perf 350x253x95', NULL, NULL, NULL, NULL, NULL, NULL, NULL, NULL, NULL, NULL);
INSERT INTO CATPRODTRO (XID_CATSTATUS_CODE, CATPRODTRO_PTROQ, CATPRODTRO_NAME, CATPRODTRO_AREA, CATPRODTRO_LENGTH, CATPRODTRO_WIDTH, CATPRODTRO_GSMDIS, CATPRODTRO_VALID_FROM, CATPRODTRO_VALID_TO, CATPRODTRO_CREATED_BY, CATPRODTRO_UPDATED_BY, CATPRODTRO_CREATED_AT, CATPRODTRO_UPDATED_AT) VALUES ('PTVI', 'F075C', 'Bandeja Perf 350x253x95 (Crudo)', 0.3111, 636.8, 655.8, 300, NULL, NULL, NULL, NULL, NULL, NULL);
INSERT INTO CATPRODTRO (XID_CATSTATUS_CODE, CATPRODTRO_PTROQ, CATPRODTRO_NAME, CATPRODTRO_AREA, CATPRODTRO_LENGTH, CATPRODTRO_WIDTH, CATPRODTRO_GSMDIS, CATPRODTRO_VALID_FROM, CATPRODTRO_VALID_TO, CATPRODTRO_CREATED_BY, CATPRODTRO_UPDATED_BY, CATPRODTRO_CREATED_AT, CATPRODTRO_UPDATED_AT) VALUES ('PTVI', 'F076', 'Bandeja Perf 291x170x84', 0.198, 646.2, 336, 300, NULL, NULL, NULL, NULL, NULL, NULL);
INSERT INTO CATPRODTRO (XID_CATSTATUS_CODE, CATPRODTRO_PTROQ, CATPRODTRO_NAME, CATPRODTRO_AREA, CATPRODTRO_LENGTH, CATPRODTRO_WIDTH, CATPRODTRO_GSMDIS, CATPRODTRO_VALID_FROM, CATPRODTRO_VALID_TO, CATPRODTRO_CREATED_BY, CATPRODTRO_UPDATED_BY, CATPRODTRO_CREATED_AT, CATPRODTRO_UPDATED_AT) VALUES ('PTIN', 'F077A', 'Bandeja Perf 342x256x95', NULL, NULL, NULL, NULL, NULL, NULL, NULL, NULL, NULL, NULL);
INSERT INTO CATPRODTRO (XID_CATSTATUS_CODE, CATPRODTRO_PTROQ, CATPRODTRO_NAME, CATPRODTRO_AREA, CATPRODTRO_LENGTH, CATPRODTRO_WIDTH, CATPRODTRO_GSMDIS, CATPRODTRO_VALID_FROM, CATPRODTRO_VALID_TO, CATPRODTRO_CREATED_BY, CATPRODTRO_UPDATED_BY, CATPRODTRO_CREATED_AT, CATPRODTRO_UPDATED_AT) VALUES ('PTIN', 'F077B', 'Bandeja Perf 342x256x95', NULL, NULL, NULL, NULL, NULL, NULL, NULL, NULL, NULL, NULL);
INSERT INTO CATPRODTRO (XID_CATSTATUS_CODE, CATPRODTRO_PTROQ, CATPRODTRO_NAME, CATPRODTRO_AREA, CATPRODTRO_LENGTH, CATPRODTRO_WIDTH, CATPRODTRO_GSMDIS, CATPRODTRO_VALID_FROM, CATPRODTRO_VALID_TO, CATPRODTRO_CREATED_BY, CATPRODTRO_UPDATED_BY, CATPRODTRO_CREATED_AT, CATPRODTRO_UPDATED_AT) VALUES ('PTOB', 'F078', 'Bandeja Perf 342x256x95 (Cocido)', NULL, NULL, NULL, NULL, NULL, NULL, NULL, NULL, NULL, NULL);
INSERT INTO CATPRODTRO (XID_CATSTATUS_CODE, CATPRODTRO_PTROQ, CATPRODTRO_NAME, CATPRODTRO_AREA, CATPRODTRO_LENGTH, CATPRODTRO_WIDTH, CATPRODTRO_GSMDIS, CATPRODTRO_VALID_FROM, CATPRODTRO_VALID_TO, CATPRODTRO_CREATED_BY, CATPRODTRO_UPDATED_BY, CATPRODTRO_CREATED_AT, CATPRODTRO_UPDATED_AT) VALUES ('PTIN', 'F079', 'Bandeja sencilla 290x190x65 int', NULL, NULL, NULL, NULL, NULL, NULL, NULL, NULL, NULL, NULL);
INSERT INTO CATPRODTRO (XID_CATSTATUS_CODE, CATPRODTRO_PTROQ, CATPRODTRO_NAME, CATPRODTRO_AREA, CATPRODTRO_LENGTH, CATPRODTRO_WIDTH, CATPRODTRO_GSMDIS, CATPRODTRO_VALID_FROM, CATPRODTRO_VALID_TO, CATPRODTRO_CREATED_BY, CATPRODTRO_UPDATED_BY, CATPRODTRO_CREATED_AT, CATPRODTRO_UPDATED_AT) VALUES ('PTIN', 'F080', 'Bandeja Perf 290x190x65 int', NULL, NULL, NULL, NULL, NULL, NULL, NULL, NULL, NULL, NULL);
INSERT INTO CATPRODTRO (XID_CATSTATUS_CODE, CATPRODTRO_PTROQ, CATPRODTRO_NAME, CATPRODTRO_AREA, CATPRODTRO_LENGTH, CATPRODTRO_WIDTH, CATPRODTRO_GSMDIS, CATPRODTRO_VALID_FROM, CATPRODTRO_VALID_TO, CATPRODTRO_CREATED_BY, CATPRODTRO_UPDATED_BY, CATPRODTRO_CREATED_AT, CATPRODTRO_UPDATED_AT) VALUES ('PTIN', 'F081', 'Liner 125x75x41', NULL, NULL, NULL, NULL, NULL, NULL, NULL, NULL, NULL, NULL);
INSERT INTO CATPRODTRO (XID_CATSTATUS_CODE, CATPRODTRO_PTROQ, CATPRODTRO_NAME, CATPRODTRO_AREA, CATPRODTRO_LENGTH, CATPRODTRO_WIDTH, CATPRODTRO_GSMDIS, CATPRODTRO_VALID_FROM, CATPRODTRO_VALID_TO, CATPRODTRO_CREATED_BY, CATPRODTRO_UPDATED_BY, CATPRODTRO_CREATED_AT, CATPRODTRO_UPDATED_AT) VALUES ('PTVI', 'F082', 'Caja Perf 367x245x92', 0.3031, 731, 603, 500, NULL, NULL, NULL, NULL, NULL, NULL);
INSERT INTO CATPRODTRO (XID_CATSTATUS_CODE, CATPRODTRO_PTROQ, CATPRODTRO_NAME, CATPRODTRO_AREA, CATPRODTRO_LENGTH, CATPRODTRO_WIDTH, CATPRODTRO_GSMDIS, CATPRODTRO_VALID_FROM, CATPRODTRO_VALID_TO, CATPRODTRO_CREATED_BY, CATPRODTRO_UPDATED_BY, CATPRODTRO_CREATED_AT, CATPRODTRO_UPDATED_AT) VALUES ('PTVI', 'F083', 'Bandeja Perforada 278x175x82', 0.1595, 616.2, 333.2, 300, NULL, NULL, NULL, NULL, NULL, NULL);
INSERT INTO CATPRODTRO (XID_CATSTATUS_CODE, CATPRODTRO_PTROQ, CATPRODTRO_NAME, CATPRODTRO_AREA, CATPRODTRO_LENGTH, CATPRODTRO_WIDTH, CATPRODTRO_GSMDIS, CATPRODTRO_VALID_FROM, CATPRODTRO_VALID_TO, CATPRODTRO_CREATED_BY, CATPRODTRO_UPDATED_BY, CATPRODTRO_CREATED_AT, CATPRODTRO_UPDATED_AT) VALUES ('PTVI', 'F084', 'Fenix 2kg - China', 0.1678, 611.2, 339, 300, NULL, NULL, NULL, NULL, NULL, NULL);
INSERT INTO CATPRODTRO (XID_CATSTATUS_CODE, CATPRODTRO_PTROQ, CATPRODTRO_NAME, CATPRODTRO_AREA, CATPRODTRO_LENGTH, CATPRODTRO_WIDTH, CATPRODTRO_GSMDIS, CATPRODTRO_VALID_FROM, CATPRODTRO_VALID_TO, CATPRODTRO_CREATED_BY, CATPRODTRO_UPDATED_BY, CATPRODTRO_CREATED_AT, CATPRODTRO_UPDATED_AT) VALUES ('PTVI', 'F085', 'Fenix 2kg - Corea', 0.1638, 560.2, 319, 300, NULL, NULL, NULL, NULL, NULL, NULL);
INSERT INTO CATPRODTRO (XID_CATSTATUS_CODE, CATPRODTRO_PTROQ, CATPRODTRO_NAME, CATPRODTRO_AREA, CATPRODTRO_LENGTH, CATPRODTRO_WIDTH, CATPRODTRO_GSMDIS, CATPRODTRO_VALID_FROM, CATPRODTRO_VALID_TO, CATPRODTRO_CREATED_BY, CATPRODTRO_UPDATED_BY, CATPRODTRO_CREATED_AT, CATPRODTRO_UPDATED_AT) VALUES ('PTVI', 'F086', 'Tapa Soldada (acc F040)', 0.1404, 439, 334.8, 300, NULL, NULL, NULL, NULL, NULL, NULL);
INSERT INTO CATPRODTRO (XID_CATSTATUS_CODE, CATPRODTRO_PTROQ, CATPRODTRO_NAME, CATPRODTRO_AREA, CATPRODTRO_LENGTH, CATPRODTRO_WIDTH, CATPRODTRO_GSMDIS, CATPRODTRO_VALID_FROM, CATPRODTRO_VALID_TO, CATPRODTRO_CREATED_BY, CATPRODTRO_UPDATED_BY, CATPRODTRO_CREATED_AT, CATPRODTRO_UPDATED_AT) VALUES ('PTVI', 'F087', 'Bandeja doble tapa 389x284x133', 0.5776, 923, 753.4, 500, NULL, NULL, NULL, NULL, NULL, NULL);
INSERT INTO CATPRODTRO (XID_CATSTATUS_CODE, CATPRODTRO_PTROQ, CATPRODTRO_NAME, CATPRODTRO_AREA, CATPRODTRO_LENGTH, CATPRODTRO_WIDTH, CATPRODTRO_GSMDIS, CATPRODTRO_VALID_FROM, CATPRODTRO_VALID_TO, CATPRODTRO_CREATED_BY, CATPRODTRO_UPDATED_BY, CATPRODTRO_CREATED_AT, CATPRODTRO_UPDATED_AT) VALUES ('PTOB', 'F088', 'Bandeja Perf 278x175x82', NULL, NULL, NULL, NULL, NULL, NULL, NULL, NULL, NULL, NULL);
INSERT INTO CATPRODTRO (XID_CATSTATUS_CODE, CATPRODTRO_PTROQ, CATPRODTRO_NAME, CATPRODTRO_AREA, CATPRODTRO_LENGTH, CATPRODTRO_WIDTH, CATPRODTRO_GSMDIS, CATPRODTRO_VALID_FROM, CATPRODTRO_VALID_TO, CATPRODTRO_CREATED_BY, CATPRODTRO_UPDATED_BY, CATPRODTRO_CREATED_AT, CATPRODTRO_UPDATED_AT) VALUES ('PTVI', 'F089', 'Bandeja Perf 265x175x95 (Cocido 2kg)', 0.1843, NULL, NULL, 300, NULL, NULL, NULL, NULL, NULL, NULL);
INSERT INTO CATPRODTRO (XID_CATSTATUS_CODE, CATPRODTRO_PTROQ, CATPRODTRO_NAME, CATPRODTRO_AREA, CATPRODTRO_LENGTH, CATPRODTRO_WIDTH, CATPRODTRO_GSMDIS, CATPRODTRO_VALID_FROM, CATPRODTRO_VALID_TO, CATPRODTRO_CREATED_BY, CATPRODTRO_UPDATED_BY, CATPRODTRO_CREATED_AT, CATPRODTRO_UPDATED_AT) VALUES ('PTVI', 'F090', 'Bandeja pitahaya apilable 367x245x102', 0.3248, 771, 623, 500, NULL, NULL, NULL, NULL, NULL, NULL);
INSERT INTO CATPRODTRO (XID_CATSTATUS_CODE, CATPRODTRO_PTROQ, CATPRODTRO_NAME, CATPRODTRO_AREA, CATPRODTRO_LENGTH, CATPRODTRO_WIDTH, CATPRODTRO_GSMDIS, CATPRODTRO_VALID_FROM, CATPRODTRO_VALID_TO, CATPRODTRO_CREATED_BY, CATPRODTRO_UPDATED_BY, CATPRODTRO_CREATED_AT, CATPRODTRO_UPDATED_AT) VALUES ('PTPE', 'F091', 'Bandeja perf 280x155x50 (1kg)', 0.1103, 487.6, 250, 300, NULL, NULL, NULL, NULL, NULL, NULL);
INSERT INTO CATPRODTRO (XID_CATSTATUS_CODE, CATPRODTRO_PTROQ, CATPRODTRO_NAME, CATPRODTRO_AREA, CATPRODTRO_LENGTH, CATPRODTRO_WIDTH, CATPRODTRO_GSMDIS, CATPRODTRO_VALID_FROM, CATPRODTRO_VALID_TO, CATPRODTRO_CREATED_BY, CATPRODTRO_UPDATED_BY, CATPRODTRO_CREATED_AT, CATPRODTRO_UPDATED_AT) VALUES ('PTVI', 'F092', 'Bandeja doble tapa 382x260x98 ', 0.3712, 770, 656, 500, NULL, NULL, NULL, NULL, NULL, NULL);
INSERT INTO CATPRODTRO (XID_CATSTATUS_CODE, CATPRODTRO_PTROQ, CATPRODTRO_NAME, CATPRODTRO_AREA, CATPRODTRO_LENGTH, CATPRODTRO_WIDTH, CATPRODTRO_GSMDIS, CATPRODTRO_VALID_FROM, CATPRODTRO_VALID_TO, CATPRODTRO_CREATED_BY, CATPRODTRO_UPDATED_BY, CATPRODTRO_CREATED_AT, CATPRODTRO_UPDATED_AT) VALUES ('PTVI', 'F093', 'Division Larga 3 espacios (acc F092)', 0.0311, 90, 361, 300, NULL, NULL, NULL, NULL, NULL, NULL);
INSERT INTO CATPRODTRO (XID_CATSTATUS_CODE, CATPRODTRO_PTROQ, CATPRODTRO_NAME, CATPRODTRO_AREA, CATPRODTRO_LENGTH, CATPRODTRO_WIDTH, CATPRODTRO_GSMDIS, CATPRODTRO_VALID_FROM, CATPRODTRO_VALID_TO, CATPRODTRO_CREATED_BY, CATPRODTRO_UPDATED_BY, CATPRODTRO_CREATED_AT, CATPRODTRO_UPDATED_AT) VALUES ('PTVI', 'F094', 'Division Larga 4 espacios  (acc F092)', 0.0306, 90, 361, 300, NULL, NULL, NULL, NULL, NULL, NULL);
INSERT INTO CATPRODTRO (XID_CATSTATUS_CODE, CATPRODTRO_PTROQ, CATPRODTRO_NAME, CATPRODTRO_AREA, CATPRODTRO_LENGTH, CATPRODTRO_WIDTH, CATPRODTRO_GSMDIS, CATPRODTRO_VALID_FROM, CATPRODTRO_VALID_TO, CATPRODTRO_CREATED_BY, CATPRODTRO_UPDATED_BY, CATPRODTRO_CREATED_AT, CATPRODTRO_UPDATED_AT) VALUES ('PTVI', 'F095', 'Division Corta  (acc F092)', 0.0212, 90, 251, 300, NULL, NULL, NULL, NULL, NULL, NULL);
INSERT INTO CATPRODTRO (XID_CATSTATUS_CODE, CATPRODTRO_PTROQ, CATPRODTRO_NAME, CATPRODTRO_AREA, CATPRODTRO_LENGTH, CATPRODTRO_WIDTH, CATPRODTRO_GSMDIS, CATPRODTRO_VALID_FROM, CATPRODTRO_VALID_TO, CATPRODTRO_CREATED_BY, CATPRODTRO_UPDATED_BY, CATPRODTRO_CREATED_AT, CATPRODTRO_UPDATED_AT) VALUES ('PTVI', 'F096', 'Base Perf 342x256x95 (Cocido)', 0.3467, 651.2, 731.8, 300, NULL, NULL, NULL, NULL, NULL, NULL);
INSERT INTO CATPRODTRO (XID_CATSTATUS_CODE, CATPRODTRO_PTROQ, CATPRODTRO_NAME, CATPRODTRO_AREA, CATPRODTRO_LENGTH, CATPRODTRO_WIDTH, CATPRODTRO_GSMDIS, CATPRODTRO_VALID_FROM, CATPRODTRO_VALID_TO, CATPRODTRO_CREATED_BY, CATPRODTRO_UPDATED_BY, CATPRODTRO_CREATED_AT, CATPRODTRO_UPDATED_AT) VALUES ('PTVI', 'F096S', 'Base Perf 342x256x95 (Cocido Sellado)', 0.3467, 651.2, 731.8, 300, NULL, NULL, NULL, NULL, NULL, NULL);
INSERT INTO CATPRODTRO (XID_CATSTATUS_CODE, CATPRODTRO_PTROQ, CATPRODTRO_NAME, CATPRODTRO_AREA, CATPRODTRO_LENGTH, CATPRODTRO_WIDTH, CATPRODTRO_GSMDIS, CATPRODTRO_VALID_FROM, CATPRODTRO_VALID_TO, CATPRODTRO_CREATED_BY, CATPRODTRO_UPDATED_BY, CATPRODTRO_CREATED_AT, CATPRODTRO_UPDATED_AT) VALUES ('PTVI', 'F097', 'División Corta 2 esp (acc F082)', 0.0168, 85, 200, 300, NULL, NULL, NULL, NULL, NULL, NULL);
INSERT INTO CATPRODTRO (XID_CATSTATUS_CODE, CATPRODTRO_PTROQ, CATPRODTRO_NAME, CATPRODTRO_AREA, CATPRODTRO_LENGTH, CATPRODTRO_WIDTH, CATPRODTRO_GSMDIS, CATPRODTRO_VALID_FROM, CATPRODTRO_VALID_TO, CATPRODTRO_CREATED_BY, CATPRODTRO_UPDATED_BY, CATPRODTRO_CREATED_AT, CATPRODTRO_UPDATED_AT) VALUES ('PTVI', 'F098', 'División Corte 3 esp (acc F082)', 0.0175, 85, 210, 300, NULL, NULL, NULL, NULL, NULL, NULL);
INSERT INTO CATPRODTRO (XID_CATSTATUS_CODE, CATPRODTRO_PTROQ, CATPRODTRO_NAME, CATPRODTRO_AREA, CATPRODTRO_LENGTH, CATPRODTRO_WIDTH, CATPRODTRO_GSMDIS, CATPRODTRO_VALID_FROM, CATPRODTRO_VALID_TO, CATPRODTRO_CREATED_BY, CATPRODTRO_UPDATED_BY, CATPRODTRO_CREATED_AT, CATPRODTRO_UPDATED_AT) VALUES ('PTVI', 'F099', 'División Larga 3 esp (acc F082)', 0.0274, 85, 326, 300, NULL, NULL, NULL, NULL, NULL, NULL);
INSERT INTO CATPRODTRO (XID_CATSTATUS_CODE, CATPRODTRO_PTROQ, CATPRODTRO_NAME, CATPRODTRO_AREA, CATPRODTRO_LENGTH, CATPRODTRO_WIDTH, CATPRODTRO_GSMDIS, CATPRODTRO_VALID_FROM, CATPRODTRO_VALID_TO, CATPRODTRO_CREATED_BY, CATPRODTRO_UPDATED_BY, CATPRODTRO_CREATED_AT, CATPRODTRO_UPDATED_AT) VALUES ('PTVI', 'F100', 'División Larga 4 esp (acc F082)', 0.0271, 85, 326, 300, NULL, NULL, NULL, NULL, NULL, NULL);
INSERT INTO CATPRODTRO (XID_CATSTATUS_CODE, CATPRODTRO_PTROQ, CATPRODTRO_NAME, CATPRODTRO_AREA, CATPRODTRO_LENGTH, CATPRODTRO_WIDTH, CATPRODTRO_GSMDIS, CATPRODTRO_VALID_FROM, CATPRODTRO_VALID_TO, CATPRODTRO_CREATED_BY, CATPRODTRO_UPDATED_BY, CATPRODTRO_CREATED_AT, CATPRODTRO_UPDATED_AT) VALUES ('PTIN', 'F101', 'Bandeja 299x158x48', NULL, NULL, NULL, NULL, NULL, NULL, NULL, NULL, NULL, NULL);
INSERT INTO CATPRODTRO (XID_CATSTATUS_CODE, CATPRODTRO_PTROQ, CATPRODTRO_NAME, CATPRODTRO_AREA, CATPRODTRO_LENGTH, CATPRODTRO_WIDTH, CATPRODTRO_GSMDIS, CATPRODTRO_VALID_FROM, CATPRODTRO_VALID_TO, CATPRODTRO_CREATED_BY, CATPRODTRO_UPDATED_BY, CATPRODTRO_CREATED_AT, CATPRODTRO_UPDATED_AT) VALUES ('PTVI', 'F102', 'Bandeja 0.6 kg', 0.1016, 444, 255.8, 300, NULL, NULL, NULL, NULL, NULL, NULL);
INSERT INTO CATPRODTRO (XID_CATSTATUS_CODE, CATPRODTRO_PTROQ, CATPRODTRO_NAME, CATPRODTRO_AREA, CATPRODTRO_LENGTH, CATPRODTRO_WIDTH, CATPRODTRO_GSMDIS, CATPRODTRO_VALID_FROM, CATPRODTRO_VALID_TO, CATPRODTRO_CREATED_BY, CATPRODTRO_UPDATED_BY, CATPRODTRO_CREATED_AT, CATPRODTRO_UPDATED_AT) VALUES ('PTIN', 'F103', 'SlipSheet', NULL, NULL, NULL, NULL, NULL, NULL, NULL, NULL, NULL, NULL);
INSERT INTO CATPRODTRO (XID_CATSTATUS_CODE, CATPRODTRO_PTROQ, CATPRODTRO_NAME, CATPRODTRO_AREA, CATPRODTRO_LENGTH, CATPRODTRO_WIDTH, CATPRODTRO_GSMDIS, CATPRODTRO_VALID_FROM, CATPRODTRO_VALID_TO, CATPRODTRO_CREATED_BY, CATPRODTRO_UPDATED_BY, CATPRODTRO_CREATED_AT, CATPRODTRO_UPDATED_AT) VALUES ('PTPE', 'F104', 'Bandeja Perf 299x152x70', 0.144, 587.2, 289.1, 300, NULL, NULL, NULL, NULL, NULL, NULL);
INSERT INTO CATPRODTRO (XID_CATSTATUS_CODE, CATPRODTRO_PTROQ, CATPRODTRO_NAME, CATPRODTRO_AREA, CATPRODTRO_LENGTH, CATPRODTRO_WIDTH, CATPRODTRO_GSMDIS, CATPRODTRO_VALID_FROM, CATPRODTRO_VALID_TO, CATPRODTRO_CREATED_BY, CATPRODTRO_UPDATED_BY, CATPRODTRO_CREATED_AT, CATPRODTRO_UPDATED_AT) VALUES ('PTOB', 'F105', 'Bandeja Perf 267x167x79', NULL, NULL, NULL, NULL, NULL, NULL, NULL, NULL, NULL, NULL);
INSERT INTO CATPRODTRO (XID_CATSTATUS_CODE, CATPRODTRO_PTROQ, CATPRODTRO_NAME, CATPRODTRO_AREA, CATPRODTRO_LENGTH, CATPRODTRO_WIDTH, CATPRODTRO_GSMDIS, CATPRODTRO_VALID_FROM, CATPRODTRO_VALID_TO, CATPRODTRO_CREATED_BY, CATPRODTRO_UPDATED_BY, CATPRODTRO_CREATED_AT, CATPRODTRO_UPDATED_AT) VALUES ('PTVI', 'F105B', 'Bandeja Perf 262x167x79', 0.168, 607, 330.6, 300, NULL, NULL, NULL, NULL, NULL, NULL);
INSERT INTO CATPRODTRO (XID_CATSTATUS_CODE, CATPRODTRO_PTROQ, CATPRODTRO_NAME, CATPRODTRO_AREA, CATPRODTRO_LENGTH, CATPRODTRO_WIDTH, CATPRODTRO_GSMDIS, CATPRODTRO_VALID_FROM, CATPRODTRO_VALID_TO, CATPRODTRO_CREATED_BY, CATPRODTRO_UPDATED_BY, CATPRODTRO_CREATED_AT, CATPRODTRO_UPDATED_AT) VALUES ('PTVI', 'F106', 'Bandeja Apilable 339x259x74', 0.2697, 554, 657, 400, NULL, NULL, NULL, NULL, NULL, NULL);
INSERT INTO CATPRODTRO (XID_CATSTATUS_CODE, CATPRODTRO_PTROQ, CATPRODTRO_NAME, CATPRODTRO_AREA, CATPRODTRO_LENGTH, CATPRODTRO_WIDTH, CATPRODTRO_GSMDIS, CATPRODTRO_VALID_FROM, CATPRODTRO_VALID_TO, CATPRODTRO_CREATED_BY, CATPRODTRO_UPDATED_BY, CATPRODTRO_CREATED_AT, CATPRODTRO_UPDATED_AT) VALUES ('PTVI', 'F107', 'Protector 18x60cm', 0.3306, 615, 570, 300, NULL, NULL, NULL, NULL, NULL, NULL);
INSERT INTO CATPRODTRO (XID_CATSTATUS_CODE, CATPRODTRO_PTROQ, CATPRODTRO_NAME, CATPRODTRO_AREA, CATPRODTRO_LENGTH, CATPRODTRO_WIDTH, CATPRODTRO_GSMDIS, CATPRODTRO_VALID_FROM, CATPRODTRO_VALID_TO, CATPRODTRO_CREATED_BY, CATPRODTRO_UPDATED_BY, CATPRODTRO_CREATED_AT, CATPRODTRO_UPDATED_AT) VALUES ('PTVI', 'F108', 'Base Rfrz Perf 261x175x95 (Cocido 2kg)', 0.2303, 655, 564.8, 300, NULL, NULL, NULL, NULL, NULL, NULL);
INSERT INTO CATPRODTRO (XID_CATSTATUS_CODE, CATPRODTRO_PTROQ, CATPRODTRO_NAME, CATPRODTRO_AREA, CATPRODTRO_LENGTH, CATPRODTRO_WIDTH, CATPRODTRO_GSMDIS, CATPRODTRO_VALID_FROM, CATPRODTRO_VALID_TO, CATPRODTRO_CREATED_BY, CATPRODTRO_UPDATED_BY, CATPRODTRO_CREATED_AT, CATPRODTRO_UPDATED_AT) VALUES ('PTVI', 'F109', 'Base Perforada 270x170x83', 0.1586, 614.2, 329.8, 300, NULL, NULL, NULL, NULL, NULL, NULL);
INSERT INTO CATPRODTRO (XID_CATSTATUS_CODE, CATPRODTRO_PTROQ, CATPRODTRO_NAME, CATPRODTRO_AREA, CATPRODTRO_LENGTH, CATPRODTRO_WIDTH, CATPRODTRO_GSMDIS, CATPRODTRO_VALID_FROM, CATPRODTRO_VALID_TO, CATPRODTRO_CREATED_BY, CATPRODTRO_UPDATED_BY, CATPRODTRO_CREATED_AT, CATPRODTRO_UPDATED_AT) VALUES ('PTVI', 'F110', 'Base LogoSP 270x170x83', 0.1712, 614.2, 329.8, 300, NULL, NULL, NULL, NULL, NULL, NULL);
INSERT INTO CATPRODTRO (XID_CATSTATUS_CODE, CATPRODTRO_PTROQ, CATPRODTRO_NAME, CATPRODTRO_AREA, CATPRODTRO_LENGTH, CATPRODTRO_WIDTH, CATPRODTRO_GSMDIS, CATPRODTRO_VALID_FROM, CATPRODTRO_VALID_TO, CATPRODTRO_CREATED_BY, CATPRODTRO_UPDATED_BY, CATPRODTRO_CREATED_AT, CATPRODTRO_UPDATED_AT) VALUES ('PTIN', 'F111', 'Pendiente Definir', NULL, NULL, NULL, NULL, NULL, NULL, NULL, NULL, NULL, NULL);
INSERT INTO CATPRODTRO (XID_CATSTATUS_CODE, CATPRODTRO_PTROQ, CATPRODTRO_NAME, CATPRODTRO_AREA, CATPRODTRO_LENGTH, CATPRODTRO_WIDTH, CATPRODTRO_GSMDIS, CATPRODTRO_VALID_FROM, CATPRODTRO_VALID_TO, CATPRODTRO_CREATED_BY, CATPRODTRO_UPDATED_BY, CATPRODTRO_CREATED_AT, CATPRODTRO_UPDATED_AT) VALUES ('PTVI', 'F112', 'Cuerpo Piram. Esparragos 28 lbs', 0.5342, 878, 658, 670, NULL, NULL, NULL, NULL, NULL, NULL);
INSERT INTO CATPRODTRO (XID_CATSTATUS_CODE, CATPRODTRO_PTROQ, CATPRODTRO_NAME, CATPRODTRO_AREA, CATPRODTRO_LENGTH, CATPRODTRO_WIDTH, CATPRODTRO_GSMDIS, CATPRODTRO_VALID_FROM, CATPRODTRO_VALID_TO, CATPRODTRO_CREATED_BY, CATPRODTRO_UPDATED_BY, CATPRODTRO_CREATED_AT, CATPRODTRO_UPDATED_AT) VALUES ('PTVI', 'F113', 'Base Piram. Esparragos 28 lbs', 0.323, 646, 563, 620, NULL, NULL, NULL, NULL, NULL, NULL);
INSERT INTO CATPRODTRO (XID_CATSTATUS_CODE, CATPRODTRO_PTROQ, CATPRODTRO_NAME, CATPRODTRO_AREA, CATPRODTRO_LENGTH, CATPRODTRO_WIDTH, CATPRODTRO_GSMDIS, CATPRODTRO_VALID_FROM, CATPRODTRO_VALID_TO, CATPRODTRO_CREATED_BY, CATPRODTRO_UPDATED_BY, CATPRODTRO_CREATED_AT, CATPRODTRO_UPDATED_AT) VALUES ('PTVI', 'F114', 'Bandeja Perf. 381x267x127 (Arm. Maq.)', 0.3634, 881, 509, 300, NULL, NULL, NULL, NULL, NULL, NULL);
INSERT INTO CATPRODTRO (XID_CATSTATUS_CODE, CATPRODTRO_PTROQ, CATPRODTRO_NAME, CATPRODTRO_AREA, CATPRODTRO_LENGTH, CATPRODTRO_WIDTH, CATPRODTRO_GSMDIS, CATPRODTRO_VALID_FROM, CATPRODTRO_VALID_TO, CATPRODTRO_CREATED_BY, CATPRODTRO_UPDATED_BY, CATPRODTRO_CREATED_AT, CATPRODTRO_UPDATED_AT) VALUES ('PTVI', 'F115', 'Bandeja Perforada 4kg 350x278x85', 0.2914, 621.4, 636, 300, NULL, NULL, NULL, NULL, NULL, NULL);
INSERT INTO CATPRODTRO (XID_CATSTATUS_CODE, CATPRODTRO_PTROQ, CATPRODTRO_NAME, CATPRODTRO_AREA, CATPRODTRO_LENGTH, CATPRODTRO_WIDTH, CATPRODTRO_GSMDIS, CATPRODTRO_VALID_FROM, CATPRODTRO_VALID_TO, CATPRODTRO_CREATED_BY, CATPRODTRO_UPDATED_BY, CATPRODTRO_CREATED_AT, CATPRODTRO_UPDATED_AT) VALUES ('PTVI', 'F116', 'Base BQ - Inicio ', 0.2649, 843, 320.5, 600, NULL, NULL, NULL, NULL, NULL, NULL);
INSERT INTO CATPRODTRO (XID_CATSTATUS_CODE, CATPRODTRO_PTROQ, CATPRODTRO_NAME, CATPRODTRO_AREA, CATPRODTRO_LENGTH, CATPRODTRO_WIDTH, CATPRODTRO_GSMDIS, CATPRODTRO_VALID_FROM, CATPRODTRO_VALID_TO, CATPRODTRO_CREATED_BY, CATPRODTRO_UPDATED_BY, CATPRODTRO_CREATED_AT, CATPRODTRO_UPDATED_AT) VALUES ('PTVI', 'F117', 'Tapa BQ - Flechas ', 0.2756, 862, 324.5, 600, NULL, NULL, NULL, NULL, NULL, NULL);
INSERT INTO CATPRODTRO (XID_CATSTATUS_CODE, CATPRODTRO_PTROQ, CATPRODTRO_NAME, CATPRODTRO_AREA, CATPRODTRO_LENGTH, CATPRODTRO_WIDTH, CATPRODTRO_GSMDIS, CATPRODTRO_VALID_FROM, CATPRODTRO_VALID_TO, CATPRODTRO_CREATED_BY, CATPRODTRO_UPDATED_BY, CATPRODTRO_CREATED_AT, CATPRODTRO_UPDATED_AT) VALUES ('PTVI', 'F118', 'Separador BQ 623x44x41', 0.076, 122, 623, 600, NULL, NULL, NULL, NULL, NULL, NULL);
INSERT INTO CATPRODTRO (XID_CATSTATUS_CODE, CATPRODTRO_PTROQ, CATPRODTRO_NAME, CATPRODTRO_AREA, CATPRODTRO_LENGTH, CATPRODTRO_WIDTH, CATPRODTRO_GSMDIS, CATPRODTRO_VALID_FROM, CATPRODTRO_VALID_TO, CATPRODTRO_CREATED_BY, CATPRODTRO_UPDATED_BY, CATPRODTRO_CREATED_AT, CATPRODTRO_UPDATED_AT) VALUES ('PTVI', 'F119', 'Caja 10lbs 423x252x136', 0.499, 976, 659, 550, NULL, NULL, NULL, NULL, NULL, NULL);
INSERT INTO CATPRODTRO (XID_CATSTATUS_CODE, CATPRODTRO_PTROQ, CATPRODTRO_NAME, CATPRODTRO_AREA, CATPRODTRO_LENGTH, CATPRODTRO_WIDTH, CATPRODTRO_GSMDIS, CATPRODTRO_VALID_FROM, CATPRODTRO_VALID_TO, CATPRODTRO_CREATED_BY, CATPRODTRO_UPDATED_BY, CATPRODTRO_CREATED_AT, CATPRODTRO_UPDATED_AT) VALUES ('PTVI', 'F120', 'Bandeja Apilable 367x245x102 Refzd', 0.3425, 771, 623, 600, NULL, NULL, NULL, NULL, NULL, NULL);
INSERT INTO CATPRODTRO (XID_CATSTATUS_CODE, CATPRODTRO_PTROQ, CATPRODTRO_NAME, CATPRODTRO_AREA, CATPRODTRO_LENGTH, CATPRODTRO_WIDTH, CATPRODTRO_GSMDIS, CATPRODTRO_VALID_FROM, CATPRODTRO_VALID_TO, CATPRODTRO_CREATED_BY, CATPRODTRO_UPDATED_BY, CATPRODTRO_CREATED_AT, CATPRODTRO_UPDATED_AT) VALUES ('PTVI', 'F121', 'Bandeja doble tapa 389x284x133', 0.5337, 914, 680, 500, NULL, NULL, NULL, NULL, NULL, NULL);
INSERT INTO CATPRODTRO (XID_CATSTATUS_CODE, CATPRODTRO_PTROQ, CATPRODTRO_NAME, CATPRODTRO_AREA, CATPRODTRO_LENGTH, CATPRODTRO_WIDTH, CATPRODTRO_GSMDIS, CATPRODTRO_VALID_FROM, CATPRODTRO_VALID_TO, CATPRODTRO_CREATED_BY, CATPRODTRO_UPDATED_BY, CATPRODTRO_CREATED_AT, CATPRODTRO_UPDATED_AT) VALUES ('PTVI', 'F121B', 'Bandeja doble tapa 389x284x133', 0.5306, 914, 680, 500, NULL, NULL, NULL, NULL, NULL, NULL);
INSERT INTO CATPRODTRO (XID_CATSTATUS_CODE, CATPRODTRO_PTROQ, CATPRODTRO_NAME, CATPRODTRO_AREA, CATPRODTRO_LENGTH, CATPRODTRO_WIDTH, CATPRODTRO_GSMDIS, CATPRODTRO_VALID_FROM, CATPRODTRO_VALID_TO, CATPRODTRO_CREATED_BY, CATPRODTRO_UPDATED_BY, CATPRODTRO_CREATED_AT, CATPRODTRO_UPDATED_AT) VALUES ('PTVI', 'F122', 'Bandeja Apilable 367x245x95 Refzd', 0.3242, 743, 609, 600, NULL, NULL, NULL, NULL, NULL, NULL);
INSERT INTO CATPRODTRO (XID_CATSTATUS_CODE, CATPRODTRO_PTROQ, CATPRODTRO_NAME, CATPRODTRO_AREA, CATPRODTRO_LENGTH, CATPRODTRO_WIDTH, CATPRODTRO_GSMDIS, CATPRODTRO_VALID_FROM, CATPRODTRO_VALID_TO, CATPRODTRO_CREATED_BY, CATPRODTRO_UPDATED_BY, CATPRODTRO_CREATED_AT, CATPRODTRO_UPDATED_AT) VALUES ('PTVI', 'F123', 'Bandeja Perf. 277x175x72', 0.0996, 457.8, 253, 300, NULL, NULL, NULL, NULL, NULL, NULL);
INSERT INTO CATPRODTRO (XID_CATSTATUS_CODE, CATPRODTRO_PTROQ, CATPRODTRO_NAME, CATPRODTRO_AREA, CATPRODTRO_LENGTH, CATPRODTRO_WIDTH, CATPRODTRO_GSMDIS, CATPRODTRO_VALID_FROM, CATPRODTRO_VALID_TO, CATPRODTRO_CREATED_BY, CATPRODTRO_UPDATED_BY, CATPRODTRO_CREATED_AT, CATPRODTRO_UPDATED_AT) VALUES ('PTVI', 'F124', 'Bandeja 384x288x85', 0.3674, 744, 664, 500, NULL, NULL, NULL, NULL, NULL, NULL);
INSERT INTO CATPRODTRO (XID_CATSTATUS_CODE, CATPRODTRO_PTROQ, CATPRODTRO_NAME, CATPRODTRO_AREA, CATPRODTRO_LENGTH, CATPRODTRO_WIDTH, CATPRODTRO_GSMDIS, CATPRODTRO_VALID_FROM, CATPRODTRO_VALID_TO, CATPRODTRO_CREATED_BY, CATPRODTRO_UPDATED_BY, CATPRODTRO_CREATED_AT, CATPRODTRO_UPDATED_AT) VALUES ('PTVI', 'F125', 'Base soldada 270x170x83', 0.1435, 433.4, 333.4, 330, NULL, NULL, NULL, NULL, NULL, NULL);
INSERT INTO CATPRODTRO (XID_CATSTATUS_CODE, CATPRODTRO_PTROQ, CATPRODTRO_NAME, CATPRODTRO_AREA, CATPRODTRO_LENGTH, CATPRODTRO_WIDTH, CATPRODTRO_GSMDIS, CATPRODTRO_VALID_FROM, CATPRODTRO_VALID_TO, CATPRODTRO_CREATED_BY, CATPRODTRO_UPDATED_BY, CATPRODTRO_CREATED_AT, CATPRODTRO_UPDATED_AT) VALUES ('PTVI', 'F126', 'Biombo 50x50x25', 0.7248, 750, 1000, 600, NULL, NULL, NULL, NULL, NULL, NULL);
INSERT INTO CATPRODTRO (XID_CATSTATUS_CODE, CATPRODTRO_PTROQ, CATPRODTRO_NAME, CATPRODTRO_AREA, CATPRODTRO_LENGTH, CATPRODTRO_WIDTH, CATPRODTRO_GSMDIS, CATPRODTRO_VALID_FROM, CATPRODTRO_VALID_TO, CATPRODTRO_CREATED_BY, CATPRODTRO_UPDATED_BY, CATPRODTRO_CREATED_AT, CATPRODTRO_UPDATED_AT) VALUES ('PTVI', 'F127', 'Bandeja Perf. 342x253x95 (Coc. Maq.)', 0.2799, 717, 514, 350, NULL, NULL, NULL, NULL, NULL, NULL);
INSERT INTO CATPRODTRO (XID_CATSTATUS_CODE, CATPRODTRO_PTROQ, CATPRODTRO_NAME, CATPRODTRO_AREA, CATPRODTRO_LENGTH, CATPRODTRO_WIDTH, CATPRODTRO_GSMDIS, CATPRODTRO_VALID_FROM, CATPRODTRO_VALID_TO, CATPRODTRO_CREATED_BY, CATPRODTRO_UPDATED_BY, CATPRODTRO_CREATED_AT, CATPRODTRO_UPDATED_AT) VALUES ('PTVI', 'F128', 'Bandeja Perf. 350x253x95 (Crudo. Maq.)', 0.2626, 724.6, 439.4, 300, NULL, NULL, NULL, NULL, NULL, NULL);
INSERT INTO CATPRODTRO (XID_CATSTATUS_CODE, CATPRODTRO_PTROQ, CATPRODTRO_NAME, CATPRODTRO_AREA, CATPRODTRO_LENGTH, CATPRODTRO_WIDTH, CATPRODTRO_GSMDIS, CATPRODTRO_VALID_FROM, CATPRODTRO_VALID_TO, CATPRODTRO_CREATED_BY, CATPRODTRO_UPDATED_BY, CATPRODTRO_CREATED_AT, CATPRODTRO_UPDATED_AT) VALUES ('PTVI', 'F129', 'Bandeja Perf Ref. 363x261x94 ', 0.3602, 647, 746.8, 350, NULL, NULL, NULL, NULL, NULL, NULL);
INSERT INTO CATPRODTRO (XID_CATSTATUS_CODE, CATPRODTRO_PTROQ, CATPRODTRO_NAME, CATPRODTRO_AREA, CATPRODTRO_LENGTH, CATPRODTRO_WIDTH, CATPRODTRO_GSMDIS, CATPRODTRO_VALID_FROM, CATPRODTRO_VALID_TO, CATPRODTRO_CREATED_BY, CATPRODTRO_UPDATED_BY, CATPRODTRO_CREATED_AT, CATPRODTRO_UPDATED_AT) VALUES ('PTVI', 'F130', 'Bandeja Perf 335x170x84', 0.2118, 690.2, 336, 300, NULL, NULL, NULL, NULL, NULL, NULL);
INSERT INTO CATPRODTRO (XID_CATSTATUS_CODE, CATPRODTRO_PTROQ, CATPRODTRO_NAME, CATPRODTRO_AREA, CATPRODTRO_LENGTH, CATPRODTRO_WIDTH, CATPRODTRO_GSMDIS, CATPRODTRO_VALID_FROM, CATPRODTRO_VALID_TO, CATPRODTRO_CREATED_BY, CATPRODTRO_UPDATED_BY, CATPRODTRO_CREATED_AT, CATPRODTRO_UPDATED_AT) VALUES ('PTVI', 'F134', 'Bandeja 386x290x87', 0.3535, 744, 610, 550, NULL, NULL, NULL, NULL, NULL, NULL);
INSERT INTO CATPRODTRO (XID_CATSTATUS_CODE, CATPRODTRO_PTROQ, CATPRODTRO_NAME, CATPRODTRO_AREA, CATPRODTRO_LENGTH, CATPRODTRO_WIDTH, CATPRODTRO_GSMDIS, CATPRODTRO_VALID_FROM, CATPRODTRO_VALID_TO, CATPRODTRO_CREATED_BY, CATPRODTRO_UPDATED_BY, CATPRODTRO_CREATED_AT, CATPRODTRO_UPDATED_AT) VALUES ('PTVI', 'F135', 'Bandeja Perforada 270x170x83', 0.1548, 614.2, 329.8, 300, NULL, NULL, NULL, NULL, NULL, NULL);
INSERT INTO CATPRODTRO (XID_CATSTATUS_CODE, CATPRODTRO_PTROQ, CATPRODTRO_NAME, CATPRODTRO_AREA, CATPRODTRO_LENGTH, CATPRODTRO_WIDTH, CATPRODTRO_GSMDIS, CATPRODTRO_VALID_FROM, CATPRODTRO_VALID_TO, CATPRODTRO_CREATED_BY, CATPRODTRO_UPDATED_BY, CATPRODTRO_CREATED_AT, CATPRODTRO_UPDATED_AT) VALUES ('PTVI', 'F136', 'Bandeja P.R. 500x400x90', 0.4984, 870, 686, 600, NULL, NULL, NULL, NULL, NULL, NULL);
INSERT INTO CATPRODTRO (XID_CATSTATUS_CODE, CATPRODTRO_PTROQ, CATPRODTRO_NAME, CATPRODTRO_AREA, CATPRODTRO_LENGTH, CATPRODTRO_WIDTH, CATPRODTRO_GSMDIS, CATPRODTRO_VALID_FROM, CATPRODTRO_VALID_TO, CATPRODTRO_CREATED_BY, CATPRODTRO_UPDATED_BY, CATPRODTRO_CREATED_AT, CATPRODTRO_UPDATED_AT) VALUES ('PTVI', 'F137', 'Bandeja Perf. 289x188x70', 0.1629, 577, 321.8, 300, NULL, NULL, NULL, NULL, NULL, NULL);
INSERT INTO CATPRODTRO (XID_CATSTATUS_CODE, CATPRODTRO_PTROQ, CATPRODTRO_NAME, CATPRODTRO_AREA, CATPRODTRO_LENGTH, CATPRODTRO_WIDTH, CATPRODTRO_GSMDIS, CATPRODTRO_VALID_FROM, CATPRODTRO_VALID_TO, CATPRODTRO_CREATED_BY, CATPRODTRO_UPDATED_BY, CATPRODTRO_CREATED_AT, CATPRODTRO_UPDATED_AT) VALUES ('PTVI', 'F138', 'Bandeja Perf. 302x202x60', 0.16, 550, 317.8, 300, NULL, NULL, NULL, NULL, NULL, NULL);
INSERT INTO CATPRODTRO (XID_CATSTATUS_CODE, CATPRODTRO_PTROQ, CATPRODTRO_NAME, CATPRODTRO_AREA, CATPRODTRO_LENGTH, CATPRODTRO_WIDTH, CATPRODTRO_GSMDIS, CATPRODTRO_VALID_FROM, CATPRODTRO_VALID_TO, CATPRODTRO_CREATED_BY, CATPRODTRO_UPDATED_BY, CATPRODTRO_CREATED_AT, CATPRODTRO_UPDATED_AT) VALUES ('PTIN', 'F139', 'Caja Envolvente ', 0.3364, 1436, 245, NULL, NULL, NULL, NULL, NULL, NULL, NULL);
INSERT INTO CATPRODTRO (XID_CATSTATUS_CODE, CATPRODTRO_PTROQ, CATPRODTRO_NAME, CATPRODTRO_AREA, CATPRODTRO_LENGTH, CATPRODTRO_WIDTH, CATPRODTRO_GSMDIS, CATPRODTRO_VALID_FROM, CATPRODTRO_VALID_TO, CATPRODTRO_CREATED_BY, CATPRODTRO_UPDATED_BY, CATPRODTRO_CREATED_AT, CATPRODTRO_UPDATED_AT) VALUES ('PTVI', 'F140', 'Bandeja 287x187x70', 0.1662, 575, 320.8, 300, NULL, NULL, NULL, NULL, NULL, NULL);
INSERT INTO CATPRODTRO (XID_CATSTATUS_CODE, CATPRODTRO_PTROQ, CATPRODTRO_NAME, CATPRODTRO_AREA, CATPRODTRO_LENGTH, CATPRODTRO_WIDTH, CATPRODTRO_GSMDIS, CATPRODTRO_VALID_FROM, CATPRODTRO_VALID_TO, CATPRODTRO_CREATED_BY, CATPRODTRO_UPDATED_BY, CATPRODTRO_CREATED_AT, CATPRODTRO_UPDATED_AT) VALUES ('PTIN', 'F141', 'Bandeja Tapada 287x151x64', 0.1908, 412.2, 488.4, 300, NULL, NULL, NULL, NULL, NULL, NULL);
INSERT INTO CATPRODTRO (XID_CATSTATUS_CODE, CATPRODTRO_PTROQ, CATPRODTRO_NAME, CATPRODTRO_AREA, CATPRODTRO_LENGTH, CATPRODTRO_WIDTH, CATPRODTRO_GSMDIS, CATPRODTRO_VALID_FROM, CATPRODTRO_VALID_TO, CATPRODTRO_CREATED_BY, CATPRODTRO_UPDATED_BY, CATPRODTRO_CREATED_AT, CATPRODTRO_UPDATED_AT) VALUES ('PTVI', 'F142', 'Base Mnr Lw', 0.4667, 938.4, 512, 800, NULL, NULL, NULL, NULL, NULL, NULL);
INSERT INTO CATPRODTRO (XID_CATSTATUS_CODE, CATPRODTRO_PTROQ, CATPRODTRO_NAME, CATPRODTRO_AREA, CATPRODTRO_LENGTH, CATPRODTRO_WIDTH, CATPRODTRO_GSMDIS, CATPRODTRO_VALID_FROM, CATPRODTRO_VALID_TO, CATPRODTRO_CREATED_BY, CATPRODTRO_UPDATED_BY, CATPRODTRO_CREATED_AT, CATPRODTRO_UPDATED_AT) VALUES ('PTVI', 'F143', 'Tapa Mnr Lw', 0.494, 965.4, 522, 800, NULL, NULL, NULL, NULL, NULL, NULL);
INSERT INTO CATPRODTRO (XID_CATSTATUS_CODE, CATPRODTRO_PTROQ, CATPRODTRO_NAME, CATPRODTRO_AREA, CATPRODTRO_LENGTH, CATPRODTRO_WIDTH, CATPRODTRO_GSMDIS, CATPRODTRO_VALID_FROM, CATPRODTRO_VALID_TO, CATPRODTRO_CREATED_BY, CATPRODTRO_UPDATED_BY, CATPRODTRO_CREATED_AT, CATPRODTRO_UPDATED_AT) VALUES ('PTVI', 'F144', 'Separador Mnr Lw', 0.5868, 600, 981, 600, NULL, NULL, NULL, NULL, NULL, NULL);

/*==============================================================*/
/* Import: CATTRO Catalogos troqueles                           */
/*==============================================================*/
INSERT INTO CATTRO (XID_CATFAB_CODE, XID_CATSTATUS_CODE, XID_CATPRODTRO_CODE, CATTRO_NAME, CATTRO_CREATED_DATE, CATTRO_DSB_MULTIPLE, CATTRO_OBSERVATIONS, CATTRO_QUANTITY, CATTRO_QUANTITY_L, CATTRO_SEPARATION_L, CATTRO_QUANTITY_W, CATTRO_SEPARATION_W, CATTRO_BORDER_L, CATTRO_BORDER_W, CATTRO_LEAF_L, CATTRO_LEAF_W, CATTRO_VALID_FROM, CATTRO_VALID_TO, CATTRO_CREATED_BY, CATTRO_UPDATED_BY, CATTRO_CREATED_AT, CATTRO_UPDATED_AT) VALUES (NULL, 'VI', 2, 'T001B(1x)-N/A-Corte Manual', '2018-01-01', NULL, NULL, 1, 1, 0, 1, 0, 20, 4, 1520, 1004, NULL, NULL, NULL, NULL, NULL, NULL);
INSERT INTO CATTRO (XID_CATFAB_CODE, XID_CATSTATUS_CODE, XID_CATPRODTRO_CODE, CATTRO_NAME, CATTRO_CREATED_DATE, CATTRO_DSB_MULTIPLE, CATTRO_OBSERVATIONS, CATTRO_QUANTITY, CATTRO_QUANTITY_L, CATTRO_SEPARATION_L, CATTRO_QUANTITY_W, CATTRO_SEPARATION_W, CATTRO_BORDER_L, CATTRO_BORDER_W, CATTRO_LEAF_L, CATTRO_LEAF_W, CATTRO_VALID_FROM, CATTRO_VALID_TO, CATTRO_CREATED_BY, CATTRO_UPDATED_BY, CATTRO_CREATED_AT, CATTRO_UPDATED_AT) VALUES (1, 'VI', 12, 'T011(1x)-R&M-Mq01 TH', '2018-01-01', NULL, NULL, 1, 1, 0, 1, 0, 39, 41, 610, 1460, NULL, NULL, NULL, NULL, NULL, NULL);
INSERT INTO CATTRO (XID_CATFAB_CODE, XID_CATSTATUS_CODE, XID_CATPRODTRO_CODE, CATTRO_NAME, CATTRO_CREATED_DATE, CATTRO_DSB_MULTIPLE, CATTRO_OBSERVATIONS, CATTRO_QUANTITY, CATTRO_QUANTITY_L, CATTRO_SEPARATION_L, CATTRO_QUANTITY_W, CATTRO_SEPARATION_W, CATTRO_BORDER_L, CATTRO_BORDER_W, CATTRO_LEAF_L, CATTRO_LEAF_W, CATTRO_VALID_FROM, CATTRO_VALID_TO, CATTRO_CREATED_BY, CATTRO_UPDATED_BY, CATTRO_CREATED_AT, CATTRO_UPDATED_AT) VALUES (1, 'VI', 13, 'T012(1x)-R&M-Mq01 TH', '2018-01-01', NULL, NULL, 1, 1, 0, 1, 0, 24, 30, 610, 1460, NULL, NULL, NULL, NULL, NULL, NULL);
INSERT INTO CATTRO (XID_CATFAB_CODE, XID_CATSTATUS_CODE, XID_CATPRODTRO_CODE, CATTRO_NAME, CATTRO_CREATED_DATE, CATTRO_DSB_MULTIPLE, CATTRO_OBSERVATIONS, CATTRO_QUANTITY, CATTRO_QUANTITY_L, CATTRO_SEPARATION_L, CATTRO_QUANTITY_W, CATTRO_SEPARATION_W, CATTRO_BORDER_L, CATTRO_BORDER_W, CATTRO_LEAF_L, CATTRO_LEAF_W, CATTRO_VALID_FROM, CATTRO_VALID_TO, CATTRO_CREATED_BY, CATTRO_UPDATED_BY, CATTRO_CREATED_AT, CATTRO_UPDATED_AT) VALUES (1, 'VI', 15, 'T014(1x)-R&M-Mq01 TH', '2018-01-01', NULL, NULL, 1, 1, 0, 1, 0, 41, 103, 610, 1460, NULL, NULL, NULL, NULL, NULL, NULL);
INSERT INTO CATTRO (XID_CATFAB_CODE, XID_CATSTATUS_CODE, XID_CATPRODTRO_CODE, CATTRO_NAME, CATTRO_CREATED_DATE, CATTRO_DSB_MULTIPLE, CATTRO_OBSERVATIONS, CATTRO_QUANTITY, CATTRO_QUANTITY_L, CATTRO_SEPARATION_L, CATTRO_QUANTITY_W, CATTRO_SEPARATION_W, CATTRO_BORDER_L, CATTRO_BORDER_W, CATTRO_LEAF_L, CATTRO_LEAF_W, CATTRO_VALID_FROM, CATTRO_VALID_TO, CATTRO_CREATED_BY, CATTRO_UPDATED_BY, CATTRO_CREATED_AT, CATTRO_UPDATED_AT) VALUES (1, 'VI', 16, 'T015(1x)-R&M-Mq01 TH', '2018-01-01', NULL, NULL, 1, 1, 0, 1, 0, 31, 99, 610, 1460, NULL, NULL, NULL, NULL, NULL, NULL);
INSERT INTO CATTRO (XID_CATFAB_CODE, XID_CATSTATUS_CODE, XID_CATPRODTRO_CODE, CATTRO_NAME, CATTRO_CREATED_DATE, CATTRO_DSB_MULTIPLE, CATTRO_OBSERVATIONS, CATTRO_QUANTITY, CATTRO_QUANTITY_L, CATTRO_SEPARATION_L, CATTRO_QUANTITY_W, CATTRO_SEPARATION_W, CATTRO_BORDER_L, CATTRO_BORDER_W, CATTRO_LEAF_L, CATTRO_LEAF_W, CATTRO_VALID_FROM, CATTRO_VALID_TO, CATTRO_CREATED_BY, CATTRO_UPDATED_BY, CATTRO_CREATED_AT, CATTRO_UPDATED_AT) VALUES (NULL, 'PE', 20, 'T018B(1x)--Man1, Atm3', '2018-01-01', NULL, NULL, 1, 1, 0, 1, 0, 26, 28, 815, 660, NULL, NULL, NULL, NULL, NULL, NULL);
INSERT INTO CATTRO (XID_CATFAB_CODE, XID_CATSTATUS_CODE, XID_CATPRODTRO_CODE, CATTRO_NAME, CATTRO_CREATED_DATE, CATTRO_DSB_MULTIPLE, CATTRO_OBSERVATIONS, CATTRO_QUANTITY, CATTRO_QUANTITY_L, CATTRO_SEPARATION_L, CATTRO_QUANTITY_W, CATTRO_SEPARATION_W, CATTRO_BORDER_L, CATTRO_BORDER_W, CATTRO_LEAF_L, CATTRO_LEAF_W, CATTRO_VALID_FROM, CATTRO_VALID_TO, CATTRO_CREATED_BY, CATTRO_UPDATED_BY, CATTRO_CREATED_AT, CATTRO_UPDATED_AT) VALUES (2, 'PE', 29, 'T027(2x)-MBACH-Mq04 DC', '2021-11-29', NULL, NULL, 2, 1, -90, 2, 8, 48, 38, 610, 1020, NULL, NULL, NULL, NULL, NULL, NULL);
INSERT INTO CATTRO (XID_CATFAB_CODE, XID_CATSTATUS_CODE, XID_CATPRODTRO_CODE, CATTRO_NAME, CATTRO_CREATED_DATE, CATTRO_DSB_MULTIPLE, CATTRO_OBSERVATIONS, CATTRO_QUANTITY, CATTRO_QUANTITY_L, CATTRO_SEPARATION_L, CATTRO_QUANTITY_W, CATTRO_SEPARATION_W, CATTRO_BORDER_L, CATTRO_BORDER_W, CATTRO_LEAF_L, CATTRO_LEAF_W, CATTRO_VALID_FROM, CATTRO_VALID_TO, CATTRO_CREATED_BY, CATTRO_UPDATED_BY, CATTRO_CREATED_AT, CATTRO_UPDATED_AT) VALUES (NULL, 'VI', 32, 'T030(1x)--Mq01 TH', '2018-01-01', NULL, NULL, 1, 1, 0, 1, 0, 29, 29, 625, 515, NULL, NULL, NULL, NULL, NULL, NULL);
INSERT INTO CATTRO (XID_CATFAB_CODE, XID_CATSTATUS_CODE, XID_CATPRODTRO_CODE, CATTRO_NAME, CATTRO_CREATED_DATE, CATTRO_DSB_MULTIPLE, CATTRO_OBSERVATIONS, CATTRO_QUANTITY, CATTRO_QUANTITY_L, CATTRO_SEPARATION_L, CATTRO_QUANTITY_W, CATTRO_SEPARATION_W, CATTRO_BORDER_L, CATTRO_BORDER_W, CATTRO_LEAF_L, CATTRO_LEAF_W, CATTRO_VALID_FROM, CATTRO_VALID_TO, CATTRO_CREATED_BY, CATTRO_UPDATED_BY, CATTRO_CREATED_AT, CATTRO_UPDATED_AT) VALUES (2, 'VI', 42, 'T040(3x)-MBACH-Mq03 LS', '2018-01-01', '210426x3', NULL, 3, 1, 0, 3, 0, 30, 30, 645, 1020, NULL, NULL, NULL, NULL, NULL, NULL);
INSERT INTO CATTRO (XID_CATFAB_CODE, XID_CATSTATUS_CODE, XID_CATPRODTRO_CODE, CATTRO_NAME, CATTRO_CREATED_DATE, CATTRO_DSB_MULTIPLE, CATTRO_OBSERVATIONS, CATTRO_QUANTITY, CATTRO_QUANTITY_L, CATTRO_SEPARATION_L, CATTRO_QUANTITY_W, CATTRO_SEPARATION_W, CATTRO_BORDER_L, CATTRO_BORDER_W, CATTRO_LEAF_L, CATTRO_LEAF_W, CATTRO_VALID_FROM, CATTRO_VALID_TO, CATTRO_CREATED_BY, CATTRO_UPDATED_BY, CATTRO_CREATED_AT, CATTRO_UPDATED_AT) VALUES (1, 'VI', 42, 'T040(3x)-R&M-Mq03 LS', '2018-01-01', NULL, NULL, 3, 1, 0, 3, 0, 30, 30, 645, 1020, NULL, NULL, NULL, NULL, NULL, NULL);
INSERT INTO CATTRO (XID_CATFAB_CODE, XID_CATSTATUS_CODE, XID_CATPRODTRO_CODE, CATTRO_NAME, CATTRO_CREATED_DATE, CATTRO_DSB_MULTIPLE, CATTRO_OBSERVATIONS, CATTRO_QUANTITY, CATTRO_QUANTITY_L, CATTRO_SEPARATION_L, CATTRO_QUANTITY_W, CATTRO_SEPARATION_W, CATTRO_BORDER_L, CATTRO_BORDER_W, CATTRO_LEAF_L, CATTRO_LEAF_W, CATTRO_VALID_FROM, CATTRO_VALID_TO, CATTRO_CREATED_BY, CATTRO_UPDATED_BY, CATTRO_CREATED_AT, CATTRO_UPDATED_AT) VALUES (1, 'VI', 42, 'T040(6x)-R&M-Mq01 TH', '2018-01-01', NULL, NULL, 6, 2, 0, 3, 0, 31, 30, 1260, 1020, NULL, NULL, NULL, NULL, NULL, NULL);
INSERT INTO CATTRO (XID_CATFAB_CODE, XID_CATSTATUS_CODE, XID_CATPRODTRO_CODE, CATTRO_NAME, CATTRO_CREATED_DATE, CATTRO_DSB_MULTIPLE, CATTRO_OBSERVATIONS, CATTRO_QUANTITY, CATTRO_QUANTITY_L, CATTRO_SEPARATION_L, CATTRO_QUANTITY_W, CATTRO_SEPARATION_W, CATTRO_BORDER_L, CATTRO_BORDER_W, CATTRO_LEAF_L, CATTRO_LEAF_W, CATTRO_VALID_FROM, CATTRO_VALID_TO, CATTRO_CREATED_BY, CATTRO_UPDATED_BY, CATTRO_CREATED_AT, CATTRO_UPDATED_AT) VALUES (NULL, 'VI', 44, 'T042(1x)--', '2018-01-01', NULL, NULL, 1, 1, 0, 1, 0, 29, 30, 1220, 400, NULL, NULL, NULL, NULL, NULL, NULL);
INSERT INTO CATTRO (XID_CATFAB_CODE, XID_CATSTATUS_CODE, XID_CATPRODTRO_CODE, CATTRO_NAME, CATTRO_CREATED_DATE, CATTRO_DSB_MULTIPLE, CATTRO_OBSERVATIONS, CATTRO_QUANTITY, CATTRO_QUANTITY_L, CATTRO_SEPARATION_L, CATTRO_QUANTITY_W, CATTRO_SEPARATION_W, CATTRO_BORDER_L, CATTRO_BORDER_W, CATTRO_LEAF_L, CATTRO_LEAF_W, CATTRO_VALID_FROM, CATTRO_VALID_TO, CATTRO_CREATED_BY, CATTRO_UPDATED_BY, CATTRO_CREATED_AT, CATTRO_UPDATED_AT) VALUES (1, 'VI', 45, 'T043(1x)-R&M-Mq01 TH', '2018-01-01', NULL, NULL, 1, 1, 0, 1, 0, 30, 29, 830, 570, NULL, NULL, NULL, NULL, NULL, NULL);
INSERT INTO CATTRO (XID_CATFAB_CODE, XID_CATSTATUS_CODE, XID_CATPRODTRO_CODE, CATTRO_NAME, CATTRO_CREATED_DATE, CATTRO_DSB_MULTIPLE, CATTRO_OBSERVATIONS, CATTRO_QUANTITY, CATTRO_QUANTITY_L, CATTRO_SEPARATION_L, CATTRO_QUANTITY_W, CATTRO_SEPARATION_W, CATTRO_BORDER_L, CATTRO_BORDER_W, CATTRO_LEAF_L, CATTRO_LEAF_W, CATTRO_VALID_FROM, CATTRO_VALID_TO, CATTRO_CREATED_BY, CATTRO_UPDATED_BY, CATTRO_CREATED_AT, CATTRO_UPDATED_AT) VALUES (1, 'VI', 45, 'T043(1x)-R&M-Mq03 LS', '2018-01-01', NULL, NULL, 1, 1, 0, 1, 0, 30, 29, 830, 570, NULL, NULL, NULL, NULL, NULL, NULL);
INSERT INTO CATTRO (XID_CATFAB_CODE, XID_CATSTATUS_CODE, XID_CATPRODTRO_CODE, CATTRO_NAME, CATTRO_CREATED_DATE, CATTRO_DSB_MULTIPLE, CATTRO_OBSERVATIONS, CATTRO_QUANTITY, CATTRO_QUANTITY_L, CATTRO_SEPARATION_L, CATTRO_QUANTITY_W, CATTRO_SEPARATION_W, CATTRO_BORDER_L, CATTRO_BORDER_W, CATTRO_LEAF_L, CATTRO_LEAF_W, CATTRO_VALID_FROM, CATTRO_VALID_TO, CATTRO_CREATED_BY, CATTRO_UPDATED_BY, CATTRO_CREATED_AT, CATTRO_UPDATED_AT) VALUES (1, 'VI', 54, 'T052(1x)-R&M-Mq01 TH', '2018-01-01', '210511x1', NULL, 1, 1, 0, 1, 0, 26, 30, 1010, 340, NULL, NULL, NULL, NULL, NULL, NULL);
INSERT INTO CATTRO (XID_CATFAB_CODE, XID_CATSTATUS_CODE, XID_CATPRODTRO_CODE, CATTRO_NAME, CATTRO_CREATED_DATE, CATTRO_DSB_MULTIPLE, CATTRO_OBSERVATIONS, CATTRO_QUANTITY, CATTRO_QUANTITY_L, CATTRO_SEPARATION_L, CATTRO_QUANTITY_W, CATTRO_SEPARATION_W, CATTRO_BORDER_L, CATTRO_BORDER_W, CATTRO_LEAF_L, CATTRO_LEAF_W, CATTRO_VALID_FROM, CATTRO_VALID_TO, CATTRO_CREATED_BY, CATTRO_UPDATED_BY, CATTRO_CREATED_AT, CATTRO_UPDATED_AT) VALUES (1, 'VI', 56, 'T054(1x)-R&M-Mq01 TH', '2018-01-01', '211203x1', 'Herr Multiple', 1, 1, 0, 1, 0, 0, 0, 890, 432, NULL, NULL, NULL, NULL, NULL, NULL);
INSERT INTO CATTRO (XID_CATFAB_CODE, XID_CATSTATUS_CODE, XID_CATPRODTRO_CODE, CATTRO_NAME, CATTRO_CREATED_DATE, CATTRO_DSB_MULTIPLE, CATTRO_OBSERVATIONS, CATTRO_QUANTITY, CATTRO_QUANTITY_L, CATTRO_SEPARATION_L, CATTRO_QUANTITY_W, CATTRO_SEPARATION_W, CATTRO_BORDER_L, CATTRO_BORDER_W, CATTRO_LEAF_L, CATTRO_LEAF_W, CATTRO_VALID_FROM, CATTRO_VALID_TO, CATTRO_CREATED_BY, CATTRO_UPDATED_BY, CATTRO_CREATED_AT, CATTRO_UPDATED_AT) VALUES (1, 'VI', 57, 'T055(1x)-R&M-Mq01 TH', '2018-01-01', '211203x1', 'Herr Multiple', 1, 1, 0, 1, 0, 0, 0, 918, 443, NULL, NULL, NULL, NULL, NULL, NULL);
INSERT INTO CATTRO (XID_CATFAB_CODE, XID_CATSTATUS_CODE, XID_CATPRODTRO_CODE, CATTRO_NAME, CATTRO_CREATED_DATE, CATTRO_DSB_MULTIPLE, CATTRO_OBSERVATIONS, CATTRO_QUANTITY, CATTRO_QUANTITY_L, CATTRO_SEPARATION_L, CATTRO_QUANTITY_W, CATTRO_SEPARATION_W, CATTRO_BORDER_L, CATTRO_BORDER_W, CATTRO_LEAF_L, CATTRO_LEAF_W, CATTRO_VALID_FROM, CATTRO_VALID_TO, CATTRO_CREATED_BY, CATTRO_UPDATED_BY, CATTRO_CREATED_AT, CATTRO_UPDATED_AT) VALUES (1, 'VI', 58, 'T056(5x)-R&M-Mq01 TH', '2018-01-01', NULL, NULL, 5, 5, 0, 1, 0, 30, 32, 820, 655, NULL, NULL, NULL, NULL, NULL, NULL);
INSERT INTO CATTRO (XID_CATFAB_CODE, XID_CATSTATUS_CODE, XID_CATPRODTRO_CODE, CATTRO_NAME, CATTRO_CREATED_DATE, CATTRO_DSB_MULTIPLE, CATTRO_OBSERVATIONS, CATTRO_QUANTITY, CATTRO_QUANTITY_L, CATTRO_SEPARATION_L, CATTRO_QUANTITY_W, CATTRO_SEPARATION_W, CATTRO_BORDER_L, CATTRO_BORDER_W, CATTRO_LEAF_L, CATTRO_LEAF_W, CATTRO_VALID_FROM, CATTRO_VALID_TO, CATTRO_CREATED_BY, CATTRO_UPDATED_BY, CATTRO_CREATED_AT, CATTRO_UPDATED_AT) VALUES (1, 'VI', 59, 'T057(1x)-R&M-Mq01 TH', '2018-01-01', '211203x1', 'Herr Multiple', 1, 1, 0, 1, 0, 63, 44, 1050, 560, NULL, NULL, NULL, NULL, NULL, NULL);
INSERT INTO CATTRO (XID_CATFAB_CODE, XID_CATSTATUS_CODE, XID_CATPRODTRO_CODE, CATTRO_NAME, CATTRO_CREATED_DATE, CATTRO_DSB_MULTIPLE, CATTRO_OBSERVATIONS, CATTRO_QUANTITY, CATTRO_QUANTITY_L, CATTRO_SEPARATION_L, CATTRO_QUANTITY_W, CATTRO_SEPARATION_W, CATTRO_BORDER_L, CATTRO_BORDER_W, CATTRO_LEAF_L, CATTRO_LEAF_W, CATTRO_VALID_FROM, CATTRO_VALID_TO, CATTRO_CREATED_BY, CATTRO_UPDATED_BY, CATTRO_CREATED_AT, CATTRO_UPDATED_AT) VALUES (1, 'VI', 60, 'T058(1x)-R&M-Mq01 TH', '2018-01-01', '211203x1', 'Herr Multiple', 1, 1, 0, 1, 0, 35, 33, 1050, 560, NULL, NULL, NULL, NULL, NULL, NULL);
INSERT INTO CATTRO (XID_CATFAB_CODE, XID_CATSTATUS_CODE, XID_CATPRODTRO_CODE, CATTRO_NAME, CATTRO_CREATED_DATE, CATTRO_DSB_MULTIPLE, CATTRO_OBSERVATIONS, CATTRO_QUANTITY, CATTRO_QUANTITY_L, CATTRO_SEPARATION_L, CATTRO_QUANTITY_W, CATTRO_SEPARATION_W, CATTRO_BORDER_L, CATTRO_BORDER_W, CATTRO_LEAF_L, CATTRO_LEAF_W, CATTRO_VALID_FROM, CATTRO_VALID_TO, CATTRO_CREATED_BY, CATTRO_UPDATED_BY, CATTRO_CREATED_AT, CATTRO_UPDATED_AT) VALUES (1, 'VI', 61, 'T059(5x)-R&M-Mq01 TH', '2018-01-01', NULL, NULL, 5, 5, 0, 1, 0, 35, 32, 1050, 670, NULL, NULL, NULL, NULL, NULL, NULL);
INSERT INTO CATTRO (XID_CATFAB_CODE, XID_CATSTATUS_CODE, XID_CATPRODTRO_CODE, CATTRO_NAME, CATTRO_CREATED_DATE, CATTRO_DSB_MULTIPLE, CATTRO_OBSERVATIONS, CATTRO_QUANTITY, CATTRO_QUANTITY_L, CATTRO_SEPARATION_L, CATTRO_QUANTITY_W, CATTRO_SEPARATION_W, CATTRO_BORDER_L, CATTRO_BORDER_W, CATTRO_LEAF_L, CATTRO_LEAF_W, CATTRO_VALID_FROM, CATTRO_VALID_TO, CATTRO_CREATED_BY, CATTRO_UPDATED_BY, CATTRO_CREATED_AT, CATTRO_UPDATED_AT) VALUES (NULL, 'VI', 65, 'T062(1x)--Man1, Atm3', '2018-01-01', NULL, NULL, 1, 1, 0, 1, 0, 27, 12, 830, 692, NULL, NULL, NULL, NULL, NULL, NULL);
INSERT INTO CATTRO (XID_CATFAB_CODE, XID_CATSTATUS_CODE, XID_CATPRODTRO_CODE, CATTRO_NAME, CATTRO_CREATED_DATE, CATTRO_DSB_MULTIPLE, CATTRO_OBSERVATIONS, CATTRO_QUANTITY, CATTRO_QUANTITY_L, CATTRO_SEPARATION_L, CATTRO_QUANTITY_W, CATTRO_SEPARATION_W, CATTRO_BORDER_L, CATTRO_BORDER_W, CATTRO_LEAF_L, CATTRO_LEAF_W, CATTRO_VALID_FROM, CATTRO_VALID_TO, CATTRO_CREATED_BY, CATTRO_UPDATED_BY, CATTRO_CREATED_AT, CATTRO_UPDATED_AT) VALUES (1, 'VI', 81, 'T074(0x)-R&M-Mq01 TH', '2018-01-01', NULL, NULL, 0, 0, 0, 0, 0, 0, 0, 0, 0, NULL, NULL, NULL, NULL, NULL, NULL);
INSERT INTO CATTRO (XID_CATFAB_CODE, XID_CATSTATUS_CODE, XID_CATPRODTRO_CODE, CATTRO_NAME, CATTRO_CREATED_DATE, CATTRO_DSB_MULTIPLE, CATTRO_OBSERVATIONS, CATTRO_QUANTITY, CATTRO_QUANTITY_L, CATTRO_SEPARATION_L, CATTRO_QUANTITY_W, CATTRO_SEPARATION_W, CATTRO_BORDER_L, CATTRO_BORDER_W, CATTRO_LEAF_L, CATTRO_LEAF_W, CATTRO_VALID_FROM, CATTRO_VALID_TO, CATTRO_CREATED_BY, CATTRO_UPDATED_BY, CATTRO_CREATED_AT, CATTRO_UPDATED_AT) VALUES (NULL, 'VI', 83, 'T075C(1x)-ND-Mq03 LS', '2019-07-19', NULL, NULL, 1, 1, 0, 1, 0, 33, 24, 670, 680, NULL, NULL, NULL, NULL, NULL, NULL);
INSERT INTO CATTRO (XID_CATFAB_CODE, XID_CATSTATUS_CODE, XID_CATPRODTRO_CODE, CATTRO_NAME, CATTRO_CREATED_DATE, CATTRO_DSB_MULTIPLE, CATTRO_OBSERVATIONS, CATTRO_QUANTITY, CATTRO_QUANTITY_L, CATTRO_SEPARATION_L, CATTRO_QUANTITY_W, CATTRO_SEPARATION_W, CATTRO_BORDER_L, CATTRO_BORDER_W, CATTRO_LEAF_L, CATTRO_LEAF_W, CATTRO_VALID_FROM, CATTRO_VALID_TO, CATTRO_CREATED_BY, CATTRO_UPDATED_BY, CATTRO_CREATED_AT, CATTRO_UPDATED_AT) VALUES (NULL, 'VI', 83, 'T075C(1x)-ND-Mq04 DC', '2019-07-19', NULL, NULL, 1, 1, 0, 1, 0, 33, 24, 670, 680, NULL, NULL, NULL, NULL, NULL, NULL);
INSERT INTO CATTRO (XID_CATFAB_CODE, XID_CATSTATUS_CODE, XID_CATPRODTRO_CODE, CATTRO_NAME, CATTRO_CREATED_DATE, CATTRO_DSB_MULTIPLE, CATTRO_OBSERVATIONS, CATTRO_QUANTITY, CATTRO_QUANTITY_L, CATTRO_SEPARATION_L, CATTRO_QUANTITY_W, CATTRO_SEPARATION_W, CATTRO_BORDER_L, CATTRO_BORDER_W, CATTRO_LEAF_L, CATTRO_LEAF_W, CATTRO_VALID_FROM, CATTRO_VALID_TO, CATTRO_CREATED_BY, CATTRO_UPDATED_BY, CATTRO_CREATED_AT, CATTRO_UPDATED_AT) VALUES (NULL, 'VI', 84, 'T076(3x)--', '2019-01-01', NULL, NULL, 3, 1, 0, 3, 0, 33, 32, 680, 1040, NULL, NULL, NULL, NULL, NULL, NULL);
INSERT INTO CATTRO (XID_CATFAB_CODE, XID_CATSTATUS_CODE, XID_CATPRODTRO_CODE, CATTRO_NAME, CATTRO_CREATED_DATE, CATTRO_DSB_MULTIPLE, CATTRO_OBSERVATIONS, CATTRO_QUANTITY, CATTRO_QUANTITY_L, CATTRO_SEPARATION_L, CATTRO_QUANTITY_W, CATTRO_SEPARATION_W, CATTRO_BORDER_L, CATTRO_BORDER_W, CATTRO_LEAF_L, CATTRO_LEAF_W, CATTRO_VALID_FROM, CATTRO_VALID_TO, CATTRO_CREATED_BY, CATTRO_UPDATED_BY, CATTRO_CREATED_AT, CATTRO_UPDATED_AT) VALUES (NULL, 'OB', 87, 'T078(0x)--', '2019-01-01', NULL, NULL, 0, 0, 0, 0, 0, 0, 0, 0, 0, NULL, NULL, NULL, NULL, NULL, NULL);
INSERT INTO CATTRO (XID_CATFAB_CODE, XID_CATSTATUS_CODE, XID_CATPRODTRO_CODE, CATTRO_NAME, CATTRO_CREATED_DATE, CATTRO_DSB_MULTIPLE, CATTRO_OBSERVATIONS, CATTRO_QUANTITY, CATTRO_QUANTITY_L, CATTRO_SEPARATION_L, CATTRO_QUANTITY_W, CATTRO_SEPARATION_W, CATTRO_BORDER_L, CATTRO_BORDER_W, CATTRO_LEAF_L, CATTRO_LEAF_W, CATTRO_VALID_FROM, CATTRO_VALID_TO, CATTRO_CREATED_BY, CATTRO_UPDATED_BY, CATTRO_CREATED_AT, CATTRO_UPDATED_AT) VALUES (1, 'VI', 91, 'T082(1x)-R&M-Mq01 TH', '2019-01-01', '210315x1', NULL, 1, 1, 0, 1, 0, 29, 32, 760, 635, NULL, NULL, NULL, NULL, NULL, NULL);
INSERT INTO CATTRO (XID_CATFAB_CODE, XID_CATSTATUS_CODE, XID_CATPRODTRO_CODE, CATTRO_NAME, CATTRO_CREATED_DATE, CATTRO_DSB_MULTIPLE, CATTRO_OBSERVATIONS, CATTRO_QUANTITY, CATTRO_QUANTITY_L, CATTRO_SEPARATION_L, CATTRO_QUANTITY_W, CATTRO_SEPARATION_W, CATTRO_BORDER_L, CATTRO_BORDER_W, CATTRO_LEAF_L, CATTRO_LEAF_W, CATTRO_VALID_FROM, CATTRO_VALID_TO, CATTRO_CREATED_BY, CATTRO_UPDATED_BY, CATTRO_CREATED_AT, CATTRO_UPDATED_AT) VALUES (NULL, 'VI', 92, 'T083(2x)-ND-ND', '2019-01-01', NULL, 'Confirmar', 2, 1, 0, 2, 0, 33, 23, 650, 690, NULL, NULL, NULL, NULL, NULL, NULL);
INSERT INTO CATTRO (XID_CATFAB_CODE, XID_CATSTATUS_CODE, XID_CATPRODTRO_CODE, CATTRO_NAME, CATTRO_CREATED_DATE, CATTRO_DSB_MULTIPLE, CATTRO_OBSERVATIONS, CATTRO_QUANTITY, CATTRO_QUANTITY_L, CATTRO_SEPARATION_L, CATTRO_QUANTITY_W, CATTRO_SEPARATION_W, CATTRO_BORDER_L, CATTRO_BORDER_W, CATTRO_LEAF_L, CATTRO_LEAF_W, CATTRO_VALID_FROM, CATTRO_VALID_TO, CATTRO_CREATED_BY, CATTRO_UPDATED_BY, CATTRO_CREATED_AT, CATTRO_UPDATED_AT) VALUES (NULL, 'VI', 92, 'T083(3x)-ND-ND', '2019-01-01', NULL, 'Confirmar', 3, 1, 0, 3, 0, 28, 25, 645, 1025, NULL, NULL, NULL, NULL, NULL, NULL);
INSERT INTO CATTRO (XID_CATFAB_CODE, XID_CATSTATUS_CODE, XID_CATPRODTRO_CODE, CATTRO_NAME, CATTRO_CREATED_DATE, CATTRO_DSB_MULTIPLE, CATTRO_OBSERVATIONS, CATTRO_QUANTITY, CATTRO_QUANTITY_L, CATTRO_SEPARATION_L, CATTRO_QUANTITY_W, CATTRO_SEPARATION_W, CATTRO_BORDER_L, CATTRO_BORDER_W, CATTRO_LEAF_L, CATTRO_LEAF_W, CATTRO_VALID_FROM, CATTRO_VALID_TO, CATTRO_CREATED_BY, CATTRO_UPDATED_BY, CATTRO_CREATED_AT, CATTRO_UPDATED_AT) VALUES (NULL, 'VI', 93, 'T084(3x)--', '2019-01-01', NULL, NULL, 3, 1, 0, 3, 0, 28, 28, 640, 1045, NULL, NULL, NULL, NULL, NULL, NULL);
INSERT INTO CATTRO (XID_CATFAB_CODE, XID_CATSTATUS_CODE, XID_CATPRODTRO_CODE, CATTRO_NAME, CATTRO_CREATED_DATE, CATTRO_DSB_MULTIPLE, CATTRO_OBSERVATIONS, CATTRO_QUANTITY, CATTRO_QUANTITY_L, CATTRO_SEPARATION_L, CATTRO_QUANTITY_W, CATTRO_SEPARATION_W, CATTRO_BORDER_L, CATTRO_BORDER_W, CATTRO_LEAF_L, CATTRO_LEAF_W, CATTRO_VALID_FROM, CATTRO_VALID_TO, CATTRO_CREATED_BY, CATTRO_UPDATED_BY, CATTRO_CREATED_AT, CATTRO_UPDATED_AT) VALUES (NULL, 'VI', 94, 'T085(3x)--', '2019-01-01', NULL, NULL, 3, 1, 0, 3, 0, 29, 33, 590, 990, NULL, NULL, NULL, NULL, NULL, NULL);
INSERT INTO CATTRO (XID_CATFAB_CODE, XID_CATSTATUS_CODE, XID_CATPRODTRO_CODE, CATTRO_NAME, CATTRO_CREATED_DATE, CATTRO_DSB_MULTIPLE, CATTRO_OBSERVATIONS, CATTRO_QUANTITY, CATTRO_QUANTITY_L, CATTRO_SEPARATION_L, CATTRO_QUANTITY_W, CATTRO_SEPARATION_W, CATTRO_BORDER_L, CATTRO_BORDER_W, CATTRO_LEAF_L, CATTRO_LEAF_W, CATTRO_VALID_FROM, CATTRO_VALID_TO, CATTRO_CREATED_BY, CATTRO_UPDATED_BY, CATTRO_CREATED_AT, CATTRO_UPDATED_AT) VALUES (NULL, 'VI', 95, 'T086(0x)--', '2019-01-01', NULL, NULL, 0, 0, 0, 0, 0, 0, 0, 0, 0, NULL, NULL, NULL, NULL, NULL, NULL);
INSERT INTO CATTRO (XID_CATFAB_CODE, XID_CATSTATUS_CODE, XID_CATPRODTRO_CODE, CATTRO_NAME, CATTRO_CREATED_DATE, CATTRO_DSB_MULTIPLE, CATTRO_OBSERVATIONS, CATTRO_QUANTITY, CATTRO_QUANTITY_L, CATTRO_SEPARATION_L, CATTRO_QUANTITY_W, CATTRO_SEPARATION_W, CATTRO_BORDER_L, CATTRO_BORDER_W, CATTRO_LEAF_L, CATTRO_LEAF_W, CATTRO_VALID_FROM, CATTRO_VALID_TO, CATTRO_CREATED_BY, CATTRO_UPDATED_BY, CATTRO_CREATED_AT, CATTRO_UPDATED_AT) VALUES (NULL, 'VI', 96, 'T087(1x)--', '2019-01-01', NULL, NULL, 1, 1, 0, 1, 0, 27, 31, 950, 785, NULL, NULL, NULL, NULL, NULL, NULL);
INSERT INTO CATTRO (XID_CATFAB_CODE, XID_CATSTATUS_CODE, XID_CATPRODTRO_CODE, CATTRO_NAME, CATTRO_CREATED_DATE, CATTRO_DSB_MULTIPLE, CATTRO_OBSERVATIONS, CATTRO_QUANTITY, CATTRO_QUANTITY_L, CATTRO_SEPARATION_L, CATTRO_QUANTITY_W, CATTRO_SEPARATION_W, CATTRO_BORDER_L, CATTRO_BORDER_W, CATTRO_LEAF_L, CATTRO_LEAF_W, CATTRO_VALID_FROM, CATTRO_VALID_TO, CATTRO_CREATED_BY, CATTRO_UPDATED_BY, CATTRO_CREATED_AT, CATTRO_UPDATED_AT) VALUES (NULL, 'VI', 99, 'T090(1x)--', '2019-01-01', NULL, NULL, 1, 1, 0, 1, 0, 39, 47, 810, 670, NULL, NULL, NULL, NULL, NULL, NULL);
INSERT INTO CATTRO (XID_CATFAB_CODE, XID_CATSTATUS_CODE, XID_CATPRODTRO_CODE, CATTRO_NAME, CATTRO_CREATED_DATE, CATTRO_DSB_MULTIPLE, CATTRO_OBSERVATIONS, CATTRO_QUANTITY, CATTRO_QUANTITY_L, CATTRO_SEPARATION_L, CATTRO_QUANTITY_W, CATTRO_SEPARATION_W, CATTRO_BORDER_L, CATTRO_BORDER_W, CATTRO_LEAF_L, CATTRO_LEAF_W, CATTRO_VALID_FROM, CATTRO_VALID_TO, CATTRO_CREATED_BY, CATTRO_UPDATED_BY, CATTRO_CREATED_AT, CATTRO_UPDATED_AT) VALUES (NULL, 'PE', 100, 'T091(2x)--', '2019-01-01', NULL, NULL, 2, 1, 0, 2, 0, 30, 18, 518, 518, NULL, NULL, NULL, NULL, NULL, NULL);
INSERT INTO CATTRO (XID_CATFAB_CODE, XID_CATSTATUS_CODE, XID_CATPRODTRO_CODE, CATTRO_NAME, CATTRO_CREATED_DATE, CATTRO_DSB_MULTIPLE, CATTRO_OBSERVATIONS, CATTRO_QUANTITY, CATTRO_QUANTITY_L, CATTRO_SEPARATION_L, CATTRO_QUANTITY_W, CATTRO_SEPARATION_W, CATTRO_BORDER_L, CATTRO_BORDER_W, CATTRO_LEAF_L, CATTRO_LEAF_W, CATTRO_VALID_FROM, CATTRO_VALID_TO, CATTRO_CREATED_BY, CATTRO_UPDATED_BY, CATTRO_CREATED_AT, CATTRO_UPDATED_AT) VALUES (NULL, 'VI', 101, 'T092(1x)--', '2019-01-01', '211208x1', NULL, 1, 1, 0, 1, 0, 30, 24, 800, 680, NULL, NULL, NULL, NULL, NULL, NULL);
INSERT INTO CATTRO (XID_CATFAB_CODE, XID_CATSTATUS_CODE, XID_CATPRODTRO_CODE, CATTRO_NAME, CATTRO_CREATED_DATE, CATTRO_DSB_MULTIPLE, CATTRO_OBSERVATIONS, CATTRO_QUANTITY, CATTRO_QUANTITY_L, CATTRO_SEPARATION_L, CATTRO_QUANTITY_W, CATTRO_SEPARATION_W, CATTRO_BORDER_L, CATTRO_BORDER_W, CATTRO_LEAF_L, CATTRO_LEAF_W, CATTRO_VALID_FROM, CATTRO_VALID_TO, CATTRO_CREATED_BY, CATTRO_UPDATED_BY, CATTRO_CREATED_AT, CATTRO_UPDATED_AT) VALUES (NULL, 'VI', 102, 'T093(6x)--', '2019-01-01', NULL, NULL, 6, 6, 0, 1, 0, 20, 29, 560, 390, NULL, NULL, NULL, NULL, NULL, NULL);
INSERT INTO CATTRO (XID_CATFAB_CODE, XID_CATSTATUS_CODE, XID_CATPRODTRO_CODE, CATTRO_NAME, CATTRO_CREATED_DATE, CATTRO_DSB_MULTIPLE, CATTRO_OBSERVATIONS, CATTRO_QUANTITY, CATTRO_QUANTITY_L, CATTRO_SEPARATION_L, CATTRO_QUANTITY_W, CATTRO_SEPARATION_W, CATTRO_BORDER_L, CATTRO_BORDER_W, CATTRO_LEAF_L, CATTRO_LEAF_W, CATTRO_VALID_FROM, CATTRO_VALID_TO, CATTRO_CREATED_BY, CATTRO_UPDATED_BY, CATTRO_CREATED_AT, CATTRO_UPDATED_AT) VALUES (NULL, 'VI', 103, 'T094(6x)--', '2019-01-01', NULL, NULL, 6, 6, 0, 1, 0, 20, 29, 560, 390, NULL, NULL, NULL, NULL, NULL, NULL);
INSERT INTO CATTRO (XID_CATFAB_CODE, XID_CATSTATUS_CODE, XID_CATPRODTRO_CODE, CATTRO_NAME, CATTRO_CREATED_DATE, CATTRO_DSB_MULTIPLE, CATTRO_OBSERVATIONS, CATTRO_QUANTITY, CATTRO_QUANTITY_L, CATTRO_SEPARATION_L, CATTRO_QUANTITY_W, CATTRO_SEPARATION_W, CATTRO_BORDER_L, CATTRO_BORDER_W, CATTRO_LEAF_L, CATTRO_LEAF_W, CATTRO_VALID_FROM, CATTRO_VALID_TO, CATTRO_CREATED_BY, CATTRO_UPDATED_BY, CATTRO_CREATED_AT, CATTRO_UPDATED_AT) VALUES (NULL, 'VI', 104, 'T095(12x)--', '2019-01-01', NULL, NULL, 12, 6, 0, 2, 0, 20, 13, 560, 515, NULL, NULL, NULL, NULL, NULL, NULL);
INSERT INTO CATTRO (XID_CATFAB_CODE, XID_CATSTATUS_CODE, XID_CATPRODTRO_CODE, CATTRO_NAME, CATTRO_CREATED_DATE, CATTRO_DSB_MULTIPLE, CATTRO_OBSERVATIONS, CATTRO_QUANTITY, CATTRO_QUANTITY_L, CATTRO_SEPARATION_L, CATTRO_QUANTITY_W, CATTRO_SEPARATION_W, CATTRO_BORDER_L, CATTRO_BORDER_W, CATTRO_LEAF_L, CATTRO_LEAF_W, CATTRO_VALID_FROM, CATTRO_VALID_TO, CATTRO_CREATED_BY, CATTRO_UPDATED_BY, CATTRO_CREATED_AT, CATTRO_UPDATED_AT) VALUES (2, 'VI', 106, 'T096S(1x)-MBACH-Mq04 DC', '2019-07-16', NULL, 'Sellado 1', 1, 1, 0, 1, 0, 28, 18, 680, 750, NULL, NULL, NULL, NULL, NULL, NULL);
INSERT INTO CATTRO (XID_CATFAB_CODE, XID_CATSTATUS_CODE, XID_CATPRODTRO_CODE, CATTRO_NAME, CATTRO_CREATED_DATE, CATTRO_DSB_MULTIPLE, CATTRO_OBSERVATIONS, CATTRO_QUANTITY, CATTRO_QUANTITY_L, CATTRO_SEPARATION_L, CATTRO_QUANTITY_W, CATTRO_SEPARATION_W, CATTRO_BORDER_L, CATTRO_BORDER_W, CATTRO_LEAF_L, CATTRO_LEAF_W, CATTRO_VALID_FROM, CATTRO_VALID_TO, CATTRO_CREATED_BY, CATTRO_UPDATED_BY, CATTRO_CREATED_AT, CATTRO_UPDATED_AT) VALUES (2, 'VI', 106, 'T096S(1x)-MBACH-Mq04 DC', '2019-07-16', NULL, 'Sellado 2', 1, 1, 0, 1, 0, 28, 18, 680, 750, NULL, NULL, NULL, NULL, NULL, NULL);
INSERT INTO CATTRO (XID_CATFAB_CODE, XID_CATSTATUS_CODE, XID_CATPRODTRO_CODE, CATTRO_NAME, CATTRO_CREATED_DATE, CATTRO_DSB_MULTIPLE, CATTRO_OBSERVATIONS, CATTRO_QUANTITY, CATTRO_QUANTITY_L, CATTRO_SEPARATION_L, CATTRO_QUANTITY_W, CATTRO_SEPARATION_W, CATTRO_BORDER_L, CATTRO_BORDER_W, CATTRO_LEAF_L, CATTRO_LEAF_W, CATTRO_VALID_FROM, CATTRO_VALID_TO, CATTRO_CREATED_BY, CATTRO_UPDATED_BY, CATTRO_CREATED_AT, CATTRO_UPDATED_AT) VALUES (NULL, 'VI', 107, 'T097(0x)--', '2019-01-01', NULL, NULL, 0, 0, 0, 0, 0, 0, 0, 0, 0, NULL, NULL, NULL, NULL, NULL, NULL);
INSERT INTO CATTRO (XID_CATFAB_CODE, XID_CATSTATUS_CODE, XID_CATPRODTRO_CODE, CATTRO_NAME, CATTRO_CREATED_DATE, CATTRO_DSB_MULTIPLE, CATTRO_OBSERVATIONS, CATTRO_QUANTITY, CATTRO_QUANTITY_L, CATTRO_SEPARATION_L, CATTRO_QUANTITY_W, CATTRO_SEPARATION_W, CATTRO_BORDER_L, CATTRO_BORDER_W, CATTRO_LEAF_L, CATTRO_LEAF_W, CATTRO_VALID_FROM, CATTRO_VALID_TO, CATTRO_CREATED_BY, CATTRO_UPDATED_BY, CATTRO_CREATED_AT, CATTRO_UPDATED_AT) VALUES (NULL, 'VI', 108, 'T098(0x)--', '2019-01-01', NULL, NULL, 0, 0, 0, 0, 0, 0, 0, 0, 0, NULL, NULL, NULL, NULL, NULL, NULL);
INSERT INTO CATTRO (XID_CATFAB_CODE, XID_CATSTATUS_CODE, XID_CATPRODTRO_CODE, CATTRO_NAME, CATTRO_CREATED_DATE, CATTRO_DSB_MULTIPLE, CATTRO_OBSERVATIONS, CATTRO_QUANTITY, CATTRO_QUANTITY_L, CATTRO_SEPARATION_L, CATTRO_QUANTITY_W, CATTRO_SEPARATION_W, CATTRO_BORDER_L, CATTRO_BORDER_W, CATTRO_LEAF_L, CATTRO_LEAF_W, CATTRO_VALID_FROM, CATTRO_VALID_TO, CATTRO_CREATED_BY, CATTRO_UPDATED_BY, CATTRO_CREATED_AT, CATTRO_UPDATED_AT) VALUES (NULL, 'VI', 109, 'T099(0x)--', '2019-01-01', NULL, NULL, 0, 0, 0, 0, 0, 0, 0, 0, 0, NULL, NULL, NULL, NULL, NULL, NULL);
INSERT INTO CATTRO (XID_CATFAB_CODE, XID_CATSTATUS_CODE, XID_CATPRODTRO_CODE, CATTRO_NAME, CATTRO_CREATED_DATE, CATTRO_DSB_MULTIPLE, CATTRO_OBSERVATIONS, CATTRO_QUANTITY, CATTRO_QUANTITY_L, CATTRO_SEPARATION_L, CATTRO_QUANTITY_W, CATTRO_SEPARATION_W, CATTRO_BORDER_L, CATTRO_BORDER_W, CATTRO_LEAF_L, CATTRO_LEAF_W, CATTRO_VALID_FROM, CATTRO_VALID_TO, CATTRO_CREATED_BY, CATTRO_UPDATED_BY, CATTRO_CREATED_AT, CATTRO_UPDATED_AT) VALUES (NULL, 'VI', 110, 'T100(0x)--', '2019-01-01', NULL, NULL, 0, 0, 0, 0, 0, 0, 0, 0, 0, NULL, NULL, NULL, NULL, NULL, NULL);
INSERT INTO CATTRO (XID_CATFAB_CODE, XID_CATSTATUS_CODE, XID_CATPRODTRO_CODE, CATTRO_NAME, CATTRO_CREATED_DATE, CATTRO_DSB_MULTIPLE, CATTRO_OBSERVATIONS, CATTRO_QUANTITY, CATTRO_QUANTITY_L, CATTRO_SEPARATION_L, CATTRO_QUANTITY_W, CATTRO_SEPARATION_W, CATTRO_BORDER_L, CATTRO_BORDER_W, CATTRO_LEAF_L, CATTRO_LEAF_W, CATTRO_VALID_FROM, CATTRO_VALID_TO, CATTRO_CREATED_BY, CATTRO_UPDATED_BY, CATTRO_CREATED_AT, CATTRO_UPDATED_AT) VALUES (1, 'VI', 112, 'T102(2x)-R&M-Mq01 TH', '2019-01-01', NULL, NULL, 2, 1, 0, 2, 0, 31, 10, 475, 522, NULL, NULL, NULL, NULL, NULL, NULL);
INSERT INTO CATTRO (XID_CATFAB_CODE, XID_CATSTATUS_CODE, XID_CATPRODTRO_CODE, CATTRO_NAME, CATTRO_CREATED_DATE, CATTRO_DSB_MULTIPLE, CATTRO_OBSERVATIONS, CATTRO_QUANTITY, CATTRO_QUANTITY_L, CATTRO_SEPARATION_L, CATTRO_QUANTITY_W, CATTRO_SEPARATION_W, CATTRO_BORDER_L, CATTRO_BORDER_W, CATTRO_LEAF_L, CATTRO_LEAF_W, CATTRO_VALID_FROM, CATTRO_VALID_TO, CATTRO_CREATED_BY, CATTRO_UPDATED_BY, CATTRO_CREATED_AT, CATTRO_UPDATED_AT) VALUES (NULL, 'OB', 115, 'T105(0x)--', '2019-01-01', NULL, NULL, 0, 0, 0, 0, 0, 0, 0, 0, 0, NULL, NULL, NULL, NULL, NULL, NULL);
INSERT INTO CATTRO (XID_CATFAB_CODE, XID_CATSTATUS_CODE, XID_CATPRODTRO_CODE, CATTRO_NAME, CATTRO_CREATED_DATE, CATTRO_DSB_MULTIPLE, CATTRO_OBSERVATIONS, CATTRO_QUANTITY, CATTRO_QUANTITY_L, CATTRO_SEPARATION_L, CATTRO_QUANTITY_W, CATTRO_SEPARATION_W, CATTRO_BORDER_L, CATTRO_BORDER_W, CATTRO_LEAF_L, CATTRO_LEAF_W, CATTRO_VALID_FROM, CATTRO_VALID_TO, CATTRO_CREATED_BY, CATTRO_UPDATED_BY, CATTRO_CREATED_AT, CATTRO_UPDATED_AT) VALUES (2, 'VI', 116, 'T105B(3x)-MBACH-Mq04 DC', '2019-06-26', NULL, NULL, 3, 1, 0, 3, 0, 28, 28, 635, 1020, NULL, NULL, NULL, NULL, NULL, NULL);
INSERT INTO CATTRO (XID_CATFAB_CODE, XID_CATSTATUS_CODE, XID_CATPRODTRO_CODE, CATTRO_NAME, CATTRO_CREATED_DATE, CATTRO_DSB_MULTIPLE, CATTRO_OBSERVATIONS, CATTRO_QUANTITY, CATTRO_QUANTITY_L, CATTRO_SEPARATION_L, CATTRO_QUANTITY_W, CATTRO_SEPARATION_W, CATTRO_BORDER_L, CATTRO_BORDER_W, CATTRO_LEAF_L, CATTRO_LEAF_W, CATTRO_VALID_FROM, CATTRO_VALID_TO, CATTRO_CREATED_BY, CATTRO_UPDATED_BY, CATTRO_CREATED_AT, CATTRO_UPDATED_AT) VALUES (NULL, 'VI', 117, 'T106(2x)--Mq01 TH', '2019-01-01', '211207x1', NULL, 2, 2, 0, 1, 0, 27, 23, 1135, 680, NULL, NULL, NULL, NULL, NULL, NULL);
INSERT INTO CATTRO (XID_CATFAB_CODE, XID_CATSTATUS_CODE, XID_CATPRODTRO_CODE, CATTRO_NAME, CATTRO_CREATED_DATE, CATTRO_DSB_MULTIPLE, CATTRO_OBSERVATIONS, CATTRO_QUANTITY, CATTRO_QUANTITY_L, CATTRO_SEPARATION_L, CATTRO_QUANTITY_W, CATTRO_SEPARATION_W, CATTRO_BORDER_L, CATTRO_BORDER_W, CATTRO_LEAF_L, CATTRO_LEAF_W, CATTRO_VALID_FROM, CATTRO_VALID_TO, CATTRO_CREATED_BY, CATTRO_UPDATED_BY, CATTRO_CREATED_AT, CATTRO_UPDATED_AT) VALUES (NULL, 'VI', 118, 'T107(0x)--', '2019-01-01', NULL, NULL, 0, 0, 0, 0, 0, 0, 0, 0, 0, NULL, NULL, NULL, NULL, NULL, NULL);
INSERT INTO CATTRO (XID_CATFAB_CODE, XID_CATSTATUS_CODE, XID_CATPRODTRO_CODE, CATTRO_NAME, CATTRO_CREATED_DATE, CATTRO_DSB_MULTIPLE, CATTRO_OBSERVATIONS, CATTRO_QUANTITY, CATTRO_QUANTITY_L, CATTRO_SEPARATION_L, CATTRO_QUANTITY_W, CATTRO_SEPARATION_W, CATTRO_BORDER_L, CATTRO_BORDER_W, CATTRO_LEAF_L, CATTRO_LEAF_W, CATTRO_VALID_FROM, CATTRO_VALID_TO, CATTRO_CREATED_BY, CATTRO_UPDATED_BY, CATTRO_CREATED_AT, CATTRO_UPDATED_AT) VALUES (2, 'VI', 119, 'T108(1x)-MBACH-Mq04 DC', '2019-07-26', NULL, NULL, 1, 1, 0, 1, 0, 25, 25, 680, 590, NULL, NULL, NULL, NULL, NULL, NULL);
INSERT INTO CATTRO (XID_CATFAB_CODE, XID_CATSTATUS_CODE, XID_CATPRODTRO_CODE, CATTRO_NAME, CATTRO_CREATED_DATE, CATTRO_DSB_MULTIPLE, CATTRO_OBSERVATIONS, CATTRO_QUANTITY, CATTRO_QUANTITY_L, CATTRO_SEPARATION_L, CATTRO_QUANTITY_W, CATTRO_SEPARATION_W, CATTRO_BORDER_L, CATTRO_BORDER_W, CATTRO_LEAF_L, CATTRO_LEAF_W, CATTRO_VALID_FROM, CATTRO_VALID_TO, CATTRO_CREATED_BY, CATTRO_UPDATED_BY, CATTRO_CREATED_AT, CATTRO_UPDATED_AT) VALUES (1, 'VI', 120, 'T109(6x)-R&M-Mq01 TH', '2019-01-01', NULL, NULL, 6, 2, 0, 3, 0, 31, 30, 1260, 1020, NULL, NULL, NULL, NULL, NULL, NULL);
INSERT INTO CATTRO (XID_CATFAB_CODE, XID_CATSTATUS_CODE, XID_CATPRODTRO_CODE, CATTRO_NAME, CATTRO_CREATED_DATE, CATTRO_DSB_MULTIPLE, CATTRO_OBSERVATIONS, CATTRO_QUANTITY, CATTRO_QUANTITY_L, CATTRO_SEPARATION_L, CATTRO_QUANTITY_W, CATTRO_SEPARATION_W, CATTRO_BORDER_L, CATTRO_BORDER_W, CATTRO_LEAF_L, CATTRO_LEAF_W, CATTRO_VALID_FROM, CATTRO_VALID_TO, CATTRO_CREATED_BY, CATTRO_UPDATED_BY, CATTRO_CREATED_AT, CATTRO_UPDATED_AT) VALUES (NULL, 'VI', 121, 'T110(3x)--', '2019-01-01', NULL, NULL, 3, 1, 0, 3, 0, 30, 30, 645, 1020, NULL, NULL, NULL, NULL, NULL, NULL);
INSERT INTO CATTRO (XID_CATFAB_CODE, XID_CATSTATUS_CODE, XID_CATPRODTRO_CODE, CATTRO_NAME, CATTRO_CREATED_DATE, CATTRO_DSB_MULTIPLE, CATTRO_OBSERVATIONS, CATTRO_QUANTITY, CATTRO_QUANTITY_L, CATTRO_SEPARATION_L, CATTRO_QUANTITY_W, CATTRO_SEPARATION_W, CATTRO_BORDER_L, CATTRO_BORDER_W, CATTRO_LEAF_L, CATTRO_LEAF_W, CATTRO_VALID_FROM, CATTRO_VALID_TO, CATTRO_CREATED_BY, CATTRO_UPDATED_BY, CATTRO_CREATED_AT, CATTRO_UPDATED_AT) VALUES (1, 'VI', 123, 'T112(1x)-R&M-Mq01 TH', '2019-01-01', '210413x1', NULL, 1, 1, 0, 1, 0, 27, 22, 905, 680, NULL, NULL, NULL, NULL, NULL, NULL);
INSERT INTO CATTRO (XID_CATFAB_CODE, XID_CATSTATUS_CODE, XID_CATPRODTRO_CODE, CATTRO_NAME, CATTRO_CREATED_DATE, CATTRO_DSB_MULTIPLE, CATTRO_OBSERVATIONS, CATTRO_QUANTITY, CATTRO_QUANTITY_L, CATTRO_SEPARATION_L, CATTRO_QUANTITY_W, CATTRO_SEPARATION_W, CATTRO_BORDER_L, CATTRO_BORDER_W, CATTRO_LEAF_L, CATTRO_LEAF_W, CATTRO_VALID_FROM, CATTRO_VALID_TO, CATTRO_CREATED_BY, CATTRO_UPDATED_BY, CATTRO_CREATED_AT, CATTRO_UPDATED_AT) VALUES (1, 'VI', 124, 'T113(1x)-R&M-Mq01 TH', '2019-01-01', '210413x1', NULL, 1, 1, 0, 1, 0, 29, 32, 675, 595, NULL, NULL, NULL, NULL, NULL, NULL);
INSERT INTO CATTRO (XID_CATFAB_CODE, XID_CATSTATUS_CODE, XID_CATPRODTRO_CODE, CATTRO_NAME, CATTRO_CREATED_DATE, CATTRO_DSB_MULTIPLE, CATTRO_OBSERVATIONS, CATTRO_QUANTITY, CATTRO_QUANTITY_L, CATTRO_SEPARATION_L, CATTRO_QUANTITY_W, CATTRO_SEPARATION_W, CATTRO_BORDER_L, CATTRO_BORDER_W, CATTRO_LEAF_L, CATTRO_LEAF_W, CATTRO_VALID_FROM, CATTRO_VALID_TO, CATTRO_CREATED_BY, CATTRO_UPDATED_BY, CATTRO_CREATED_AT, CATTRO_UPDATED_AT) VALUES (1, 'VI', 125, 'T114(1x)-R&M-Mq01 TH', '2020-07-14', '210505x1', NULL, 1, 1, 0, 1, 0, 34, 11, 915, 520, NULL, NULL, NULL, NULL, NULL, NULL);
INSERT INTO CATTRO (XID_CATFAB_CODE, XID_CATSTATUS_CODE, XID_CATPRODTRO_CODE, CATTRO_NAME, CATTRO_CREATED_DATE, CATTRO_DSB_MULTIPLE, CATTRO_OBSERVATIONS, CATTRO_QUANTITY, CATTRO_QUANTITY_L, CATTRO_SEPARATION_L, CATTRO_QUANTITY_W, CATTRO_SEPARATION_W, CATTRO_BORDER_L, CATTRO_BORDER_W, CATTRO_LEAF_L, CATTRO_LEAF_W, CATTRO_VALID_FROM, CATTRO_VALID_TO, CATTRO_CREATED_BY, CATTRO_UPDATED_BY, CATTRO_CREATED_AT, CATTRO_UPDATED_AT) VALUES (1, 'VI', 126, 'T115(1x)-R&M-Mq01 TH', '2020-07-10', '210803x1', NULL, 1, 1, 0, 1, 0, 28, 29, 650, 665, NULL, NULL, NULL, NULL, NULL, NULL);
INSERT INTO CATTRO (XID_CATFAB_CODE, XID_CATSTATUS_CODE, XID_CATPRODTRO_CODE, CATTRO_NAME, CATTRO_CREATED_DATE, CATTRO_DSB_MULTIPLE, CATTRO_OBSERVATIONS, CATTRO_QUANTITY, CATTRO_QUANTITY_L, CATTRO_SEPARATION_L, CATTRO_QUANTITY_W, CATTRO_SEPARATION_W, CATTRO_BORDER_L, CATTRO_BORDER_W, CATTRO_LEAF_L, CATTRO_LEAF_W, CATTRO_VALID_FROM, CATTRO_VALID_TO, CATTRO_CREATED_BY, CATTRO_UPDATED_BY, CATTRO_CREATED_AT, CATTRO_UPDATED_AT) VALUES (NULL, 'VI', 127, 'T116(2x)--Mq01 TH', '2019-01-01', NULL, NULL, 2, 1, 0, 2, 0, 27, 29, 870, 670, NULL, NULL, NULL, NULL, NULL, NULL);
INSERT INTO CATTRO (XID_CATFAB_CODE, XID_CATSTATUS_CODE, XID_CATPRODTRO_CODE, CATTRO_NAME, CATTRO_CREATED_DATE, CATTRO_DSB_MULTIPLE, CATTRO_OBSERVATIONS, CATTRO_QUANTITY, CATTRO_QUANTITY_L, CATTRO_SEPARATION_L, CATTRO_QUANTITY_W, CATTRO_SEPARATION_W, CATTRO_BORDER_L, CATTRO_BORDER_W, CATTRO_LEAF_L, CATTRO_LEAF_W, CATTRO_VALID_FROM, CATTRO_VALID_TO, CATTRO_CREATED_BY, CATTRO_UPDATED_BY, CATTRO_CREATED_AT, CATTRO_UPDATED_AT) VALUES (NULL, 'VI', 128, 'T117(2x)--Mq01 TH', '2019-01-01', NULL, NULL, 2, 1, 0, 2, 0, 28, 26, 890, 675, NULL, NULL, NULL, NULL, NULL, NULL);
INSERT INTO CATTRO (XID_CATFAB_CODE, XID_CATSTATUS_CODE, XID_CATPRODTRO_CODE, CATTRO_NAME, CATTRO_CREATED_DATE, CATTRO_DSB_MULTIPLE, CATTRO_OBSERVATIONS, CATTRO_QUANTITY, CATTRO_QUANTITY_L, CATTRO_SEPARATION_L, CATTRO_QUANTITY_W, CATTRO_SEPARATION_W, CATTRO_BORDER_L, CATTRO_BORDER_W, CATTRO_LEAF_L, CATTRO_LEAF_W, CATTRO_VALID_FROM, CATTRO_VALID_TO, CATTRO_CREATED_BY, CATTRO_UPDATED_BY, CATTRO_CREATED_AT, CATTRO_UPDATED_AT) VALUES (NULL, 'VI', 129, 'T118(5x)--Mq01 TH', '2019-01-01', NULL, NULL, 5, 5, 0, 1, 0, 30, 27, 640, 650, NULL, NULL, NULL, NULL, NULL, NULL);
INSERT INTO CATTRO (XID_CATFAB_CODE, XID_CATSTATUS_CODE, XID_CATPRODTRO_CODE, CATTRO_NAME, CATTRO_CREATED_DATE, CATTRO_DSB_MULTIPLE, CATTRO_OBSERVATIONS, CATTRO_QUANTITY, CATTRO_QUANTITY_L, CATTRO_SEPARATION_L, CATTRO_QUANTITY_W, CATTRO_SEPARATION_W, CATTRO_BORDER_L, CATTRO_BORDER_W, CATTRO_LEAF_L, CATTRO_LEAF_W, CATTRO_VALID_FROM, CATTRO_VALID_TO, CATTRO_CREATED_BY, CATTRO_UPDATED_BY, CATTRO_CREATED_AT, CATTRO_UPDATED_AT) VALUES (1, 'VI', 130, 'T119(1x)-R&M-Mq01 TH', '2020-09-11', NULL, NULL, 1, 1, 0, 1, 0, 24, 31, 1000, 690, NULL, NULL, NULL, NULL, NULL, NULL);
INSERT INTO CATTRO (XID_CATFAB_CODE, XID_CATSTATUS_CODE, XID_CATPRODTRO_CODE, CATTRO_NAME, CATTRO_CREATED_DATE, CATTRO_DSB_MULTIPLE, CATTRO_OBSERVATIONS, CATTRO_QUANTITY, CATTRO_QUANTITY_L, CATTRO_SEPARATION_L, CATTRO_QUANTITY_W, CATTRO_SEPARATION_W, CATTRO_BORDER_L, CATTRO_BORDER_W, CATTRO_LEAF_L, CATTRO_LEAF_W, CATTRO_VALID_FROM, CATTRO_VALID_TO, CATTRO_CREATED_BY, CATTRO_UPDATED_BY, CATTRO_CREATED_AT, CATTRO_UPDATED_AT) VALUES (1, 'VI', 131, 'T120(1x)-R&M-Mq01 TH', '2020-09-15', NULL, NULL, 1, 1, 0, 1, 0, 24, 57, 795, 680, NULL, NULL, NULL, NULL, NULL, NULL);
INSERT INTO CATTRO (XID_CATFAB_CODE, XID_CATSTATUS_CODE, XID_CATPRODTRO_CODE, CATTRO_NAME, CATTRO_CREATED_DATE, CATTRO_DSB_MULTIPLE, CATTRO_OBSERVATIONS, CATTRO_QUANTITY, CATTRO_QUANTITY_L, CATTRO_SEPARATION_L, CATTRO_QUANTITY_W, CATTRO_SEPARATION_W, CATTRO_BORDER_L, CATTRO_BORDER_W, CATTRO_LEAF_L, CATTRO_LEAF_W, CATTRO_VALID_FROM, CATTRO_VALID_TO, CATTRO_CREATED_BY, CATTRO_UPDATED_BY, CATTRO_CREATED_AT, CATTRO_UPDATED_AT) VALUES (1, 'VI', 132, 'T121(1x)-R&M-Mq01 TH', '2020-01-01', '210302x1', 'HERR. COMPARTIDO 121B', 1, 1, 0, 1, 0, 26, 15, 940, 695, NULL, NULL, NULL, NULL, NULL, NULL);
INSERT INTO CATTRO (XID_CATFAB_CODE, XID_CATSTATUS_CODE, XID_CATPRODTRO_CODE, CATTRO_NAME, CATTRO_CREATED_DATE, CATTRO_DSB_MULTIPLE, CATTRO_OBSERVATIONS, CATTRO_QUANTITY, CATTRO_QUANTITY_L, CATTRO_SEPARATION_L, CATTRO_QUANTITY_W, CATTRO_SEPARATION_W, CATTRO_BORDER_L, CATTRO_BORDER_W, CATTRO_LEAF_L, CATTRO_LEAF_W, CATTRO_VALID_FROM, CATTRO_VALID_TO, CATTRO_CREATED_BY, CATTRO_UPDATED_BY, CATTRO_CREATED_AT, CATTRO_UPDATED_AT) VALUES (1, 'VI', 133, 'T121B(1x)-R&M-Mq01 TH', '2021-06-21', '210302x1', 'HERR. COMPARTIDO 121', 1, 1, 0, 1, 0, 26, 15, 940, 695, NULL, NULL, NULL, NULL, NULL, NULL);
INSERT INTO CATTRO (XID_CATFAB_CODE, XID_CATSTATUS_CODE, XID_CATPRODTRO_CODE, CATTRO_NAME, CATTRO_CREATED_DATE, CATTRO_DSB_MULTIPLE, CATTRO_OBSERVATIONS, CATTRO_QUANTITY, CATTRO_QUANTITY_L, CATTRO_SEPARATION_L, CATTRO_QUANTITY_W, CATTRO_SEPARATION_W, CATTRO_BORDER_L, CATTRO_BORDER_W, CATTRO_LEAF_L, CATTRO_LEAF_W, CATTRO_VALID_FROM, CATTRO_VALID_TO, CATTRO_CREATED_BY, CATTRO_UPDATED_BY, CATTRO_CREATED_AT, CATTRO_UPDATED_AT) VALUES (1, 'VI', 134, 'T122(1x)-R&M-Mq01 TH', '2020-01-01', NULL, NULL, 1, 1, 0, 1, 0, 32, 31, 775, 640, NULL, NULL, NULL, NULL, NULL, NULL);
INSERT INTO CATTRO (XID_CATFAB_CODE, XID_CATSTATUS_CODE, XID_CATPRODTRO_CODE, CATTRO_NAME, CATTRO_CREATED_DATE, CATTRO_DSB_MULTIPLE, CATTRO_OBSERVATIONS, CATTRO_QUANTITY, CATTRO_QUANTITY_L, CATTRO_SEPARATION_L, CATTRO_QUANTITY_W, CATTRO_SEPARATION_W, CATTRO_BORDER_L, CATTRO_BORDER_W, CATTRO_LEAF_L, CATTRO_LEAF_W, CATTRO_VALID_FROM, CATTRO_VALID_TO, CATTRO_CREATED_BY, CATTRO_UPDATED_BY, CATTRO_CREATED_AT, CATTRO_UPDATED_AT) VALUES (2, 'VI', 135, 'T123(2x)-MBACH-Mq04 DC', '2021-02-22', NULL, NULL, 2, 1, 0, 2, 0, 37, 14, 495, 520, NULL, NULL, NULL, NULL, NULL, NULL);
INSERT INTO CATTRO (XID_CATFAB_CODE, XID_CATSTATUS_CODE, XID_CATPRODTRO_CODE, CATTRO_NAME, CATTRO_CREATED_DATE, CATTRO_DSB_MULTIPLE, CATTRO_OBSERVATIONS, CATTRO_QUANTITY, CATTRO_QUANTITY_L, CATTRO_SEPARATION_L, CATTRO_QUANTITY_W, CATTRO_SEPARATION_W, CATTRO_BORDER_L, CATTRO_BORDER_W, CATTRO_LEAF_L, CATTRO_LEAF_W, CATTRO_VALID_FROM, CATTRO_VALID_TO, CATTRO_CREATED_BY, CATTRO_UPDATED_BY, CATTRO_CREATED_AT, CATTRO_UPDATED_AT) VALUES (1, 'VI', 136, 'T124(1x)-R&M-Mq01 TH', '2020-12-01', '210429x1', NULL, 1, 1, 0, 1, 0, 31, 26, 775, 690, NULL, NULL, NULL, NULL, NULL, NULL);
INSERT INTO CATTRO (XID_CATFAB_CODE, XID_CATSTATUS_CODE, XID_CATPRODTRO_CODE, CATTRO_NAME, CATTRO_CREATED_DATE, CATTRO_DSB_MULTIPLE, CATTRO_OBSERVATIONS, CATTRO_QUANTITY, CATTRO_QUANTITY_L, CATTRO_SEPARATION_L, CATTRO_QUANTITY_W, CATTRO_SEPARATION_W, CATTRO_BORDER_L, CATTRO_BORDER_W, CATTRO_LEAF_L, CATTRO_LEAF_W, CATTRO_VALID_FROM, CATTRO_VALID_TO, CATTRO_CREATED_BY, CATTRO_UPDATED_BY, CATTRO_CREATED_AT, CATTRO_UPDATED_AT) VALUES (1, 'VI', 137, 'T125(6x)-R&M-Mq01 TH', '2020-12-08', NULL, NULL, 6, 2, 6, 3, 0, 27, 29, 900, 1030, NULL, NULL, NULL, NULL, NULL, NULL);
INSERT INTO CATTRO (XID_CATFAB_CODE, XID_CATSTATUS_CODE, XID_CATPRODTRO_CODE, CATTRO_NAME, CATTRO_CREATED_DATE, CATTRO_DSB_MULTIPLE, CATTRO_OBSERVATIONS, CATTRO_QUANTITY, CATTRO_QUANTITY_L, CATTRO_SEPARATION_L, CATTRO_QUANTITY_W, CATTRO_SEPARATION_W, CATTRO_BORDER_L, CATTRO_BORDER_W, CATTRO_LEAF_L, CATTRO_LEAF_W, CATTRO_VALID_FROM, CATTRO_VALID_TO, CATTRO_CREATED_BY, CATTRO_UPDATED_BY, CATTRO_CREATED_AT, CATTRO_UPDATED_AT) VALUES (1, 'VI', 138, 'T126(1x)-R&M-Mq01 TH', '2020-12-16', NULL, NULL, 1, 1, 0, 1, 0, 30, 30, 780, 1030, NULL, NULL, NULL, NULL, NULL, NULL);
INSERT INTO CATTRO (XID_CATFAB_CODE, XID_CATSTATUS_CODE, XID_CATPRODTRO_CODE, CATTRO_NAME, CATTRO_CREATED_DATE, CATTRO_DSB_MULTIPLE, CATTRO_OBSERVATIONS, CATTRO_QUANTITY, CATTRO_QUANTITY_L, CATTRO_SEPARATION_L, CATTRO_QUANTITY_W, CATTRO_SEPARATION_W, CATTRO_BORDER_L, CATTRO_BORDER_W, CATTRO_LEAF_L, CATTRO_LEAF_W, CATTRO_VALID_FROM, CATTRO_VALID_TO, CATTRO_CREATED_BY, CATTRO_UPDATED_BY, CATTRO_CREATED_AT, CATTRO_UPDATED_AT) VALUES (1, 'VI', 139, 'T127(1x)-R&M-Mq01 TH', '2021-01-22', NULL, NULL, 1, 1, 0, 1, 0, 28, 8, 745, 522, NULL, NULL, NULL, NULL, NULL, NULL);
INSERT INTO CATTRO (XID_CATFAB_CODE, XID_CATSTATUS_CODE, XID_CATPRODTRO_CODE, CATTRO_NAME, CATTRO_CREATED_DATE, CATTRO_DSB_MULTIPLE, CATTRO_OBSERVATIONS, CATTRO_QUANTITY, CATTRO_QUANTITY_L, CATTRO_SEPARATION_L, CATTRO_QUANTITY_W, CATTRO_SEPARATION_W, CATTRO_BORDER_L, CATTRO_BORDER_W, CATTRO_LEAF_L, CATTRO_LEAF_W, CATTRO_VALID_FROM, CATTRO_VALID_TO, CATTRO_CREATED_BY, CATTRO_UPDATED_BY, CATTRO_CREATED_AT, CATTRO_UPDATED_AT) VALUES (1, 'VI', 140, 'T128(1x)-R&M-Mq01 TH', '2021-01-22', NULL, NULL, 1, 1, 0, 1, 0, 25.4, 30, 750, 470, NULL, NULL, NULL, NULL, NULL, NULL);
INSERT INTO CATTRO (XID_CATFAB_CODE, XID_CATSTATUS_CODE, XID_CATPRODTRO_CODE, CATTRO_NAME, CATTRO_CREATED_DATE, CATTRO_DSB_MULTIPLE, CATTRO_OBSERVATIONS, CATTRO_QUANTITY, CATTRO_QUANTITY_L, CATTRO_SEPARATION_L, CATTRO_QUANTITY_W, CATTRO_SEPARATION_W, CATTRO_BORDER_L, CATTRO_BORDER_W, CATTRO_LEAF_L, CATTRO_LEAF_W, CATTRO_VALID_FROM, CATTRO_VALID_TO, CATTRO_CREATED_BY, CATTRO_UPDATED_BY, CATTRO_CREATED_AT, CATTRO_UPDATED_AT) VALUES (2, 'VI', 141, 'T129(1x)-MBACH-Mq04 DC', '2021-02-22', NULL, NULL, 1, 1, 0, 1, 0, 28, 28.2, 675, 775, NULL, NULL, NULL, NULL, NULL, NULL);
INSERT INTO CATTRO (XID_CATFAB_CODE, XID_CATSTATUS_CODE, XID_CATPRODTRO_CODE, CATTRO_NAME, CATTRO_CREATED_DATE, CATTRO_DSB_MULTIPLE, CATTRO_OBSERVATIONS, CATTRO_QUANTITY, CATTRO_QUANTITY_L, CATTRO_SEPARATION_L, CATTRO_QUANTITY_W, CATTRO_SEPARATION_W, CATTRO_BORDER_L, CATTRO_BORDER_W, CATTRO_LEAF_L, CATTRO_LEAF_W, CATTRO_VALID_FROM, CATTRO_VALID_TO, CATTRO_CREATED_BY, CATTRO_UPDATED_BY, CATTRO_CREATED_AT, CATTRO_UPDATED_AT) VALUES (1, 'VI', 142, 'T130(3x)-R&M-Mq01 TH', '2021-03-19', '210322x3', NULL, 3, 1, 0, 3, 0, 19.8, 32, 710, 1040, NULL, NULL, NULL, NULL, NULL, NULL);
INSERT INTO CATTRO (XID_CATFAB_CODE, XID_CATSTATUS_CODE, XID_CATPRODTRO_CODE, CATTRO_NAME, CATTRO_CREATED_DATE, CATTRO_DSB_MULTIPLE, CATTRO_OBSERVATIONS, CATTRO_QUANTITY, CATTRO_QUANTITY_L, CATTRO_SEPARATION_L, CATTRO_QUANTITY_W, CATTRO_SEPARATION_W, CATTRO_BORDER_L, CATTRO_BORDER_W, CATTRO_LEAF_L, CATTRO_LEAF_W, CATTRO_VALID_FROM, CATTRO_VALID_TO, CATTRO_CREATED_BY, CATTRO_UPDATED_BY, CATTRO_CREATED_AT, CATTRO_UPDATED_AT) VALUES (1, 'VI', 143, 'T134(1x)-R&M-Mq01 TH', '2021-08-06', '211020X1', 'PENDIENTE', 1, 1, 0, 1, 0, 31, 20, 775, 630, NULL, NULL, NULL, NULL, NULL, NULL);
INSERT INTO CATTRO (XID_CATFAB_CODE, XID_CATSTATUS_CODE, XID_CATPRODTRO_CODE, CATTRO_NAME, CATTRO_CREATED_DATE, CATTRO_DSB_MULTIPLE, CATTRO_OBSERVATIONS, CATTRO_QUANTITY, CATTRO_QUANTITY_L, CATTRO_SEPARATION_L, CATTRO_QUANTITY_W, CATTRO_SEPARATION_W, CATTRO_BORDER_L, CATTRO_BORDER_W, CATTRO_LEAF_L, CATTRO_LEAF_W, CATTRO_VALID_FROM, CATTRO_VALID_TO, CATTRO_CREATED_BY, CATTRO_UPDATED_BY, CATTRO_CREATED_AT, CATTRO_UPDATED_AT) VALUES (1, 'VI', 144, 'T135(3x)-R&M-Mq01 TH', '2021-09-17', '210916x2', NULL, 3, 1, 0, 3, 0, 30, 30, 645, 1020, NULL, NULL, NULL, NULL, NULL, NULL);
INSERT INTO CATTRO (XID_CATFAB_CODE, XID_CATSTATUS_CODE, XID_CATPRODTRO_CODE, CATTRO_NAME, CATTRO_CREATED_DATE, CATTRO_DSB_MULTIPLE, CATTRO_OBSERVATIONS, CATTRO_QUANTITY, CATTRO_QUANTITY_L, CATTRO_SEPARATION_L, CATTRO_QUANTITY_W, CATTRO_SEPARATION_W, CATTRO_BORDER_L, CATTRO_BORDER_W, CATTRO_LEAF_L, CATTRO_LEAF_W, CATTRO_VALID_FROM, CATTRO_VALID_TO, CATTRO_CREATED_BY, CATTRO_UPDATED_BY, CATTRO_CREATED_AT, CATTRO_UPDATED_AT) VALUES (1, 'VI', 145, 'T136(1x)-R&M-Mq01 TH', '2024-09-01', '211020x1', NULL, 1, 1, 0, 1, 0, 30, 9, 900, 695, NULL, NULL, NULL, NULL, NULL, NULL);
INSERT INTO CATTRO (XID_CATFAB_CODE, XID_CATSTATUS_CODE, XID_CATPRODTRO_CODE, CATTRO_NAME, CATTRO_CREATED_DATE, CATTRO_DSB_MULTIPLE, CATTRO_OBSERVATIONS, CATTRO_QUANTITY, CATTRO_QUANTITY_L, CATTRO_SEPARATION_L, CATTRO_QUANTITY_W, CATTRO_SEPARATION_W, CATTRO_BORDER_L, CATTRO_BORDER_W, CATTRO_LEAF_L, CATTRO_LEAF_W, CATTRO_VALID_FROM, CATTRO_VALID_TO, CATTRO_CREATED_BY, CATTRO_UPDATED_BY, CATTRO_CREATED_AT, CATTRO_UPDATED_AT) VALUES (2, 'VI', 146, 'T137(3x)-MBACH-Mq04 DC', '2021-11-18', NULL, NULL, 3, 1, 0, 3, 0, 38, 34, 615, 1000, NULL, NULL, NULL, NULL, NULL, NULL);
INSERT INTO CATTRO (XID_CATFAB_CODE, XID_CATSTATUS_CODE, XID_CATPRODTRO_CODE, CATTRO_NAME, CATTRO_CREATED_DATE, CATTRO_DSB_MULTIPLE, CATTRO_OBSERVATIONS, CATTRO_QUANTITY, CATTRO_QUANTITY_L, CATTRO_SEPARATION_L, CATTRO_QUANTITY_W, CATTRO_SEPARATION_W, CATTRO_BORDER_L, CATTRO_BORDER_W, CATTRO_LEAF_L, CATTRO_LEAF_W, CATTRO_VALID_FROM, CATTRO_VALID_TO, CATTRO_CREATED_BY, CATTRO_UPDATED_BY, CATTRO_CREATED_AT, CATTRO_UPDATED_AT) VALUES (1, 'VI', 147, 'T138(3x)-R&M-Mq01 TH', '2021-11-09', '211109x3', NULL, 3, 1, 0, 3, 0, 30, 31, 580, 985, NULL, NULL, NULL, NULL, NULL, NULL);
INSERT INTO CATTRO (XID_CATFAB_CODE, XID_CATSTATUS_CODE, XID_CATPRODTRO_CODE, CATTRO_NAME, CATTRO_CREATED_DATE, CATTRO_DSB_MULTIPLE, CATTRO_OBSERVATIONS, CATTRO_QUANTITY, CATTRO_QUANTITY_L, CATTRO_SEPARATION_L, CATTRO_QUANTITY_W, CATTRO_SEPARATION_W, CATTRO_BORDER_L, CATTRO_BORDER_W, CATTRO_LEAF_L, CATTRO_LEAF_W, CATTRO_VALID_FROM, CATTRO_VALID_TO, CATTRO_CREATED_BY, CATTRO_UPDATED_BY, CATTRO_CREATED_AT, CATTRO_UPDATED_AT) VALUES (1, 'IN', 148, 'T139(1x)-R&M-Mq01 TH', '2021-12-20', NULL, NULL, 1, 1, 0, 1, 0, 9, 18, 1445, 263, NULL, NULL, NULL, NULL, NULL, NULL);
INSERT INTO CATTRO (XID_CATFAB_CODE, XID_CATSTATUS_CODE, XID_CATPRODTRO_CODE, CATTRO_NAME, CATTRO_CREATED_DATE, CATTRO_DSB_MULTIPLE, CATTRO_OBSERVATIONS, CATTRO_QUANTITY, CATTRO_QUANTITY_L, CATTRO_SEPARATION_L, CATTRO_QUANTITY_W, CATTRO_SEPARATION_W, CATTRO_BORDER_L, CATTRO_BORDER_W, CATTRO_LEAF_L, CATTRO_LEAF_W, CATTRO_VALID_FROM, CATTRO_VALID_TO, CATTRO_CREATED_BY, CATTRO_UPDATED_BY, CATTRO_CREATED_AT, CATTRO_UPDATED_AT) VALUES (2, 'VI', 149, 'T140(3x)-MBACH-Mq05 WI', '2021-12-20', NULL, NULL, 3, 1, 0, 3, 0, 35, 27, 610, 990, NULL, NULL, NULL, NULL, NULL, NULL);
INSERT INTO CATTRO (XID_CATFAB_CODE, XID_CATSTATUS_CODE, XID_CATPRODTRO_CODE, CATTRO_NAME, CATTRO_CREATED_DATE, CATTRO_DSB_MULTIPLE, CATTRO_OBSERVATIONS, CATTRO_QUANTITY, CATTRO_QUANTITY_L, CATTRO_SEPARATION_L, CATTRO_QUANTITY_W, CATTRO_SEPARATION_W, CATTRO_BORDER_L, CATTRO_BORDER_W, CATTRO_LEAF_L, CATTRO_LEAF_W, CATTRO_VALID_FROM, CATTRO_VALID_TO, CATTRO_CREATED_BY, CATTRO_UPDATED_BY, CATTRO_CREATED_AT, CATTRO_UPDATED_AT) VALUES (1, 'IN', 150, 'T141(1x)-R&M-Mq01 TH', '2022-02-11', NULL, NULL, 1, 1, 0, 1, 0, 27, 26, 440, 515, NULL, NULL, NULL, NULL, NULL, NULL);
INSERT INTO CATTRO (XID_CATFAB_CODE, XID_CATSTATUS_CODE, XID_CATPRODTRO_CODE, CATTRO_NAME, CATTRO_CREATED_DATE, CATTRO_DSB_MULTIPLE, CATTRO_OBSERVATIONS, CATTRO_QUANTITY, CATTRO_QUANTITY_L, CATTRO_SEPARATION_L, CATTRO_QUANTITY_W, CATTRO_SEPARATION_W, CATTRO_BORDER_L, CATTRO_BORDER_W, CATTRO_LEAF_L, CATTRO_LEAF_W, CATTRO_VALID_FROM, CATTRO_VALID_TO, CATTRO_CREATED_BY, CATTRO_UPDATED_BY, CATTRO_CREATED_AT, CATTRO_UPDATED_AT) VALUES (1, 'VI', 151, 'T142(1x)-R&M-Mq01 TH', '2022-02-22', NULL, NULL, 1, 1, 0, 1, 0, 51, 3, 990, 515, NULL, NULL, NULL, NULL, NULL, NULL);
INSERT INTO CATTRO (XID_CATFAB_CODE, XID_CATSTATUS_CODE, XID_CATPRODTRO_CODE, CATTRO_NAME, CATTRO_CREATED_DATE, CATTRO_DSB_MULTIPLE, CATTRO_OBSERVATIONS, CATTRO_QUANTITY, CATTRO_QUANTITY_L, CATTRO_SEPARATION_L, CATTRO_QUANTITY_W, CATTRO_SEPARATION_W, CATTRO_BORDER_L, CATTRO_BORDER_W, CATTRO_LEAF_L, CATTRO_LEAF_W, CATTRO_VALID_FROM, CATTRO_VALID_TO, CATTRO_CREATED_BY, CATTRO_UPDATED_BY, CATTRO_CREATED_AT, CATTRO_UPDATED_AT) VALUES (1, 'VI', 152, 'T143(1x)-R&M-Mq01 TH', '2022-02-22', NULL, NULL, 1, 1, 0, 1, 0, 24, 3, 990, 525, NULL, NULL, NULL, NULL, NULL, NULL);
INSERT INTO CATTRO (XID_CATFAB_CODE, XID_CATSTATUS_CODE, XID_CATPRODTRO_CODE, CATTRO_NAME, CATTRO_CREATED_DATE, CATTRO_DSB_MULTIPLE, CATTRO_OBSERVATIONS, CATTRO_QUANTITY, CATTRO_QUANTITY_L, CATTRO_SEPARATION_L, CATTRO_QUANTITY_W, CATTRO_SEPARATION_W, CATTRO_BORDER_L, CATTRO_BORDER_W, CATTRO_LEAF_L, CATTRO_LEAF_W, CATTRO_VALID_FROM, CATTRO_VALID_TO, CATTRO_CREATED_BY, CATTRO_UPDATED_BY, CATTRO_CREATED_AT, CATTRO_UPDATED_AT) VALUES (1, 'VI', 153, 'T144(1x)-R&M-Mq01 TH', '2022-02-22', NULL, NULL, 1, 1, 0, 1, 0, 30, 29, 630, 1010, NULL, NULL, NULL, NULL, NULL, NULL);
