/*==============================================================*/
/* Table: CATCTIPPRO                                            */
/*==============================================================*/
CREATE TABLE CATCTIPPRO
(
    ID_CATCTIPPRO_CODE   INT NOT NULL AUTO_INCREMENT,
    CATCTIPPRO_NAME      VARCHAR(32) NOT NULL,
    CATCTIPPRO_CODE      VARCHAR(8),
    CATCTIPPRO_VALID_FROM TIMESTAMP,
    CATCTIPPRO_VALID_TO  TIMESTAMP NULL,
    CATCTIPPRO_CREATED_BY VARCHAR(16),
    CATCTIPPRO_UPDATED_BY VARCHAR(16),
    CATCTIPPRO_CREATED_AT TIMESTAMP,
    CATCTIPPRO_UPDATED_AT TIMESTAMP,
    PRIMARY KEY (ID_CATCTIPPRO_CODE)
);

ALTER TABLE CATCTIPPRO COMMENT 'TIPO DE PROYECTO';

/*==============================================================*/
/* Import: CATCTIPPRO Tipos de proyectos                        */
/*==============================================================*/
INSERT INTO CATCTIPPRO (ID_CATCTIPPRO_CODE, CATCTIPPRO_NAME, CATCTIPPRO_CODE, CATCTIPPRO_VALID_FROM, CATCTIPPRO_VALID_TO, CATCTIPPRO_CREATED_BY, CATCTIPPRO_UPDATED_BY, CATCTIPPRO_CREATED_AT, CATCTIPPRO_UPDATED_AT) VALUES (1, 'Exportación', '(Xp)', NULL, NULL, NULL, NULL, NULL, NULL);
INSERT INTO CATCTIPPRO (ID_CATCTIPPRO_CODE, CATCTIPPRO_NAME, CATCTIPPRO_CODE, CATCTIPPRO_VALID_FROM, CATCTIPPRO_VALID_TO, CATCTIPPRO_CREATED_BY, CATCTIPPRO_UPDATED_BY, CATCTIPPRO_CREATED_AT, CATCTIPPRO_UPDATED_AT) VALUES (2, 'Local', NULL, NULL, NULL, NULL, NULL, NULL, NULL);

/*==============================================================*/
/* Table: CATCTAL                                               */
/*==============================================================*/
CREATE TABLE CATCTAL
(
    ID_CATCTAL_CODE      INT NOT NULL AUTO_INCREMENT,
    CATCTAL_PERCENT      INT NOT NULL,
    CATCTAL_LP_CODE      VARCHAR(4) NOT NULL,
    CATCTAL_VALID_FROM   TIMESTAMP,
    CATCTAL_VALID_TO     TIMESTAMP NULL,
    CATCTAL_CREATED_BY   VARCHAR(16),
    CATCTAL_UPDATED_BY   VARCHAR(16),
    CATCTAL_CREATED_AT   TIMESTAMP,
    CATCTAL_UPDATED_AT   TIMESTAMP,
    PRIMARY KEY (ID_CATCTAL_CODE)
);

ALTER TABLE CATCTAL COMMENT 'PORCENTAJE TALCO';

/*==============================================================*/
/* Import: CATCTAL Talcos                                       */
/*==============================================================*/
INSERT INTO CATCTAL (ID_CATCTAL_CODE, CATCTAL_PERCENT, CATCTAL_LP_CODE, CATCTAL_VALID_FROM, CATCTAL_VALID_TO, CATCTAL_CREATED_BY, CATCTAL_UPDATED_BY, CATCTAL_CREATED_AT, CATCTAL_UPDATED_AT) VALUES (1, 5, 'L1', NULL, NULL, NULL, NULL, NULL, NULL);
INSERT INTO CATCTAL (ID_CATCTAL_CODE, CATCTAL_PERCENT, CATCTAL_LP_CODE, CATCTAL_VALID_FROM, CATCTAL_VALID_TO, CATCTAL_CREATED_BY, CATCTAL_UPDATED_BY, CATCTAL_CREATED_AT, CATCTAL_UPDATED_AT) VALUES (2, 10, 'L2', NULL, NULL, NULL, NULL, NULL, NULL);
INSERT INTO CATCTAL (ID_CATCTAL_CODE, CATCTAL_PERCENT, CATCTAL_LP_CODE, CATCTAL_VALID_FROM, CATCTAL_VALID_TO, CATCTAL_CREATED_BY, CATCTAL_UPDATED_BY, CATCTAL_CREATED_AT, CATCTAL_UPDATED_AT) VALUES (3, 15, 'L3', NULL, NULL, NULL, NULL, NULL, NULL);
INSERT INTO CATCTAL (ID_CATCTAL_CODE, CATCTAL_PERCENT, CATCTAL_LP_CODE, CATCTAL_VALID_FROM, CATCTAL_VALID_TO, CATCTAL_CREATED_BY, CATCTAL_UPDATED_BY, CATCTAL_CREATED_AT, CATCTAL_UPDATED_AT) VALUES (4, 20, 'L4', NULL, NULL, NULL, NULL, NULL, NULL);
INSERT INTO CATCTAL (ID_CATCTAL_CODE, CATCTAL_PERCENT, CATCTAL_LP_CODE, CATCTAL_VALID_FROM, CATCTAL_VALID_TO, CATCTAL_CREATED_BY, CATCTAL_UPDATED_BY, CATCTAL_CREATED_AT, CATCTAL_UPDATED_AT) VALUES (5, 25, 'L5', NULL, NULL, NULL, NULL, NULL, NULL);
INSERT INTO CATCTAL (ID_CATCTAL_CODE, CATCTAL_PERCENT, CATCTAL_LP_CODE, CATCTAL_VALID_FROM, CATCTAL_VALID_TO, CATCTAL_CREATED_BY, CATCTAL_UPDATED_BY, CATCTAL_CREATED_AT, CATCTAL_UPDATED_AT) VALUES (6, 30, 'L6', NULL, NULL, NULL, NULL, NULL, NULL);


/*==============================================================*/
/* Table: CATCCACO3                                             */
/*==============================================================*/
CREATE TABLE CATCCACO3
(
    ID_CATCCACO3_CODE    INT NOT NULL AUTO_INCREMENT,
    CATCCACO3_PERCENT    INT NOT NULL,
    CATCCACO3_AP_CODE    VARCHAR(4) NOT NULL,
    CATCCACO3_VALID_FROM TIMESTAMP,
    CATCCACO3_VALID_TO   TIMESTAMP NULL,
    CATCCACO3_CREATED_BY VARCHAR(16),
    CATCCACO3_UPDATED_BY VARCHAR(16),
    CATCCACO3_CREATED_AT TIMESTAMP,
    CATCCACO3_UPDATED_AT TIMESTAMP,
    PRIMARY KEY (ID_CATCCACO3_CODE)
);

ALTER TABLE CATCCACO3 COMMENT 'PORCENTAJE DE CARBONATO DE CALCIO';

/*==============================================================*/
/* Import: CATCCACO3 Carbonato de calcio                        */
/*==============================================================*/
INSERT INTO CATCCACO3 (ID_CATCCACO3_CODE, CATCCACO3_PERCENT, CATCCACO3_AP_CODE, CATCCACO3_VALID_FROM, CATCCACO3_VALID_TO, CATCCACO3_CREATED_BY, CATCCACO3_UPDATED_BY, CATCCACO3_CREATED_AT, CATCCACO3_UPDATED_AT) VALUES (1, 5, 'A1', NULL, NULL, NULL, NULL, NULL, NULL);
INSERT INTO CATCCACO3 (ID_CATCCACO3_CODE, CATCCACO3_PERCENT, CATCCACO3_AP_CODE, CATCCACO3_VALID_FROM, CATCCACO3_VALID_TO, CATCCACO3_CREATED_BY, CATCCACO3_UPDATED_BY, CATCCACO3_CREATED_AT, CATCCACO3_UPDATED_AT) VALUES (2, 10, 'A2', NULL, NULL, NULL, NULL, NULL, NULL);
INSERT INTO CATCCACO3 (ID_CATCCACO3_CODE, CATCCACO3_PERCENT, CATCCACO3_AP_CODE, CATCCACO3_VALID_FROM, CATCCACO3_VALID_TO, CATCCACO3_CREATED_BY, CATCCACO3_UPDATED_BY, CATCCACO3_CREATED_AT, CATCCACO3_UPDATED_AT) VALUES (3, 15, 'A3', NULL, NULL, NULL, NULL, NULL, NULL);
INSERT INTO CATCCACO3 (ID_CATCCACO3_CODE, CATCCACO3_PERCENT, CATCCACO3_AP_CODE, CATCCACO3_VALID_FROM, CATCCACO3_VALID_TO, CATCCACO3_CREATED_BY, CATCCACO3_UPDATED_BY, CATCCACO3_CREATED_AT, CATCCACO3_UPDATED_AT) VALUES (4, 20, 'A4', NULL, NULL, NULL, NULL, NULL, NULL);
INSERT INTO CATCCACO3 (ID_CATCCACO3_CODE, CATCCACO3_PERCENT, CATCCACO3_AP_CODE, CATCCACO3_VALID_FROM, CATCCACO3_VALID_TO, CATCCACO3_CREATED_BY, CATCCACO3_UPDATED_BY, CATCCACO3_CREATED_AT, CATCCACO3_UPDATED_AT) VALUES (5, 25, 'A5', NULL, NULL, NULL, NULL, NULL, NULL);
INSERT INTO CATCCACO3 (ID_CATCCACO3_CODE, CATCCACO3_PERCENT, CATCCACO3_AP_CODE, CATCCACO3_VALID_FROM, CATCCACO3_VALID_TO, CATCCACO3_CREATED_BY, CATCCACO3_UPDATED_BY, CATCCACO3_CREATED_AT, CATCCACO3_UPDATED_AT) VALUES (6, 30, 'A6', NULL, NULL, NULL, NULL, NULL, NULL);


/*==============================================================*/
/* Table: CATCYPREFIJ                                           */
/*==============================================================*/
CREATE TABLE CATCYPREFIJ
(
    ID_CATCYPREFIJ_CODE  INT NOT NULL AUTO_INCREMENT,
    CATCYPREFIJ_NAME     VARCHAR(128) NOT NULL,
    CATCYPREFIJ_VALID_FROM TIMESTAMP,
    CATCYPREFIJ_VALID_TO TIMESTAMP NULL,
    CATCYPREFIJ_CREATED_BY VARCHAR(16),
    CATCYPREFIJ_UPDATED_BY VARCHAR(16),
    CATCYPREFIJ_CREATED_AT TIMESTAMP,
    CATCYPREFIJ_UPDATED_AT TIMESTAMP,
    PRIMARY KEY (ID_CATCYPREFIJ_CODE)
);

ALTER TABLE CATCYPREFIJ COMMENT 'CATALOGO DE Y PREFIJO';

/*==============================================================*/
/* Table: CATPROY                                               */
/*==============================================================*/
CREATE TABLE CATPROY
(
    ID_CATPROY_CODE      INT NOT NULL AUTO_INCREMENT,
    XID_CATCLI_CODE      INT,
    XID_CATHOM_CODE      INT NOT NULL,
    XID_CATCOL_CODE      VARCHAR(4),
    XID_CATCIR_CODE      INT,
    XID_CATCTAL_CODE     INT,
    XID_CATCCACO3_CODE   INT,
    XID_CATPRODTRO_CODE  INT,
    XID_CATCTIPPRO_CODE  INT,
    XID_CATCYPREFIJ_CODE INT,
    CATPROY_NAME         VARCHAR(128) NOT NULL,
    CATPROY_CODEGEN      VARCHAR(128) NOT NULL,
    CATPROY_GSM          INT NOT NULL,
    CATPROY_AYD_PROCESS  BOOL NOT NULL,
    CATPROY_IS_STRUCTURAL BOOL NOT NULL,
    CATPROY_HAS_CROWN    BOOL NOT NULL,
    CATPROY_LEAF_NAME    VARCHAR(64),
    CATPROY_REFERENCE_TAG VARCHAR(128),
    CATPROY_HAS_LOGO     BOOL NOT NULL,
    CATPROY_QUANTITY_X_PACKAGE INT,
    CATPROY_VALID_FROM   TIMESTAMP,
    CATPROY_VALID_TO     TIMESTAMP NULL,
    CATPROY_CREATED_BY   VARCHAR(16),
    CATPROY_UPDATED_BY   VARCHAR(16),
    CATPROY_CREATED_AT   TIMESTAMP,
    CATPROY_UPDATED_AT   TIMESTAMP,
    PRIMARY KEY (ID_CATPROY_CODE)
);

ALTER TABLE CATPROY COMMENT 'PROYECTOS';

ALTER TABLE CATPROY ADD CONSTRAINT XID_CATPROY_CODE_XID_CATCCACO3_CODE FOREIGN KEY (XID_CATCCACO3_CODE)
    REFERENCES CATCCACO3 (ID_CATCCACO3_CODE) ON DELETE RESTRICT;

ALTER TABLE CATPROY ADD CONSTRAINT XID_CATPROY_CODE_XID_CATCIR_CODE FOREIGN KEY (XID_CATCIR_CODE)
    REFERENCES CATCIR (ID_CATCIR_CODE) ON DELETE RESTRICT;

ALTER TABLE CATPROY ADD CONSTRAINT XID_CATPROY_CODE_XID_CATCLI_CODE FOREIGN KEY (XID_CATCLI_CODE)
    REFERENCES CATCLI (ID_CATCLI_CODE) ON DELETE RESTRICT;

ALTER TABLE CATPROY ADD CONSTRAINT XID_CATPROY_CODE_XID_CATCOL_CODE FOREIGN KEY (XID_CATCOL_CODE)
    REFERENCES CATCOL (ID_CATCOL_CODE) ON DELETE RESTRICT;

ALTER TABLE CATPROY ADD CONSTRAINT XID_CATPROY_CODE_XID_CATCTAL_CODE FOREIGN KEY (XID_CATCTAL_CODE)
    REFERENCES CATCTAL (ID_CATCTAL_CODE) ON DELETE RESTRICT;

ALTER TABLE CATPROY ADD CONSTRAINT XID_CATPROY_CODE_XID_CATCTIPPRO_CODE FOREIGN KEY (XID_CATCTIPPRO_CODE)
    REFERENCES CATCTIPPRO (ID_CATCTIPPRO_CODE) ON DELETE RESTRICT;

ALTER TABLE CATPROY ADD CONSTRAINT XID_CATPROY_CODE_XID_CATCYPREFIJ_CODE FOREIGN KEY (XID_CATCYPREFIJ_CODE)
    REFERENCES CATCYPREFIJ (ID_CATCYPREFIJ_CODE) ON DELETE RESTRICT;

ALTER TABLE CATPROY ADD CONSTRAINT XID_CATPROY_CODE_XID_CATHOM_CODE FOREIGN KEY (XID_CATHOM_CODE)
    REFERENCES CATHOM (ID_CATHOM_CODE) ON DELETE RESTRICT;

ALTER TABLE CATPROY ADD CONSTRAINT XID_CATPROY_CODE_XID_CATPRODTRO_CODE FOREIGN KEY (XID_CATPRODTRO_CODE)
    REFERENCES CATPRODTRO (ID_CATPRODTRO_CODE) ON DELETE RESTRICT;

/*==============================================================*/
/* Import: CATPROY Proyectos                                    */
/*==============================================================*/
INSERT INTO CATPROY (XID_CATCLI_CODE, CATPROY_NAME, CATPROY_CODEGEN, CATPROY_GSM, XID_CATHOM_CODE, XID_CATCTAL_CODE, XID_CATCCACO3_CODE, CATPROY_AYD_PROCESS, XID_CATCOL_CODE, CATPROY_IS_STRUCTURAL, CATPROY_HAS_CROWN, XID_CATCIR_CODE, XID_CATPRODTRO_CODE, CATPROY_LEAF_NAME, XID_CATCTIPPRO_CODE, CATPROY_REFERENCE_TAG, CATPROY_HAS_LOGO, CATPROY_QUANTITY_X_PACKAGE, XID_CATCYPREFIJ_CODE, CATPROY_VALID_FROM, CATPROY_VALID_TO, CATPROY_CREATED_BY, CATPROY_UPDATED_BY, CATPROY_CREATED_AT, CATPROY_UPDATED_AT) VALUES (10, 'Lam Separador 1.20x1.00 / Negro ', '9QB2E-F001', 900, 3, NULL, NULL, FALSE, 'B2', TRUE, FALSE, NULL, 1, NULL, 2, 'Sep. 1.20x1.00m', TRUE, 25, NULL, NULL, NULL, NULL, NULL, NULL, NULL);
INSERT INTO CATPROY (XID_CATCLI_CODE, CATPROY_NAME, CATPROY_CODEGEN, CATPROY_GSM, XID_CATHOM_CODE, XID_CATCTAL_CODE, XID_CATCCACO3_CODE, CATPROY_AYD_PROCESS, XID_CATCOL_CODE, CATPROY_IS_STRUCTURAL, CATPROY_HAS_CROWN, XID_CATCIR_CODE, XID_CATPRODTRO_CODE, CATPROY_LEAF_NAME, XID_CATCTIPPRO_CODE, CATPROY_REFERENCE_TAG, CATPROY_HAS_LOGO, CATPROY_QUANTITY_X_PACKAGE, XID_CATCYPREFIJ_CODE, CATPROY_VALID_FROM, CATPROY_VALID_TO, CATPROY_CREATED_BY, CATPROY_UPDATED_BY, CATPROY_CREATED_AT, CATPROY_UPDATED_AT) VALUES (NULL, 'Lam Separador 1.20x1.00 / Azul ', '9QZ3E-F001', 900, 3, NULL, NULL, FALSE, 'Z3', TRUE, FALSE, NULL, 1, NULL, 2, NULL, FALSE, 25, NULL, NULL, NULL, NULL, NULL, NULL, NULL);
INSERT INTO CATPROY (XID_CATCLI_CODE, CATPROY_NAME, CATPROY_CODEGEN, CATPROY_GSM, XID_CATHOM_CODE, XID_CATCTAL_CODE, XID_CATCCACO3_CODE, CATPROY_AYD_PROCESS, XID_CATCOL_CODE, CATPROY_IS_STRUCTURAL, CATPROY_HAS_CROWN, XID_CATCIR_CODE, XID_CATPRODTRO_CODE, CATPROY_LEAF_NAME, XID_CATCTIPPRO_CODE, CATPROY_REFERENCE_TAG, CATPROY_HAS_LOGO, CATPROY_QUANTITY_X_PACKAGE, XID_CATCYPREFIJ_CODE, CATPROY_VALID_FROM, CATPROY_VALID_TO, CATPROY_CREATED_BY, CATPROY_UPDATED_BY, CATPROY_CREATED_AT, CATPROY_UPDATED_AT) VALUES (6, 'Lam Separador 1.20x1.00 (ACNT) ', '9QB2EK-P001-F001', 900, 3, NULL, NULL, FALSE, 'B2', TRUE, TRUE, 1, 1, NULL, 2, NULL, FALSE, 25, NULL, NULL, NULL, NULL, NULL, NULL, NULL);
INSERT INTO CATPROY (XID_CATCLI_CODE, CATPROY_NAME, CATPROY_CODEGEN, CATPROY_GSM, XID_CATHOM_CODE, XID_CATCTAL_CODE, XID_CATCCACO3_CODE, CATPROY_AYD_PROCESS, XID_CATCOL_CODE, CATPROY_IS_STRUCTURAL, CATPROY_HAS_CROWN, XID_CATCIR_CODE, XID_CATPRODTRO_CODE, CATPROY_LEAF_NAME, XID_CATCTIPPRO_CODE, CATPROY_REFERENCE_TAG, CATPROY_HAS_LOGO, CATPROY_QUANTITY_X_PACKAGE, XID_CATCYPREFIJ_CODE, CATPROY_VALID_FROM, CATPROY_VALID_TO, CATPROY_CREATED_BY, CATPROY_UPDATED_BY, CATPROY_CREATED_AT, CATPROY_UPDATED_AT) VALUES (47, 'Lam Separador 1.50x1.00 (RSGS) ', '9QZ3EK-P004-F001b', 900, 3, NULL, NULL, FALSE, 'Z3', TRUE, TRUE, 14, 2, NULL, 2, NULL, FALSE, 20, NULL, NULL, NULL, NULL, NULL, NULL, NULL);
INSERT INTO CATPROY (XID_CATCLI_CODE, CATPROY_NAME, CATPROY_CODEGEN, CATPROY_GSM, XID_CATHOM_CODE, XID_CATCTAL_CODE, XID_CATCCACO3_CODE, CATPROY_AYD_PROCESS, XID_CATCOL_CODE, CATPROY_IS_STRUCTURAL, CATPROY_HAS_CROWN, XID_CATCIR_CODE, XID_CATPRODTRO_CODE, CATPROY_LEAF_NAME, XID_CATCTIPPRO_CODE, CATPROY_REFERENCE_TAG, CATPROY_HAS_LOGO, CATPROY_QUANTITY_X_PACKAGE, XID_CATCYPREFIJ_CODE, CATPROY_VALID_FROM, CATPROY_VALID_TO, CATPROY_CREATED_BY, CATPROY_UPDATED_BY, CATPROY_CREATED_AT, CATPROY_UPDATED_AT) VALUES (4, 'Base Especial / Blanco ', '5QW1-F011', 500, 3, NULL, NULL, FALSE, 'W1', FALSE, FALSE, NULL, 12, NULL, 2, NULL, FALSE, NULL, NULL, NULL, NULL, NULL, NULL, NULL, NULL);
INSERT INTO CATPROY (XID_CATCLI_CODE, CATPROY_NAME, CATPROY_CODEGEN, CATPROY_GSM, XID_CATHOM_CODE, XID_CATCTAL_CODE, XID_CATCCACO3_CODE, CATPROY_AYD_PROCESS, XID_CATCOL_CODE, CATPROY_IS_STRUCTURAL, CATPROY_HAS_CROWN, XID_CATCIR_CODE, XID_CATPRODTRO_CODE, CATPROY_LEAF_NAME, XID_CATCTIPPRO_CODE, CATPROY_REFERENCE_TAG, CATPROY_HAS_LOGO, CATPROY_QUANTITY_X_PACKAGE, XID_CATCYPREFIJ_CODE, CATPROY_VALID_FROM, CATPROY_VALID_TO, CATPROY_CREATED_BY, CATPROY_UPDATED_BY, CATPROY_CREATED_AT, CATPROY_UPDATED_AT) VALUES (4, 'Tapa Especial / Blanco ', '5QW1-F012', 500, 3, NULL, NULL, FALSE, 'W1', FALSE, FALSE, NULL, 13, NULL, 2, NULL, FALSE, NULL, NULL, NULL, NULL, NULL, NULL, NULL, NULL);
INSERT INTO CATPROY (XID_CATCLI_CODE, CATPROY_NAME, CATPROY_CODEGEN, CATPROY_GSM, XID_CATHOM_CODE, XID_CATCTAL_CODE, XID_CATCCACO3_CODE, CATPROY_AYD_PROCESS, XID_CATCOL_CODE, CATPROY_IS_STRUCTURAL, CATPROY_HAS_CROWN, XID_CATCIR_CODE, XID_CATPRODTRO_CODE, CATPROY_LEAF_NAME, XID_CATCTIPPRO_CODE, CATPROY_REFERENCE_TAG, CATPROY_HAS_LOGO, CATPROY_QUANTITY_X_PACKAGE, XID_CATCYPREFIJ_CODE, CATPROY_VALID_FROM, CATPROY_VALID_TO, CATPROY_CREATED_BY, CATPROY_UPDATED_BY, CATPROY_CREATED_AT, CATPROY_UPDATED_AT) VALUES (4, 'Flores Normal - Base / Blanco ', '5QW1-F014', 500, 3, NULL, NULL, FALSE, 'W1', FALSE, FALSE, NULL, 15, NULL, 2, NULL, FALSE, NULL, NULL, NULL, NULL, NULL, NULL, NULL, NULL);
INSERT INTO CATPROY (XID_CATCLI_CODE, CATPROY_NAME, CATPROY_CODEGEN, CATPROY_GSM, XID_CATHOM_CODE, XID_CATCTAL_CODE, XID_CATCCACO3_CODE, CATPROY_AYD_PROCESS, XID_CATCOL_CODE, CATPROY_IS_STRUCTURAL, CATPROY_HAS_CROWN, XID_CATCIR_CODE, XID_CATPRODTRO_CODE, CATPROY_LEAF_NAME, XID_CATCTIPPRO_CODE, CATPROY_REFERENCE_TAG, CATPROY_HAS_LOGO, CATPROY_QUANTITY_X_PACKAGE, XID_CATCYPREFIJ_CODE, CATPROY_VALID_FROM, CATPROY_VALID_TO, CATPROY_CREATED_BY, CATPROY_UPDATED_BY, CATPROY_CREATED_AT, CATPROY_UPDATED_AT) VALUES (4, 'Flores Normal - Tapa / Blanco ', '5QW1-F015', 500, 3, NULL, NULL, FALSE, 'W1', FALSE, FALSE, NULL, 16, NULL, 2, NULL, FALSE, NULL, NULL, NULL, NULL, NULL, NULL, NULL, NULL);
INSERT INTO CATPROY (XID_CATCLI_CODE, CATPROY_NAME, CATPROY_CODEGEN, CATPROY_GSM, XID_CATHOM_CODE, XID_CATCTAL_CODE, XID_CATCCACO3_CODE, CATPROY_AYD_PROCESS, XID_CATCOL_CODE, CATPROY_IS_STRUCTURAL, CATPROY_HAS_CROWN, XID_CATCIR_CODE, XID_CATPRODTRO_CODE, CATPROY_LEAF_NAME, XID_CATCTIPPRO_CODE, CATPROY_REFERENCE_TAG, CATPROY_HAS_LOGO, CATPROY_QUANTITY_X_PACKAGE, XID_CATCYPREFIJ_CODE, CATPROY_VALID_FROM, CATPROY_VALID_TO, CATPROY_CREATED_BY, CATPROY_UPDATED_BY, CATPROY_CREATED_AT, CATPROY_UPDATED_AT) VALUES (45, 'Bandeja perf 6Kg / Blanco  (Xp)', '6QW1-F018B (Xp)', 550, 3, NULL, NULL, FALSE, 'W1', FALSE, FALSE, NULL, 20, NULL, 1, NULL, FALSE, NULL, NULL, NULL, NULL, NULL, NULL, NULL, NULL);
INSERT INTO CATPROY (XID_CATCLI_CODE, CATPROY_NAME, CATPROY_CODEGEN, CATPROY_GSM, XID_CATHOM_CODE, XID_CATCTAL_CODE, XID_CATCCACO3_CODE, CATPROY_AYD_PROCESS, XID_CATCOL_CODE, CATPROY_IS_STRUCTURAL, CATPROY_HAS_CROWN, XID_CATCIR_CODE, XID_CATPRODTRO_CODE, CATPROY_LEAF_NAME, XID_CATCTIPPRO_CODE, CATPROY_REFERENCE_TAG, CATPROY_HAS_LOGO, CATPROY_QUANTITY_X_PACKAGE, XID_CATCYPREFIJ_CODE, CATPROY_VALID_FROM, CATPROY_VALID_TO, CATPROY_CREATED_BY, CATPROY_UPDATED_BY, CATPROY_CREATED_AT, CATPROY_UPDATED_AT) VALUES (49, 'Base Llena 270x170x83 / Blanco  (Xp)', '3QL1W4-F040 (Xp)', 300, 3, 1, NULL, FALSE, 'W4', FALSE, FALSE, NULL, 42, NULL, 1, NULL, FALSE, 160, NULL, NULL, NULL, NULL, NULL, NULL, NULL);
INSERT INTO CATPROY (XID_CATCLI_CODE, CATPROY_NAME, CATPROY_CODEGEN, CATPROY_GSM, XID_CATHOM_CODE, XID_CATCTAL_CODE, XID_CATCCACO3_CODE, CATPROY_AYD_PROCESS, XID_CATCOL_CODE, CATPROY_IS_STRUCTURAL, CATPROY_HAS_CROWN, XID_CATCIR_CODE, XID_CATPRODTRO_CODE, CATPROY_LEAF_NAME, XID_CATCTIPPRO_CODE, CATPROY_REFERENCE_TAG, CATPROY_HAS_LOGO, CATPROY_QUANTITY_X_PACKAGE, XID_CATCYPREFIJ_CODE, CATPROY_VALID_FROM, CATPROY_VALID_TO, CATPROY_CREATED_BY, CATPROY_UPDATED_BY, CATPROY_CREATED_AT, CATPROY_UPDATED_AT) VALUES (44, 'Trapezoidal 305x200x270 / Blanco ', '6QW1-F042', 600, 3, NULL, NULL, FALSE, 'W1', FALSE, FALSE, NULL, 44, NULL, 2, NULL, FALSE, NULL, NULL, NULL, NULL, NULL, NULL, NULL, NULL);
INSERT INTO CATPROY (XID_CATCLI_CODE, CATPROY_NAME, CATPROY_CODEGEN, CATPROY_GSM, XID_CATHOM_CODE, XID_CATCTAL_CODE, XID_CATCCACO3_CODE, CATPROY_AYD_PROCESS, XID_CATCOL_CODE, CATPROY_IS_STRUCTURAL, CATPROY_HAS_CROWN, XID_CATCIR_CODE, XID_CATPRODTRO_CODE, CATPROY_LEAF_NAME, XID_CATCTIPPRO_CODE, CATPROY_REFERENCE_TAG, CATPROY_HAS_LOGO, CATPROY_QUANTITY_X_PACKAGE, XID_CATCYPREFIJ_CODE, CATPROY_VALID_FROM, CATPROY_VALID_TO, CATPROY_CREATED_BY, CATPROY_UPDATED_BY, CATPROY_CREATED_AT, CATPROY_UPDATED_AT) VALUES (14, 'Lámina ', '6QB2K-P005a-F042', 600, 3, NULL, NULL, FALSE, 'B2', FALSE, TRUE, 15, 44, NULL, 2, NULL, FALSE, NULL, NULL, NULL, NULL, NULL, NULL, NULL, NULL);
INSERT INTO CATPROY (XID_CATCLI_CODE, CATPROY_NAME, CATPROY_CODEGEN, CATPROY_GSM, XID_CATHOM_CODE, XID_CATCTAL_CODE, XID_CATCCACO3_CODE, CATPROY_AYD_PROCESS, XID_CATCOL_CODE, CATPROY_IS_STRUCTURAL, CATPROY_HAS_CROWN, XID_CATCIR_CODE, XID_CATPRODTRO_CODE, CATPROY_LEAF_NAME, XID_CATCTIPPRO_CODE, CATPROY_REFERENCE_TAG, CATPROY_HAS_LOGO, CATPROY_QUANTITY_X_PACKAGE, XID_CATCYPREFIJ_CODE, CATPROY_VALID_FROM, CATPROY_VALID_TO, CATPROY_CREATED_BY, CATPROY_UPDATED_BY, CATPROY_CREATED_AT, CATPROY_UPDATED_AT) VALUES (14, 'Bandeja 3.3kg - G. Mateo ', '6QZ4K-P008-F043', 600, 3, NULL, NULL, FALSE, 'Z4', FALSE, TRUE, 18, 45, NULL, 2, NULL, FALSE, NULL, NULL, NULL, NULL, NULL, NULL, NULL, NULL);
INSERT INTO CATPROY (XID_CATCLI_CODE, CATPROY_NAME, CATPROY_CODEGEN, CATPROY_GSM, XID_CATHOM_CODE, XID_CATCTAL_CODE, XID_CATCCACO3_CODE, CATPROY_AYD_PROCESS, XID_CATCOL_CODE, CATPROY_IS_STRUCTURAL, CATPROY_HAS_CROWN, XID_CATCIR_CODE, XID_CATPRODTRO_CODE, CATPROY_LEAF_NAME, XID_CATCTIPPRO_CODE, CATPROY_REFERENCE_TAG, CATPROY_HAS_LOGO, CATPROY_QUANTITY_X_PACKAGE, XID_CATCYPREFIJ_CODE, CATPROY_VALID_FROM, CATPROY_VALID_TO, CATPROY_CREATED_BY, CATPROY_UPDATED_BY, CATPROY_CREATED_AT, CATPROY_UPDATED_AT) VALUES (14, 'Bandeja 3.3kg - Tucano ', '6QB2K-P016-F043', 600, 3, NULL, NULL, FALSE, 'B2', FALSE, TRUE, 26, 45, NULL, 2, NULL, FALSE, NULL, NULL, NULL, NULL, NULL, NULL, NULL, NULL);
INSERT INTO CATPROY (XID_CATCLI_CODE, CATPROY_NAME, CATPROY_CODEGEN, CATPROY_GSM, XID_CATHOM_CODE, XID_CATCTAL_CODE, XID_CATCCACO3_CODE, CATPROY_AYD_PROCESS, XID_CATCOL_CODE, CATPROY_IS_STRUCTURAL, CATPROY_HAS_CROWN, XID_CATCIR_CODE, XID_CATPRODTRO_CODE, CATPROY_LEAF_NAME, XID_CATCTIPPRO_CODE, CATPROY_REFERENCE_TAG, CATPROY_HAS_LOGO, CATPROY_QUANTITY_X_PACKAGE, XID_CATCYPREFIJ_CODE, CATPROY_VALID_FROM, CATPROY_VALID_TO, CATPROY_CREATED_BY, CATPROY_UPDATED_BY, CATPROY_CREATED_AT, CATPROY_UPDATED_AT) VALUES (44, 'Bandeja 3.3kg - G Mateo ', '6QZ4K-P018-F043', 600, 3, NULL, NULL, FALSE, 'Z4', FALSE, TRUE, 28, 45, NULL, 2, NULL, FALSE, NULL, NULL, NULL, NULL, NULL, NULL, NULL, NULL);
INSERT INTO CATPROY (XID_CATCLI_CODE, CATPROY_NAME, CATPROY_CODEGEN, CATPROY_GSM, XID_CATHOM_CODE, XID_CATCTAL_CODE, XID_CATCCACO3_CODE, CATPROY_AYD_PROCESS, XID_CATCOL_CODE, CATPROY_IS_STRUCTURAL, CATPROY_HAS_CROWN, XID_CATCIR_CODE, XID_CATPRODTRO_CODE, CATPROY_LEAF_NAME, XID_CATCTIPPRO_CODE, CATPROY_REFERENCE_TAG, CATPROY_HAS_LOGO, CATPROY_QUANTITY_X_PACKAGE, XID_CATCYPREFIJ_CODE, CATPROY_VALID_FROM, CATPROY_VALID_TO, CATPROY_CREATED_BY, CATPROY_UPDATED_BY, CATPROY_CREATED_AT, CATPROY_UPDATED_AT) VALUES (44, 'Bandeja 3.3kg - Tucano ', '6QB2K-P043-F043', 600, 3, NULL, NULL, FALSE, 'B2', FALSE, TRUE, 59, 45, NULL, 2, NULL, FALSE, NULL, NULL, NULL, NULL, NULL, NULL, NULL, NULL);
INSERT INTO CATPROY (XID_CATCLI_CODE, CATPROY_NAME, CATPROY_CODEGEN, CATPROY_GSM, XID_CATHOM_CODE, XID_CATCTAL_CODE, XID_CATCCACO3_CODE, CATPROY_AYD_PROCESS, XID_CATCOL_CODE, CATPROY_IS_STRUCTURAL, CATPROY_HAS_CROWN, XID_CATCIR_CODE, XID_CATPRODTRO_CODE, CATPROY_LEAF_NAME, XID_CATCTIPPRO_CODE, CATPROY_REFERENCE_TAG, CATPROY_HAS_LOGO, CATPROY_QUANTITY_X_PACKAGE, XID_CATCYPREFIJ_CODE, CATPROY_VALID_FROM, CATPROY_VALID_TO, CATPROY_CREATED_BY, CATPROY_UPDATED_BY, CATPROY_CREATED_AT, CATPROY_UPDATED_AT) VALUES (30, 'Bandeja Esparragos 3.3 Kg / Negro ', '6QB2-F043', 600, 3, NULL, NULL, FALSE, 'B2', FALSE, FALSE, NULL, 45, NULL, 2, NULL, FALSE, NULL, NULL, NULL, NULL, NULL, NULL, NULL, NULL);
INSERT INTO CATPROY (XID_CATCLI_CODE, CATPROY_NAME, CATPROY_CODEGEN, CATPROY_GSM, XID_CATHOM_CODE, XID_CATCTAL_CODE, XID_CATCCACO3_CODE, CATPROY_AYD_PROCESS, XID_CATCOL_CODE, CATPROY_IS_STRUCTURAL, CATPROY_HAS_CROWN, XID_CATCIR_CODE, XID_CATPRODTRO_CODE, CATPROY_LEAF_NAME, XID_CATCTIPPRO_CODE, CATPROY_REFERENCE_TAG, CATPROY_HAS_LOGO, CATPROY_QUANTITY_X_PACKAGE, XID_CATCYPREFIJ_CODE, CATPROY_VALID_FROM, CATPROY_VALID_TO, CATPROY_CREATED_BY, CATPROY_UPDATED_BY, CATPROY_CREATED_AT, CATPROY_UPDATED_AT) VALUES (14, 'Crystal Valley - Trapezoidal B ', '6QW1K-P009-F044', 600, 3, NULL, NULL, FALSE, 'W1', FALSE, TRUE, 19, 46, NULL, 2, NULL, FALSE, NULL, NULL, NULL, NULL, NULL, NULL, NULL, NULL);
INSERT INTO CATPROY (XID_CATCLI_CODE, CATPROY_NAME, CATPROY_CODEGEN, CATPROY_GSM, XID_CATHOM_CODE, XID_CATCTAL_CODE, XID_CATCCACO3_CODE, CATPROY_AYD_PROCESS, XID_CATCOL_CODE, CATPROY_IS_STRUCTURAL, CATPROY_HAS_CROWN, XID_CATCIR_CODE, XID_CATPRODTRO_CODE, CATPROY_LEAF_NAME, XID_CATCTIPPRO_CODE, CATPROY_REFERENCE_TAG, CATPROY_HAS_LOGO, CATPROY_QUANTITY_X_PACKAGE, XID_CATCYPREFIJ_CODE, CATPROY_VALID_FROM, CATPROY_VALID_TO, CATPROY_CREATED_BY, CATPROY_UPDATED_BY, CATPROY_CREATED_AT, CATPROY_UPDATED_AT) VALUES (26, 'Protector 18x80cm / Verde ', '3QG2-F049', 300, 3, NULL, NULL, FALSE, 'G2', FALSE, FALSE, NULL, 51, NULL, 2, NULL, FALSE, NULL, NULL, NULL, NULL, NULL, NULL, NULL, NULL);
INSERT INTO CATPROY (XID_CATCLI_CODE, CATPROY_NAME, CATPROY_CODEGEN, CATPROY_GSM, XID_CATHOM_CODE, XID_CATCTAL_CODE, XID_CATCCACO3_CODE, CATPROY_AYD_PROCESS, XID_CATCOL_CODE, CATPROY_IS_STRUCTURAL, CATPROY_HAS_CROWN, XID_CATCIR_CODE, XID_CATPRODTRO_CODE, CATPROY_LEAF_NAME, XID_CATCTIPPRO_CODE, CATPROY_REFERENCE_TAG, CATPROY_HAS_LOGO, CATPROY_QUANTITY_X_PACKAGE, XID_CATCYPREFIJ_CODE, CATPROY_VALID_FROM, CATPROY_VALID_TO, CATPROY_CREATED_BY, CATPROY_UPDATED_BY, CATPROY_CREATED_AT, CATPROY_UPDATED_AT) VALUES (14, 'D&C - Piramidal 2.5kg ', '5QB2K-P012-F052', 500, 3, NULL, NULL, FALSE, 'B2', FALSE, TRUE, 22, 54, NULL, 2, NULL, FALSE, NULL, NULL, NULL, NULL, NULL, NULL, NULL, NULL);
INSERT INTO CATPROY (XID_CATCLI_CODE, CATPROY_NAME, CATPROY_CODEGEN, CATPROY_GSM, XID_CATHOM_CODE, XID_CATCTAL_CODE, XID_CATCCACO3_CODE, CATPROY_AYD_PROCESS, XID_CATCOL_CODE, CATPROY_IS_STRUCTURAL, CATPROY_HAS_CROWN, XID_CATCIR_CODE, XID_CATPRODTRO_CODE, CATPROY_LEAF_NAME, XID_CATCTIPPRO_CODE, CATPROY_REFERENCE_TAG, CATPROY_HAS_LOGO, CATPROY_QUANTITY_X_PACKAGE, XID_CATCYPREFIJ_CODE, CATPROY_VALID_FROM, CATPROY_VALID_TO, CATPROY_CREATED_BY, CATPROY_UPDATED_BY, CATPROY_CREATED_AT, CATPROY_UPDATED_AT) VALUES (33, 'Base HQ  (no usar) ', '8QW3K-P003a-F057', 800, 3, NULL, NULL, FALSE, 'W3', FALSE, TRUE, 8, 59, NULL, 2, NULL, FALSE, NULL, NULL, NULL, NULL, NULL, NULL, NULL, NULL);
INSERT INTO CATPROY (XID_CATCLI_CODE, CATPROY_NAME, CATPROY_CODEGEN, CATPROY_GSM, XID_CATHOM_CODE, XID_CATCTAL_CODE, XID_CATCCACO3_CODE, CATPROY_AYD_PROCESS, XID_CATCOL_CODE, CATPROY_IS_STRUCTURAL, CATPROY_HAS_CROWN, XID_CATCIR_CODE, XID_CATPRODTRO_CODE, CATPROY_LEAF_NAME, XID_CATCTIPPRO_CODE, CATPROY_REFERENCE_TAG, CATPROY_HAS_LOGO, CATPROY_QUANTITY_X_PACKAGE, XID_CATCYPREFIJ_CODE, CATPROY_VALID_FROM, CATPROY_VALID_TO, CATPROY_CREATED_BY, CATPROY_UPDATED_BY, CATPROY_CREATED_AT, CATPROY_UPDATED_AT) VALUES (33, 'Base HQ - Inicio ', '8QW3K-P003e-F057', 800, 3, NULL, NULL, FALSE, 'W3', FALSE, TRUE, 12, 59, NULL, 2, NULL, FALSE, NULL, NULL, NULL, NULL, NULL, NULL, NULL, NULL);
INSERT INTO CATPROY (XID_CATCLI_CODE, CATPROY_NAME, CATPROY_CODEGEN, CATPROY_GSM, XID_CATHOM_CODE, XID_CATCTAL_CODE, XID_CATCCACO3_CODE, CATPROY_AYD_PROCESS, XID_CATCOL_CODE, CATPROY_IS_STRUCTURAL, CATPROY_HAS_CROWN, XID_CATCIR_CODE, XID_CATPRODTRO_CODE, CATPROY_LEAF_NAME, XID_CATCTIPPRO_CODE, CATPROY_REFERENCE_TAG, CATPROY_HAS_LOGO, CATPROY_QUANTITY_X_PACKAGE, XID_CATCYPREFIJ_CODE, CATPROY_VALID_FROM, CATPROY_VALID_TO, CATPROY_CREATED_BY, CATPROY_UPDATED_BY, CATPROY_CREATED_AT, CATPROY_UPDATED_AT) VALUES (33, 'Base NQ (no usar) ', '8QW3K-P002a-F054', 800, 3, NULL, NULL, FALSE, 'W3', FALSE, TRUE, 2, 56, NULL, 2, NULL, FALSE, NULL, NULL, NULL, NULL, NULL, NULL, NULL, NULL);
INSERT INTO CATPROY (XID_CATCLI_CODE, CATPROY_NAME, CATPROY_CODEGEN, CATPROY_GSM, XID_CATHOM_CODE, XID_CATCTAL_CODE, XID_CATCCACO3_CODE, CATPROY_AYD_PROCESS, XID_CATCOL_CODE, CATPROY_IS_STRUCTURAL, CATPROY_HAS_CROWN, XID_CATCIR_CODE, XID_CATPRODTRO_CODE, CATPROY_LEAF_NAME, XID_CATCTIPPRO_CODE, CATPROY_REFERENCE_TAG, CATPROY_HAS_LOGO, CATPROY_QUANTITY_X_PACKAGE, XID_CATCYPREFIJ_CODE, CATPROY_VALID_FROM, CATPROY_VALID_TO, CATPROY_CREATED_BY, CATPROY_UPDATED_BY, CATPROY_CREATED_AT, CATPROY_UPDATED_AT) VALUES (33, 'Base NQ - Inicio ', '8QW3K-P002e-F054', 800, 3, NULL, NULL, FALSE, 'W3', FALSE, TRUE, 6, 56, NULL, 2, NULL, FALSE, NULL, NULL, NULL, NULL, NULL, NULL, NULL, NULL);
INSERT INTO CATPROY (XID_CATCLI_CODE, CATPROY_NAME, CATPROY_CODEGEN, CATPROY_GSM, XID_CATHOM_CODE, XID_CATCTAL_CODE, XID_CATCCACO3_CODE, CATPROY_AYD_PROCESS, XID_CATCOL_CODE, CATPROY_IS_STRUCTURAL, CATPROY_HAS_CROWN, XID_CATCIR_CODE, XID_CATPRODTRO_CODE, CATPROY_LEAF_NAME, XID_CATCTIPPRO_CODE, CATPROY_REFERENCE_TAG, CATPROY_HAS_LOGO, CATPROY_QUANTITY_X_PACKAGE, XID_CATCYPREFIJ_CODE, CATPROY_VALID_FROM, CATPROY_VALID_TO, CATPROY_CREATED_BY, CATPROY_UPDATED_BY, CATPROY_CREATED_AT, CATPROY_UPDATED_AT) VALUES (33, 'Divisor HQ / Blanco ', '6QW3-F059', 600, 3, NULL, NULL, FALSE, 'W3', FALSE, FALSE, NULL, 61, NULL, 2, NULL, FALSE, NULL, NULL, NULL, NULL, NULL, NULL, NULL, NULL);
INSERT INTO CATPROY (XID_CATCLI_CODE, CATPROY_NAME, CATPROY_CODEGEN, CATPROY_GSM, XID_CATHOM_CODE, XID_CATCTAL_CODE, XID_CATCCACO3_CODE, CATPROY_AYD_PROCESS, XID_CATCOL_CODE, CATPROY_IS_STRUCTURAL, CATPROY_HAS_CROWN, XID_CATCIR_CODE, XID_CATPRODTRO_CODE, CATPROY_LEAF_NAME, XID_CATCTIPPRO_CODE, CATPROY_REFERENCE_TAG, CATPROY_HAS_LOGO, CATPROY_QUANTITY_X_PACKAGE, XID_CATCYPREFIJ_CODE, CATPROY_VALID_FROM, CATPROY_VALID_TO, CATPROY_CREATED_BY, CATPROY_UPDATED_BY, CATPROY_CREATED_AT, CATPROY_UPDATED_AT) VALUES (33, 'Divisor HTW / Blanco ', '6QW3-F074', 600, 3, NULL, NULL, FALSE, 'W3', FALSE, FALSE, NULL, 81, NULL, 2, NULL, FALSE, NULL, NULL, NULL, NULL, NULL, NULL, NULL, NULL);
INSERT INTO CATPROY (XID_CATCLI_CODE, CATPROY_NAME, CATPROY_CODEGEN, CATPROY_GSM, XID_CATHOM_CODE, XID_CATCTAL_CODE, XID_CATCCACO3_CODE, CATPROY_AYD_PROCESS, XID_CATCOL_CODE, CATPROY_IS_STRUCTURAL, CATPROY_HAS_CROWN, XID_CATCIR_CODE, XID_CATPRODTRO_CODE, CATPROY_LEAF_NAME, XID_CATCTIPPRO_CODE, CATPROY_REFERENCE_TAG, CATPROY_HAS_LOGO, CATPROY_QUANTITY_X_PACKAGE, XID_CATCYPREFIJ_CODE, CATPROY_VALID_FROM, CATPROY_VALID_TO, CATPROY_CREATED_BY, CATPROY_UPDATED_BY, CATPROY_CREATED_AT, CATPROY_UPDATED_AT) VALUES (33, 'Divisor NQ / Blanco ', '6QW3K-F056', 600, 3, NULL, NULL, FALSE, 'W3', FALSE, TRUE, NULL, 58, NULL, 2, NULL, FALSE, NULL, NULL, NULL, NULL, NULL, NULL, NULL, NULL);
INSERT INTO CATPROY (XID_CATCLI_CODE, CATPROY_NAME, CATPROY_CODEGEN, CATPROY_GSM, XID_CATHOM_CODE, XID_CATCTAL_CODE, XID_CATCCACO3_CODE, CATPROY_AYD_PROCESS, XID_CATCOL_CODE, CATPROY_IS_STRUCTURAL, CATPROY_HAS_CROWN, XID_CATCIR_CODE, XID_CATPRODTRO_CODE, CATPROY_LEAF_NAME, XID_CATCTIPPRO_CODE, CATPROY_REFERENCE_TAG, CATPROY_HAS_LOGO, CATPROY_QUANTITY_X_PACKAGE, XID_CATCYPREFIJ_CODE, CATPROY_VALID_FROM, CATPROY_VALID_TO, CATPROY_CREATED_BY, CATPROY_UPDATED_BY, CATPROY_CREATED_AT, CATPROY_UPDATED_AT) VALUES (33, 'Tapa HQ  (no usar) ', '8QW3K-P003b-F058', 800, 3, NULL, NULL, FALSE, 'W3', FALSE, TRUE, 9, 60, NULL, 2, NULL, FALSE, NULL, NULL, NULL, NULL, NULL, NULL, NULL, NULL);
INSERT INTO CATPROY (XID_CATCLI_CODE, CATPROY_NAME, CATPROY_CODEGEN, CATPROY_GSM, XID_CATHOM_CODE, XID_CATCTAL_CODE, XID_CATCCACO3_CODE, CATPROY_AYD_PROCESS, XID_CATCOL_CODE, CATPROY_IS_STRUCTURAL, CATPROY_HAS_CROWN, XID_CATCIR_CODE, XID_CATPRODTRO_CODE, CATPROY_LEAF_NAME, XID_CATCTIPPRO_CODE, CATPROY_REFERENCE_TAG, CATPROY_HAS_LOGO, CATPROY_QUANTITY_X_PACKAGE, XID_CATCYPREFIJ_CODE, CATPROY_VALID_FROM, CATPROY_VALID_TO, CATPROY_CREATED_BY, CATPROY_UPDATED_BY, CATPROY_CREATED_AT, CATPROY_UPDATED_AT) VALUES (33, 'Tapa HQ - Ecuador Fortescue ', '8QW3K-P003c-F058', 800, 3, NULL, NULL, FALSE, 'W3', FALSE, TRUE, 10, 60, NULL, 2, NULL, FALSE, NULL, NULL, NULL, NULL, NULL, NULL, NULL, NULL);
INSERT INTO CATPROY (XID_CATCLI_CODE, CATPROY_NAME, CATPROY_CODEGEN, CATPROY_GSM, XID_CATHOM_CODE, XID_CATCTAL_CODE, XID_CATCCACO3_CODE, CATPROY_AYD_PROCESS, XID_CATCOL_CODE, CATPROY_IS_STRUCTURAL, CATPROY_HAS_CROWN, XID_CATCIR_CODE, XID_CATPRODTRO_CODE, CATPROY_LEAF_NAME, XID_CATCTIPPRO_CODE, CATPROY_REFERENCE_TAG, CATPROY_HAS_LOGO, CATPROY_QUANTITY_X_PACKAGE, XID_CATCYPREFIJ_CODE, CATPROY_VALID_FROM, CATPROY_VALID_TO, CATPROY_CREATED_BY, CATPROY_UPDATED_BY, CATPROY_CREATED_AT, CATPROY_UPDATED_AT) VALUES (33, 'Tapa HQ - RUTA COBRE ', '8QW3K-P003d-F058', 800, 3, NULL, NULL, FALSE, 'W3', FALSE, TRUE, 11, 60, NULL, 2, NULL, FALSE, NULL, NULL, NULL, NULL, NULL, NULL, NULL, NULL);
INSERT INTO CATPROY (XID_CATCLI_CODE, CATPROY_NAME, CATPROY_CODEGEN, CATPROY_GSM, XID_CATHOM_CODE, XID_CATCTAL_CODE, XID_CATCCACO3_CODE, CATPROY_AYD_PROCESS, XID_CATCOL_CODE, CATPROY_IS_STRUCTURAL, CATPROY_HAS_CROWN, XID_CATCIR_CODE, XID_CATPRODTRO_CODE, CATPROY_LEAF_NAME, XID_CATCTIPPRO_CODE, CATPROY_REFERENCE_TAG, CATPROY_HAS_LOGO, CATPROY_QUANTITY_X_PACKAGE, XID_CATCYPREFIJ_CODE, CATPROY_VALID_FROM, CATPROY_VALID_TO, CATPROY_CREATED_BY, CATPROY_UPDATED_BY, CATPROY_CREATED_AT, CATPROY_UPDATED_AT) VALUES (33, 'Tapa NQ  (no usar) ', '8QW3K-P002b-F055', 800, 3, NULL, NULL, FALSE, 'W3', FALSE, TRUE, 3, 57, NULL, 2, NULL, FALSE, NULL, NULL, NULL, NULL, NULL, NULL, NULL, NULL);
INSERT INTO CATPROY (XID_CATCLI_CODE, CATPROY_NAME, CATPROY_CODEGEN, CATPROY_GSM, XID_CATHOM_CODE, XID_CATCTAL_CODE, XID_CATCCACO3_CODE, CATPROY_AYD_PROCESS, XID_CATCOL_CODE, CATPROY_IS_STRUCTURAL, CATPROY_HAS_CROWN, XID_CATCIR_CODE, XID_CATPRODTRO_CODE, CATPROY_LEAF_NAME, XID_CATCTIPPRO_CODE, CATPROY_REFERENCE_TAG, CATPROY_HAS_LOGO, CATPROY_QUANTITY_X_PACKAGE, XID_CATCYPREFIJ_CODE, CATPROY_VALID_FROM, CATPROY_VALID_TO, CATPROY_CREATED_BY, CATPROY_UPDATED_BY, CATPROY_CREATED_AT, CATPROY_UPDATED_AT) VALUES (33, 'Tapa NQ - Ecuador Fortescue ', '8QW3K-P002c-F055', 800, 3, NULL, NULL, FALSE, 'W3', FALSE, TRUE, 4, 57, NULL, 2, NULL, FALSE, NULL, NULL, NULL, NULL, NULL, NULL, NULL, NULL);
INSERT INTO CATPROY (XID_CATCLI_CODE, CATPROY_NAME, CATPROY_CODEGEN, CATPROY_GSM, XID_CATHOM_CODE, XID_CATCTAL_CODE, XID_CATCCACO3_CODE, CATPROY_AYD_PROCESS, XID_CATCOL_CODE, CATPROY_IS_STRUCTURAL, CATPROY_HAS_CROWN, XID_CATCIR_CODE, XID_CATPRODTRO_CODE, CATPROY_LEAF_NAME, XID_CATCTIPPRO_CODE, CATPROY_REFERENCE_TAG, CATPROY_HAS_LOGO, CATPROY_QUANTITY_X_PACKAGE, XID_CATCYPREFIJ_CODE, CATPROY_VALID_FROM, CATPROY_VALID_TO, CATPROY_CREATED_BY, CATPROY_UPDATED_BY, CATPROY_CREATED_AT, CATPROY_UPDATED_AT) VALUES (14, 'Caja Frutas Exóticas 389x284x102  (Xp)', '5QB2K-P017-F062 (Xp)', 500, 3, NULL, NULL, FALSE, 'B2', FALSE, TRUE, 27, 65, NULL, 1, NULL, FALSE, NULL, NULL, NULL, NULL, NULL, NULL, NULL, NULL);
INSERT INTO CATPROY (XID_CATCLI_CODE, CATPROY_NAME, CATPROY_CODEGEN, CATPROY_GSM, XID_CATHOM_CODE, XID_CATCTAL_CODE, XID_CATCCACO3_CODE, CATPROY_AYD_PROCESS, XID_CATCOL_CODE, CATPROY_IS_STRUCTURAL, CATPROY_HAS_CROWN, XID_CATCIR_CODE, XID_CATPRODTRO_CODE, CATPROY_LEAF_NAME, XID_CATCTIPPRO_CODE, CATPROY_REFERENCE_TAG, CATPROY_HAS_LOGO, CATPROY_QUANTITY_X_PACKAGE, XID_CATCYPREFIJ_CODE, CATPROY_VALID_FROM, CATPROY_VALID_TO, CATPROY_CREATED_BY, CATPROY_UPDATED_BY, CATPROY_CREATED_AT, CATPROY_UPDATED_AT) VALUES (34, 'Caja Pitahaya MyD 4.5kg ', '5QR5K-P025-F062', 500, 3, NULL, NULL, FALSE, 'R5', FALSE, TRUE, 37, 65, NULL, 2, NULL, FALSE, NULL, NULL, NULL, NULL, NULL, NULL, NULL, NULL);
INSERT INTO CATPROY (XID_CATCLI_CODE, CATPROY_NAME, CATPROY_CODEGEN, CATPROY_GSM, XID_CATHOM_CODE, XID_CATCTAL_CODE, XID_CATCCACO3_CODE, CATPROY_AYD_PROCESS, XID_CATCOL_CODE, CATPROY_IS_STRUCTURAL, CATPROY_HAS_CROWN, XID_CATCIR_CODE, XID_CATPRODTRO_CODE, CATPROY_LEAF_NAME, XID_CATCTIPPRO_CODE, CATPROY_REFERENCE_TAG, CATPROY_HAS_LOGO, CATPROY_QUANTITY_X_PACKAGE, XID_CATCYPREFIJ_CODE, CATPROY_VALID_FROM, CATPROY_VALID_TO, CATPROY_CREATED_BY, CATPROY_UPDATED_BY, CATPROY_CREATED_AT, CATPROY_UPDATED_AT) VALUES (37, 'Caja Reina Palora 389x284x102 ', '5QB2K-P026-F062', 500, 3, NULL, NULL, FALSE, 'B2', FALSE, TRUE, 38, 65, NULL, 2, NULL, FALSE, NULL, NULL, NULL, NULL, NULL, NULL, NULL, NULL);
INSERT INTO CATPROY (XID_CATCLI_CODE, CATPROY_NAME, CATPROY_CODEGEN, CATPROY_GSM, XID_CATHOM_CODE, XID_CATCTAL_CODE, XID_CATCCACO3_CODE, CATPROY_AYD_PROCESS, XID_CATCOL_CODE, CATPROY_IS_STRUCTURAL, CATPROY_HAS_CROWN, XID_CATCIR_CODE, XID_CATPRODTRO_CODE, CATPROY_LEAF_NAME, XID_CATCTIPPRO_CODE, CATPROY_REFERENCE_TAG, CATPROY_HAS_LOGO, CATPROY_QUANTITY_X_PACKAGE, XID_CATCYPREFIJ_CODE, CATPROY_VALID_FROM, CATPROY_VALID_TO, CATPROY_CREATED_BY, CATPROY_UPDATED_BY, CATPROY_CREATED_AT, CATPROY_UPDATED_AT) VALUES (33, 'Tapa NQ - RUTA COBRE ', '8QW3K-P002d-F055', 800, 3, NULL, NULL, FALSE, 'W3', FALSE, TRUE, 5, 57, NULL, 2, NULL, FALSE, NULL, NULL, NULL, NULL, NULL, NULL, NULL, NULL);
INSERT INTO CATPROY (XID_CATCLI_CODE, CATPROY_NAME, CATPROY_CODEGEN, CATPROY_GSM, XID_CATHOM_CODE, XID_CATCTAL_CODE, XID_CATCCACO3_CODE, CATPROY_AYD_PROCESS, XID_CATCOL_CODE, CATPROY_IS_STRUCTURAL, CATPROY_HAS_CROWN, XID_CATCIR_CODE, XID_CATPRODTRO_CODE, CATPROY_LEAF_NAME, XID_CATCTIPPRO_CODE, CATPROY_REFERENCE_TAG, CATPROY_HAS_LOGO, CATPROY_QUANTITY_X_PACKAGE, XID_CATCYPREFIJ_CODE, CATPROY_VALID_FROM, CATPROY_VALID_TO, CATPROY_CREATED_BY, CATPROY_UPDATED_BY, CATPROY_CREATED_AT, CATPROY_UPDATED_AT) VALUES (45, 'Bandeja Perf 350x253x95 (Crudo) / Blanco  (Xp)', '3QL1W4-F075C (Xp)', 300, 3, 1, NULL, FALSE, 'W4', FALSE, FALSE, NULL, 83, NULL, 1, NULL, FALSE, NULL, NULL, NULL, NULL, NULL, NULL, NULL, NULL);
INSERT INTO CATPROY (XID_CATCLI_CODE, CATPROY_NAME, CATPROY_CODEGEN, CATPROY_GSM, XID_CATHOM_CODE, XID_CATCTAL_CODE, XID_CATCCACO3_CODE, CATPROY_AYD_PROCESS, XID_CATCOL_CODE, CATPROY_IS_STRUCTURAL, CATPROY_HAS_CROWN, XID_CATCIR_CODE, XID_CATPRODTRO_CODE, CATPROY_LEAF_NAME, XID_CATCTIPPRO_CODE, CATPROY_REFERENCE_TAG, CATPROY_HAS_LOGO, CATPROY_QUANTITY_X_PACKAGE, XID_CATCYPREFIJ_CODE, CATPROY_VALID_FROM, CATPROY_VALID_TO, CATPROY_CREATED_BY, CATPROY_UPDATED_BY, CATPROY_CREATED_AT, CATPROY_UPDATED_AT) VALUES (35, 'Bandeja Perf 291x170x84 / Blanco  (Xp)', '3QL1W4-F076 (Xp)', 300, 3, 1, NULL, FALSE, 'W4', FALSE, FALSE, NULL, 84, NULL, 1, NULL, FALSE, NULL, NULL, NULL, NULL, NULL, NULL, NULL, NULL);
INSERT INTO CATPROY (XID_CATCLI_CODE, CATPROY_NAME, CATPROY_CODEGEN, CATPROY_GSM, XID_CATHOM_CODE, XID_CATCTAL_CODE, XID_CATCCACO3_CODE, CATPROY_AYD_PROCESS, XID_CATCOL_CODE, CATPROY_IS_STRUCTURAL, CATPROY_HAS_CROWN, XID_CATCIR_CODE, XID_CATPRODTRO_CODE, CATPROY_LEAF_NAME, XID_CATCTIPPRO_CODE, CATPROY_REFERENCE_TAG, CATPROY_HAS_LOGO, CATPROY_QUANTITY_X_PACKAGE, XID_CATCYPREFIJ_CODE, CATPROY_VALID_FROM, CATPROY_VALID_TO, CATPROY_CREATED_BY, CATPROY_UPDATED_BY, CATPROY_CREATED_AT, CATPROY_UPDATED_AT) VALUES (2, 'Shasta Produce 2.5kg ', '6QW1K-P059-F082', 600, 3, NULL, NULL, FALSE, 'W1', FALSE, TRUE, 77, 91, NULL, 2, NULL, FALSE, 50, NULL, NULL, NULL, NULL, NULL, NULL, NULL);
INSERT INTO CATPROY (XID_CATCLI_CODE, CATPROY_NAME, CATPROY_CODEGEN, CATPROY_GSM, XID_CATHOM_CODE, XID_CATCTAL_CODE, XID_CATCCACO3_CODE, CATPROY_AYD_PROCESS, XID_CATCOL_CODE, CATPROY_IS_STRUCTURAL, CATPROY_HAS_CROWN, XID_CATCIR_CODE, XID_CATPRODTRO_CODE, CATPROY_LEAF_NAME, XID_CATCTIPPRO_CODE, CATPROY_REFERENCE_TAG, CATPROY_HAS_LOGO, CATPROY_QUANTITY_X_PACKAGE, XID_CATCYPREFIJ_CODE, CATPROY_VALID_FROM, CATPROY_VALID_TO, CATPROY_CREATED_BY, CATPROY_UPDATED_BY, CATPROY_CREATED_AT, CATPROY_UPDATED_AT) VALUES (11, 'Premium Fruits 367x245x92 ', '5QB2K-P044-F082', 500, 3, NULL, NULL, FALSE, 'B2', FALSE, TRUE, 60, 91, NULL, 2, NULL, FALSE, NULL, NULL, NULL, NULL, NULL, NULL, NULL, NULL);
INSERT INTO CATPROY (XID_CATCLI_CODE, CATPROY_NAME, CATPROY_CODEGEN, CATPROY_GSM, XID_CATHOM_CODE, XID_CATCTAL_CODE, XID_CATCCACO3_CODE, CATPROY_AYD_PROCESS, XID_CATCOL_CODE, CATPROY_IS_STRUCTURAL, CATPROY_HAS_CROWN, XID_CATCIR_CODE, XID_CATPRODTRO_CODE, CATPROY_LEAF_NAME, XID_CATCTIPPRO_CODE, CATPROY_REFERENCE_TAG, CATPROY_HAS_LOGO, CATPROY_QUANTITY_X_PACKAGE, XID_CATCYPREFIJ_CODE, CATPROY_VALID_FROM, CATPROY_VALID_TO, CATPROY_CREATED_BY, CATPROY_UPDATED_BY, CATPROY_CREATED_AT, CATPROY_UPDATED_AT) VALUES (14, 'Caja Ecuador Pitahaya 367x145x92 ', '5QZ9K-P028-F082', 500, 3, NULL, NULL, FALSE, 'Z9', FALSE, TRUE, 40, 91, NULL, 2, NULL, FALSE, NULL, NULL, NULL, NULL, NULL, NULL, NULL, NULL);
INSERT INTO CATPROY (XID_CATCLI_CODE, CATPROY_NAME, CATPROY_CODEGEN, CATPROY_GSM, XID_CATHOM_CODE, XID_CATCTAL_CODE, XID_CATCCACO3_CODE, CATPROY_AYD_PROCESS, XID_CATCOL_CODE, CATPROY_IS_STRUCTURAL, CATPROY_HAS_CROWN, XID_CATCIR_CODE, XID_CATPRODTRO_CODE, CATPROY_LEAF_NAME, XID_CATCTIPPRO_CODE, CATPROY_REFERENCE_TAG, CATPROY_HAS_LOGO, CATPROY_QUANTITY_X_PACKAGE, XID_CATCYPREFIJ_CODE, CATPROY_VALID_FROM, CATPROY_VALID_TO, CATPROY_CREATED_BY, CATPROY_UPDATED_BY, CATPROY_CREATED_AT, CATPROY_UPDATED_AT) VALUES (15, 'Caja Amazon Pelican 2.5kg ', '5QY4K-P032-F082', 500, 3, NULL, NULL, FALSE, 'Y4', FALSE, TRUE, 46, 91, NULL, 2, NULL, FALSE, NULL, NULL, NULL, NULL, NULL, NULL, NULL, NULL);
INSERT INTO CATPROY (XID_CATCLI_CODE, CATPROY_NAME, CATPROY_CODEGEN, CATPROY_GSM, XID_CATHOM_CODE, XID_CATCTAL_CODE, XID_CATCCACO3_CODE, CATPROY_AYD_PROCESS, XID_CATCOL_CODE, CATPROY_IS_STRUCTURAL, CATPROY_HAS_CROWN, XID_CATCIR_CODE, XID_CATPRODTRO_CODE, CATPROY_LEAF_NAME, XID_CATCTIPPRO_CODE, CATPROY_REFERENCE_TAG, CATPROY_HAS_LOGO, CATPROY_QUANTITY_X_PACKAGE, XID_CATCYPREFIJ_CODE, CATPROY_VALID_FROM, CATPROY_VALID_TO, CATPROY_CREATED_BY, CATPROY_UPDATED_BY, CATPROY_CREATED_AT, CATPROY_UPDATED_AT) VALUES (20, 'Caja Favaye (V1) 2.5kg ', '5QB2K-P030-F082', 500, 3, NULL, NULL, FALSE, 'B2', FALSE, TRUE, 42, 91, NULL, 2, NULL, FALSE, NULL, NULL, NULL, NULL, NULL, NULL, NULL, NULL);
INSERT INTO CATPROY (XID_CATCLI_CODE, CATPROY_NAME, CATPROY_CODEGEN, CATPROY_GSM, XID_CATHOM_CODE, XID_CATCTAL_CODE, XID_CATCCACO3_CODE, CATPROY_AYD_PROCESS, XID_CATCOL_CODE, CATPROY_IS_STRUCTURAL, CATPROY_HAS_CROWN, XID_CATCIR_CODE, XID_CATPRODTRO_CODE, CATPROY_LEAF_NAME, XID_CATCTIPPRO_CODE, CATPROY_REFERENCE_TAG, CATPROY_HAS_LOGO, CATPROY_QUANTITY_X_PACKAGE, XID_CATCYPREFIJ_CODE, CATPROY_VALID_FROM, CATPROY_VALID_TO, CATPROY_CREATED_BY, CATPROY_UPDATED_BY, CATPROY_CREATED_AT, CATPROY_UPDATED_AT) VALUES (20, 'Caja Favaye (V2) 2.5kg ', '5QB2K-P038-F082', 500, 3, NULL, NULL, FALSE, 'B2', FALSE, TRUE, 54, 91, NULL, 2, NULL, FALSE, NULL, NULL, NULL, NULL, NULL, NULL, NULL, NULL);
INSERT INTO CATPROY (XID_CATCLI_CODE, CATPROY_NAME, CATPROY_CODEGEN, CATPROY_GSM, XID_CATHOM_CODE, XID_CATCTAL_CODE, XID_CATCCACO3_CODE, CATPROY_AYD_PROCESS, XID_CATCOL_CODE, CATPROY_IS_STRUCTURAL, CATPROY_HAS_CROWN, XID_CATCIR_CODE, XID_CATPRODTRO_CODE, CATPROY_LEAF_NAME, XID_CATCTIPPRO_CODE, CATPROY_REFERENCE_TAG, CATPROY_HAS_LOGO, CATPROY_QUANTITY_X_PACKAGE, XID_CATCYPREFIJ_CODE, CATPROY_VALID_FROM, CATPROY_VALID_TO, CATPROY_CREATED_BY, CATPROY_UPDATED_BY, CATPROY_CREATED_AT, CATPROY_UPDATED_AT) VALUES (22, 'Caja Cactus 367x245x92 ', '5QY4K-P021-F082', 500, 3, NULL, NULL, FALSE, 'Y4', FALSE, TRUE, 32, 91, NULL, 2, NULL, FALSE, NULL, NULL, NULL, NULL, NULL, NULL, NULL, NULL);
INSERT INTO CATPROY (XID_CATCLI_CODE, CATPROY_NAME, CATPROY_CODEGEN, CATPROY_GSM, XID_CATHOM_CODE, XID_CATCTAL_CODE, XID_CATCCACO3_CODE, CATPROY_AYD_PROCESS, XID_CATCOL_CODE, CATPROY_IS_STRUCTURAL, CATPROY_HAS_CROWN, XID_CATCIR_CODE, XID_CATPRODTRO_CODE, CATPROY_LEAF_NAME, XID_CATCTIPPRO_CODE, CATPROY_REFERENCE_TAG, CATPROY_HAS_LOGO, CATPROY_QUANTITY_X_PACKAGE, XID_CATCYPREFIJ_CODE, CATPROY_VALID_FROM, CATPROY_VALID_TO, CATPROY_CREATED_BY, CATPROY_UPDATED_BY, CATPROY_CREATED_AT, CATPROY_UPDATED_AT) VALUES (22, 'Caja Cactus 367x245x92  (Xp)', '5QY4K-P021-F082 (Xp)', 500, 3, NULL, NULL, FALSE, 'Y4', FALSE, TRUE, 32, 91, NULL, 1, NULL, FALSE, NULL, NULL, NULL, NULL, NULL, NULL, NULL, NULL);
INSERT INTO CATPROY (XID_CATCLI_CODE, CATPROY_NAME, CATPROY_CODEGEN, CATPROY_GSM, XID_CATHOM_CODE, XID_CATCTAL_CODE, XID_CATCCACO3_CODE, CATPROY_AYD_PROCESS, XID_CATCOL_CODE, CATPROY_IS_STRUCTURAL, CATPROY_HAS_CROWN, XID_CATCIR_CODE, XID_CATPRODTRO_CODE, CATPROY_LEAF_NAME, XID_CATCTIPPRO_CODE, CATPROY_REFERENCE_TAG, CATPROY_HAS_LOGO, CATPROY_QUANTITY_X_PACKAGE, XID_CATCYPREFIJ_CODE, CATPROY_VALID_FROM, CATPROY_VALID_TO, CATPROY_CREATED_BY, CATPROY_UPDATED_BY, CATPROY_CREATED_AT, CATPROY_UPDATED_AT) VALUES (22, 'Caja Miski 367x245x92 ', '5QZ8K-P022-F082', 500, 3, NULL, NULL, FALSE, 'Z8', FALSE, TRUE, 33, 91, NULL, 2, NULL, FALSE, NULL, NULL, NULL, NULL, NULL, NULL, NULL, NULL);
INSERT INTO CATPROY (XID_CATCLI_CODE, CATPROY_NAME, CATPROY_CODEGEN, CATPROY_GSM, XID_CATHOM_CODE, XID_CATCTAL_CODE, XID_CATCCACO3_CODE, CATPROY_AYD_PROCESS, XID_CATCOL_CODE, CATPROY_IS_STRUCTURAL, CATPROY_HAS_CROWN, XID_CATCIR_CODE, XID_CATPRODTRO_CODE, CATPROY_LEAF_NAME, XID_CATCTIPPRO_CODE, CATPROY_REFERENCE_TAG, CATPROY_HAS_LOGO, CATPROY_QUANTITY_X_PACKAGE, XID_CATCYPREFIJ_CODE, CATPROY_VALID_FROM, CATPROY_VALID_TO, CATPROY_CREATED_BY, CATPROY_UPDATED_BY, CATPROY_CREATED_AT, CATPROY_UPDATED_AT) VALUES (22, 'Caja Miski 367x245x92  (Xp)', '5QZ9K-P022-F082 (Xp)', 500, 3, NULL, NULL, FALSE, 'Z9', FALSE, TRUE, 33, 91, NULL, 1, NULL, FALSE, NULL, NULL, NULL, NULL, NULL, NULL, NULL, NULL);
INSERT INTO CATPROY (XID_CATCLI_CODE, CATPROY_NAME, CATPROY_CODEGEN, CATPROY_GSM, XID_CATHOM_CODE, XID_CATCTAL_CODE, XID_CATCCACO3_CODE, CATPROY_AYD_PROCESS, XID_CATCOL_CODE, CATPROY_IS_STRUCTURAL, CATPROY_HAS_CROWN, XID_CATCIR_CODE, XID_CATPRODTRO_CODE, CATPROY_LEAF_NAME, XID_CATCTIPPRO_CODE, CATPROY_REFERENCE_TAG, CATPROY_HAS_LOGO, CATPROY_QUANTITY_X_PACKAGE, XID_CATCYPREFIJ_CODE, CATPROY_VALID_FROM, CATPROY_VALID_TO, CATPROY_CREATED_BY, CATPROY_UPDATED_BY, CATPROY_CREATED_AT, CATPROY_UPDATED_AT) VALUES (25, 'Caja Andine Premium 367x145x92 ', '5QR6K-P027-F082', 500, 3, NULL, NULL, FALSE, 'R6', FALSE, TRUE, 39, 91, NULL, 2, NULL, FALSE, NULL, NULL, NULL, NULL, NULL, NULL, NULL, NULL);
INSERT INTO CATPROY (XID_CATCLI_CODE, CATPROY_NAME, CATPROY_CODEGEN, CATPROY_GSM, XID_CATHOM_CODE, XID_CATCTAL_CODE, XID_CATCCACO3_CODE, CATPROY_AYD_PROCESS, XID_CATCOL_CODE, CATPROY_IS_STRUCTURAL, CATPROY_HAS_CROWN, XID_CATCIR_CODE, XID_CATPRODTRO_CODE, CATPROY_LEAF_NAME, XID_CATCTIPPRO_CODE, CATPROY_REFERENCE_TAG, CATPROY_HAS_LOGO, CATPROY_QUANTITY_X_PACKAGE, XID_CATCYPREFIJ_CODE, CATPROY_VALID_FROM, CATPROY_VALID_TO, CATPROY_CREATED_BY, CATPROY_UPDATED_BY, CATPROY_CREATED_AT, CATPROY_UPDATED_AT) VALUES (28, 'Caja Aneamu 2.5Kg ', '5QY5K-P031-F082', 500, 3, NULL, NULL, FALSE, 'Y5', FALSE, TRUE, 43, 91, NULL, 2, NULL, FALSE, 50, NULL, NULL, NULL, NULL, NULL, NULL, NULL);
INSERT INTO CATPROY (XID_CATCLI_CODE, CATPROY_NAME, CATPROY_CODEGEN, CATPROY_GSM, XID_CATHOM_CODE, XID_CATCTAL_CODE, XID_CATCCACO3_CODE, CATPROY_AYD_PROCESS, XID_CATCOL_CODE, CATPROY_IS_STRUCTURAL, CATPROY_HAS_CROWN, XID_CATCIR_CODE, XID_CATPRODTRO_CODE, CATPROY_LEAF_NAME, XID_CATCTIPPRO_CODE, CATPROY_REFERENCE_TAG, CATPROY_HAS_LOGO, CATPROY_QUANTITY_X_PACKAGE, XID_CATCYPREFIJ_CODE, CATPROY_VALID_FROM, CATPROY_VALID_TO, CATPROY_CREATED_BY, CATPROY_UPDATED_BY, CATPROY_CREATED_AT, CATPROY_UPDATED_AT) VALUES (29, 'Caja Perf 367x245x92 / Amarillo ', '5QY4-F082', 500, 3, NULL, NULL, FALSE, 'Y4', FALSE, FALSE, NULL, 91, NULL, 2, NULL, FALSE, NULL, NULL, NULL, NULL, NULL, NULL, NULL, NULL);
INSERT INTO CATPROY (XID_CATCLI_CODE, CATPROY_NAME, CATPROY_CODEGEN, CATPROY_GSM, XID_CATHOM_CODE, XID_CATCTAL_CODE, XID_CATCCACO3_CODE, CATPROY_AYD_PROCESS, XID_CATCOL_CODE, CATPROY_IS_STRUCTURAL, CATPROY_HAS_CROWN, XID_CATCIR_CODE, XID_CATPRODTRO_CODE, CATPROY_LEAF_NAME, XID_CATCTIPPRO_CODE, CATPROY_REFERENCE_TAG, CATPROY_HAS_LOGO, CATPROY_QUANTITY_X_PACKAGE, XID_CATCYPREFIJ_CODE, CATPROY_VALID_FROM, CATPROY_VALID_TO, CATPROY_CREATED_BY, CATPROY_UPDATED_BY, CATPROY_CREATED_AT, CATPROY_UPDATED_AT) VALUES (29, 'Caja Perf 367x245x92 / Plomo ', '5QB5-F082', 500, 3, NULL, NULL, FALSE, 'B5', FALSE, FALSE, NULL, 91, NULL, 2, NULL, FALSE, NULL, NULL, NULL, NULL, NULL, NULL, NULL, NULL);
INSERT INTO CATPROY (XID_CATCLI_CODE, CATPROY_NAME, CATPROY_CODEGEN, CATPROY_GSM, XID_CATHOM_CODE, XID_CATCTAL_CODE, XID_CATCCACO3_CODE, CATPROY_AYD_PROCESS, XID_CATCOL_CODE, CATPROY_IS_STRUCTURAL, CATPROY_HAS_CROWN, XID_CATCIR_CODE, XID_CATPRODTRO_CODE, CATPROY_LEAF_NAME, XID_CATCTIPPRO_CODE, CATPROY_REFERENCE_TAG, CATPROY_HAS_LOGO, CATPROY_QUANTITY_X_PACKAGE, XID_CATCYPREFIJ_CODE, CATPROY_VALID_FROM, CATPROY_VALID_TO, CATPROY_CREATED_BY, CATPROY_UPDATED_BY, CATPROY_CREATED_AT, CATPROY_UPDATED_AT) VALUES (34, 'Caja Pitahaya MyD (L Verde) 2.5kg ', '5QG3K-P024a-F082', 500, 3, NULL, NULL, FALSE, 'G3', FALSE, TRUE, 35, 91, NULL, 2, NULL, FALSE, NULL, NULL, NULL, NULL, NULL, NULL, NULL, NULL);
INSERT INTO CATPROY (XID_CATCLI_CODE, CATPROY_NAME, CATPROY_CODEGEN, CATPROY_GSM, XID_CATHOM_CODE, XID_CATCTAL_CODE, XID_CATCCACO3_CODE, CATPROY_AYD_PROCESS, XID_CATCOL_CODE, CATPROY_IS_STRUCTURAL, CATPROY_HAS_CROWN, XID_CATCIR_CODE, XID_CATPRODTRO_CODE, CATPROY_LEAF_NAME, XID_CATCTIPPRO_CODE, CATPROY_REFERENCE_TAG, CATPROY_HAS_LOGO, CATPROY_QUANTITY_X_PACKAGE, XID_CATCYPREFIJ_CODE, CATPROY_VALID_FROM, CATPROY_VALID_TO, CATPROY_CREATED_BY, CATPROY_UPDATED_BY, CATPROY_CREATED_AT, CATPROY_UPDATED_AT) VALUES (34, 'Caja Pitahaya MyD (L Naranja) 2.5kg ', '5QR5K-P024b-F082', 500, 3, NULL, NULL, FALSE, 'R5', FALSE, TRUE, 36, 91, NULL, 2, NULL, FALSE, NULL, NULL, NULL, NULL, NULL, NULL, NULL, NULL);
INSERT INTO CATPROY (XID_CATCLI_CODE, CATPROY_NAME, CATPROY_CODEGEN, CATPROY_GSM, XID_CATHOM_CODE, XID_CATCTAL_CODE, XID_CATCCACO3_CODE, CATPROY_AYD_PROCESS, XID_CATCOL_CODE, CATPROY_IS_STRUCTURAL, CATPROY_HAS_CROWN, XID_CATCIR_CODE, XID_CATPRODTRO_CODE, CATPROY_LEAF_NAME, XID_CATCTIPPRO_CODE, CATPROY_REFERENCE_TAG, CATPROY_HAS_LOGO, CATPROY_QUANTITY_X_PACKAGE, XID_CATCYPREFIJ_CODE, CATPROY_VALID_FROM, CATPROY_VALID_TO, CATPROY_CREATED_BY, CATPROY_UPDATED_BY, CATPROY_CREATED_AT, CATPROY_UPDATED_AT) VALUES (34, 'Caja Pitahaya MyD (L Negra) 2.5kg ', '5QB2K-P029-F082', 500, 3, NULL, NULL, FALSE, 'B2', FALSE, TRUE, 41, 91, NULL, 2, NULL, FALSE, NULL, NULL, NULL, NULL, NULL, NULL, NULL, NULL);
INSERT INTO CATPROY (XID_CATCLI_CODE, CATPROY_NAME, CATPROY_CODEGEN, CATPROY_GSM, XID_CATHOM_CODE, XID_CATCTAL_CODE, XID_CATCCACO3_CODE, CATPROY_AYD_PROCESS, XID_CATCOL_CODE, CATPROY_IS_STRUCTURAL, CATPROY_HAS_CROWN, XID_CATCIR_CODE, XID_CATPRODTRO_CODE, CATPROY_LEAF_NAME, XID_CATCTIPPRO_CODE, CATPROY_REFERENCE_TAG, CATPROY_HAS_LOGO, CATPROY_QUANTITY_X_PACKAGE, XID_CATCYPREFIJ_CODE, CATPROY_VALID_FROM, CATPROY_VALID_TO, CATPROY_CREATED_BY, CATPROY_UPDATED_BY, CATPROY_CREATED_AT, CATPROY_UPDATED_AT) VALUES (37, 'Caja The Emperor 2.0 a 3.0kg ', '5QW3K-P033-F082', 500, 3, NULL, NULL, FALSE, 'W3', FALSE, TRUE, 48, 91, NULL, 2, NULL, FALSE, NULL, NULL, NULL, NULL, NULL, NULL, NULL, NULL);
INSERT INTO CATPROY (XID_CATCLI_CODE, CATPROY_NAME, CATPROY_CODEGEN, CATPROY_GSM, XID_CATHOM_CODE, XID_CATCTAL_CODE, XID_CATCCACO3_CODE, CATPROY_AYD_PROCESS, XID_CATCOL_CODE, CATPROY_IS_STRUCTURAL, CATPROY_HAS_CROWN, XID_CATCIR_CODE, XID_CATPRODTRO_CODE, CATPROY_LEAF_NAME, XID_CATCTIPPRO_CODE, CATPROY_REFERENCE_TAG, CATPROY_HAS_LOGO, CATPROY_QUANTITY_X_PACKAGE, XID_CATCYPREFIJ_CODE, CATPROY_VALID_FROM, CATPROY_VALID_TO, CATPROY_CREATED_BY, CATPROY_UPDATED_BY, CATPROY_CREATED_AT, CATPROY_UPDATED_AT) VALUES (37, 'Palora Golden Dragon Fruit 2.0 a 3.0kg ', '5QB2K-P041-F082', 500, 3, NULL, NULL, FALSE, 'B2', FALSE, TRUE, 57, 91, NULL, 2, NULL, FALSE, NULL, NULL, NULL, NULL, NULL, NULL, NULL, NULL);
INSERT INTO CATPROY (XID_CATCLI_CODE, CATPROY_NAME, CATPROY_CODEGEN, CATPROY_GSM, XID_CATHOM_CODE, XID_CATCTAL_CODE, XID_CATCCACO3_CODE, CATPROY_AYD_PROCESS, XID_CATCOL_CODE, CATPROY_IS_STRUCTURAL, CATPROY_HAS_CROWN, XID_CATCIR_CODE, XID_CATPRODTRO_CODE, CATPROY_LEAF_NAME, XID_CATCTIPPRO_CODE, CATPROY_REFERENCE_TAG, CATPROY_HAS_LOGO, CATPROY_QUANTITY_X_PACKAGE, XID_CATCYPREFIJ_CODE, CATPROY_VALID_FROM, CATPROY_VALID_TO, CATPROY_CREATED_BY, CATPROY_UPDATED_BY, CATPROY_CREATED_AT, CATPROY_UPDATED_AT) VALUES (37, 'GBP Palora Pitahaya 2.0 a 3.0kg ', '5QZ10K-P042-F082', 500, 3, NULL, NULL, FALSE, 'Z10', FALSE, TRUE, 58, 91, NULL, 2, NULL, FALSE, NULL, NULL, NULL, NULL, NULL, NULL, NULL, NULL);
INSERT INTO CATPROY (XID_CATCLI_CODE, CATPROY_NAME, CATPROY_CODEGEN, CATPROY_GSM, XID_CATHOM_CODE, XID_CATCTAL_CODE, XID_CATCCACO3_CODE, CATPROY_AYD_PROCESS, XID_CATCOL_CODE, CATPROY_IS_STRUCTURAL, CATPROY_HAS_CROWN, XID_CATCIR_CODE, XID_CATPRODTRO_CODE, CATPROY_LEAF_NAME, XID_CATCTIPPRO_CODE, CATPROY_REFERENCE_TAG, CATPROY_HAS_LOGO, CATPROY_QUANTITY_X_PACKAGE, XID_CATCYPREFIJ_CODE, CATPROY_VALID_FROM, CATPROY_VALID_TO, CATPROY_CREATED_BY, CATPROY_UPDATED_BY, CATPROY_CREATED_AT, CATPROY_UPDATED_AT) VALUES (37, 'Queen Palora 2.0 a 3.0kg ', '5QY4K-P050-F082', 500, 3, NULL, NULL, FALSE, 'Y4', FALSE, TRUE, 66, 91, NULL, 2, NULL, FALSE, NULL, NULL, NULL, NULL, NULL, NULL, NULL, NULL);
INSERT INTO CATPROY (XID_CATCLI_CODE, CATPROY_NAME, CATPROY_CODEGEN, CATPROY_GSM, XID_CATHOM_CODE, XID_CATCTAL_CODE, XID_CATCCACO3_CODE, CATPROY_AYD_PROCESS, XID_CATCOL_CODE, CATPROY_IS_STRUCTURAL, CATPROY_HAS_CROWN, XID_CATCIR_CODE, XID_CATPRODTRO_CODE, CATPROY_LEAF_NAME, XID_CATCTIPPRO_CODE, CATPROY_REFERENCE_TAG, CATPROY_HAS_LOGO, CATPROY_QUANTITY_X_PACKAGE, XID_CATCYPREFIJ_CODE, CATPROY_VALID_FROM, CATPROY_VALID_TO, CATPROY_CREATED_BY, CATPROY_UPDATED_BY, CATPROY_CREATED_AT, CATPROY_UPDATED_AT) VALUES (19, 'Bandeja Perforada 278x175x82 / Blanco ', '3QL1W4-F083', 300, 3, 1, NULL, FALSE, 'W4', FALSE, FALSE, NULL, 92, NULL, 2, NULL, FALSE, NULL, NULL, NULL, NULL, NULL, NULL, NULL, NULL);
INSERT INTO CATPROY (XID_CATCLI_CODE, CATPROY_NAME, CATPROY_CODEGEN, CATPROY_GSM, XID_CATHOM_CODE, XID_CATCTAL_CODE, XID_CATCCACO3_CODE, CATPROY_AYD_PROCESS, XID_CATCOL_CODE, CATPROY_IS_STRUCTURAL, CATPROY_HAS_CROWN, XID_CATCIR_CODE, XID_CATPRODTRO_CODE, CATPROY_LEAF_NAME, XID_CATCTIPPRO_CODE, CATPROY_REFERENCE_TAG, CATPROY_HAS_LOGO, CATPROY_QUANTITY_X_PACKAGE, XID_CATCYPREFIJ_CODE, CATPROY_VALID_FROM, CATPROY_VALID_TO, CATPROY_CREATED_BY, CATPROY_UPDATED_BY, CATPROY_CREATED_AT, CATPROY_UPDATED_AT) VALUES (19, 'Bandeja Perforada 278x175x82 / Blanco  (Xp)', '3QL1W4-F083 (Xp)', 300, 3, 1, NULL, FALSE, 'W4', FALSE, FALSE, NULL, 92, NULL, 1, NULL, FALSE, NULL, NULL, NULL, NULL, NULL, NULL, NULL, NULL);
INSERT INTO CATPROY (XID_CATCLI_CODE, CATPROY_NAME, CATPROY_CODEGEN, CATPROY_GSM, XID_CATHOM_CODE, XID_CATCTAL_CODE, XID_CATCCACO3_CODE, CATPROY_AYD_PROCESS, XID_CATCOL_CODE, CATPROY_IS_STRUCTURAL, CATPROY_HAS_CROWN, XID_CATCIR_CODE, XID_CATPRODTRO_CODE, CATPROY_LEAF_NAME, XID_CATCTIPPRO_CODE, CATPROY_REFERENCE_TAG, CATPROY_HAS_LOGO, CATPROY_QUANTITY_X_PACKAGE, XID_CATCYPREFIJ_CODE, CATPROY_VALID_FROM, CATPROY_VALID_TO, CATPROY_CREATED_BY, CATPROY_UPDATED_BY, CATPROY_CREATED_AT, CATPROY_UPDATED_AT) VALUES (45, 'Fenix 2kg - China / Blanco  (Xp)', '3QL1W4-F084 (Xp)', 300, 3, 1, NULL, FALSE, 'W4', FALSE, FALSE, NULL, 93, NULL, 1, NULL, FALSE, 150, NULL, NULL, NULL, NULL, NULL, NULL, NULL);
INSERT INTO CATPROY (XID_CATCLI_CODE, CATPROY_NAME, CATPROY_CODEGEN, CATPROY_GSM, XID_CATHOM_CODE, XID_CATCTAL_CODE, XID_CATCCACO3_CODE, CATPROY_AYD_PROCESS, XID_CATCOL_CODE, CATPROY_IS_STRUCTURAL, CATPROY_HAS_CROWN, XID_CATCIR_CODE, XID_CATPRODTRO_CODE, CATPROY_LEAF_NAME, XID_CATCTIPPRO_CODE, CATPROY_REFERENCE_TAG, CATPROY_HAS_LOGO, CATPROY_QUANTITY_X_PACKAGE, XID_CATCYPREFIJ_CODE, CATPROY_VALID_FROM, CATPROY_VALID_TO, CATPROY_CREATED_BY, CATPROY_UPDATED_BY, CATPROY_CREATED_AT, CATPROY_UPDATED_AT) VALUES (45, 'Fenix 2kg - Corea / Blanco  (Xp)', '3QL1W4-F085 (Xp)', 300, 3, 1, NULL, FALSE, 'W4', FALSE, FALSE, NULL, 94, NULL, 1, NULL, FALSE, 150, NULL, NULL, NULL, NULL, NULL, NULL, NULL);
INSERT INTO CATPROY (XID_CATCLI_CODE, CATPROY_NAME, CATPROY_CODEGEN, CATPROY_GSM, XID_CATHOM_CODE, XID_CATCTAL_CODE, XID_CATCCACO3_CODE, CATPROY_AYD_PROCESS, XID_CATCOL_CODE, CATPROY_IS_STRUCTURAL, CATPROY_HAS_CROWN, XID_CATCIR_CODE, XID_CATPRODTRO_CODE, CATPROY_LEAF_NAME, XID_CATCTIPPRO_CODE, CATPROY_REFERENCE_TAG, CATPROY_HAS_LOGO, CATPROY_QUANTITY_X_PACKAGE, XID_CATCYPREFIJ_CODE, CATPROY_VALID_FROM, CATPROY_VALID_TO, CATPROY_CREATED_BY, CATPROY_UPDATED_BY, CATPROY_CREATED_AT, CATPROY_UPDATED_AT) VALUES (49, 'Tapa Soldada (acc F040) / Blanco  (Xp)', '2QL1W4-F086 (Xp)', 260, 3, 1, NULL, FALSE, 'W4', FALSE, FALSE, NULL, 95, NULL, 1, NULL, FALSE, NULL, NULL, NULL, NULL, NULL, NULL, NULL, NULL);
INSERT INTO CATPROY (XID_CATCLI_CODE, CATPROY_NAME, CATPROY_CODEGEN, CATPROY_GSM, XID_CATHOM_CODE, XID_CATCTAL_CODE, XID_CATCCACO3_CODE, CATPROY_AYD_PROCESS, XID_CATCOL_CODE, CATPROY_IS_STRUCTURAL, CATPROY_HAS_CROWN, XID_CATCIR_CODE, XID_CATPRODTRO_CODE, CATPROY_LEAF_NAME, XID_CATCTIPPRO_CODE, CATPROY_REFERENCE_TAG, CATPROY_HAS_LOGO, CATPROY_QUANTITY_X_PACKAGE, XID_CATCYPREFIJ_CODE, CATPROY_VALID_FROM, CATPROY_VALID_TO, CATPROY_CREATED_BY, CATPROY_UPDATED_BY, CATPROY_CREATED_AT, CATPROY_UPDATED_AT) VALUES (38, 'Dragon Fruit 4.5Kg  (Xp)', '5QB2K-P023-F087 (Xp)', 500, 3, NULL, NULL, FALSE, 'B2', FALSE, TRUE, 34, 96, NULL, 1, NULL, FALSE, NULL, NULL, NULL, NULL, NULL, NULL, NULL, NULL);
INSERT INTO CATPROY (XID_CATCLI_CODE, CATPROY_NAME, CATPROY_CODEGEN, CATPROY_GSM, XID_CATHOM_CODE, XID_CATCTAL_CODE, XID_CATCCACO3_CODE, CATPROY_AYD_PROCESS, XID_CATCOL_CODE, CATPROY_IS_STRUCTURAL, CATPROY_HAS_CROWN, XID_CATCIR_CODE, XID_CATPRODTRO_CODE, CATPROY_LEAF_NAME, XID_CATCTIPPRO_CODE, CATPROY_REFERENCE_TAG, CATPROY_HAS_LOGO, CATPROY_QUANTITY_X_PACKAGE, XID_CATCYPREFIJ_CODE, CATPROY_VALID_FROM, CATPROY_VALID_TO, CATPROY_CREATED_BY, CATPROY_UPDATED_BY, CATPROY_CREATED_AT, CATPROY_UPDATED_AT) VALUES (39, 'Pitahaya Roja - Dragon Fruit ', '5QR8K-P049-F087', 500, 3, NULL, NULL, FALSE, 'R8', FALSE, TRUE, 65, 96, NULL, 2, NULL, FALSE, NULL, NULL, NULL, NULL, NULL, NULL, NULL, NULL);
INSERT INTO CATPROY (XID_CATCLI_CODE, CATPROY_NAME, CATPROY_CODEGEN, CATPROY_GSM, XID_CATHOM_CODE, XID_CATCTAL_CODE, XID_CATCCACO3_CODE, CATPROY_AYD_PROCESS, XID_CATCOL_CODE, CATPROY_IS_STRUCTURAL, CATPROY_HAS_CROWN, XID_CATCIR_CODE, XID_CATPRODTRO_CODE, CATPROY_LEAF_NAME, XID_CATCTIPPRO_CODE, CATPROY_REFERENCE_TAG, CATPROY_HAS_LOGO, CATPROY_QUANTITY_X_PACKAGE, XID_CATCYPREFIJ_CODE, CATPROY_VALID_FROM, CATPROY_VALID_TO, CATPROY_CREATED_BY, CATPROY_UPDATED_BY, CATPROY_CREATED_AT, CATPROY_UPDATED_AT) VALUES (45, 'Bandeja Perf 265x175x95 (Cocido 2kg) / Naranja  (Xp)', '3QL1R7-F089 (Xp)', 300, 3, 1, NULL, FALSE, 'R7', FALSE, FALSE, NULL, 98, NULL, 1, NULL, FALSE, NULL, NULL, NULL, NULL, NULL, NULL, NULL, NULL);
INSERT INTO CATPROY (XID_CATCLI_CODE, CATPROY_NAME, CATPROY_CODEGEN, CATPROY_GSM, XID_CATHOM_CODE, XID_CATCTAL_CODE, XID_CATCCACO3_CODE, CATPROY_AYD_PROCESS, XID_CATCOL_CODE, CATPROY_IS_STRUCTURAL, CATPROY_HAS_CROWN, XID_CATCIR_CODE, XID_CATPRODTRO_CODE, CATPROY_LEAF_NAME, XID_CATCTIPPRO_CODE, CATPROY_REFERENCE_TAG, CATPROY_HAS_LOGO, CATPROY_QUANTITY_X_PACKAGE, XID_CATCYPREFIJ_CODE, CATPROY_VALID_FROM, CATPROY_VALID_TO, CATPROY_CREATED_BY, CATPROY_UPDATED_BY, CATPROY_CREATED_AT, CATPROY_UPDATED_AT) VALUES (17, 'Caja Ecuamarfru 100% HQ 2.5 o 3.0 kg (L. Negra) ', '5QB2K-P034a-F090', 500, 3, NULL, NULL, FALSE, 'B2', FALSE, TRUE, 49, 99, NULL, 2, NULL, FALSE, NULL, NULL, NULL, NULL, NULL, NULL, NULL, NULL);
INSERT INTO CATPROY (XID_CATCLI_CODE, CATPROY_NAME, CATPROY_CODEGEN, CATPROY_GSM, XID_CATHOM_CODE, XID_CATCTAL_CODE, XID_CATCCACO3_CODE, CATPROY_AYD_PROCESS, XID_CATCOL_CODE, CATPROY_IS_STRUCTURAL, CATPROY_HAS_CROWN, XID_CATCIR_CODE, XID_CATPRODTRO_CODE, CATPROY_LEAF_NAME, XID_CATCTIPPRO_CODE, CATPROY_REFERENCE_TAG, CATPROY_HAS_LOGO, CATPROY_QUANTITY_X_PACKAGE, XID_CATCYPREFIJ_CODE, CATPROY_VALID_FROM, CATPROY_VALID_TO, CATPROY_CREATED_BY, CATPROY_UPDATED_BY, CATPROY_CREATED_AT, CATPROY_UPDATED_AT) VALUES (40, 'Pitafresh Negra v2 ', '5QB2K-P048-F090', 500, 3, NULL, NULL, FALSE, 'B2', FALSE, TRUE, 64, 99, NULL, 2, NULL, FALSE, 50, NULL, NULL, NULL, NULL, NULL, NULL, NULL);
INSERT INTO CATPROY (XID_CATCLI_CODE, CATPROY_NAME, CATPROY_CODEGEN, CATPROY_GSM, XID_CATHOM_CODE, XID_CATCTAL_CODE, XID_CATCCACO3_CODE, CATPROY_AYD_PROCESS, XID_CATCOL_CODE, CATPROY_IS_STRUCTURAL, CATPROY_HAS_CROWN, XID_CATCIR_CODE, XID_CATPRODTRO_CODE, CATPROY_LEAF_NAME, XID_CATCTIPPRO_CODE, CATPROY_REFERENCE_TAG, CATPROY_HAS_LOGO, CATPROY_QUANTITY_X_PACKAGE, XID_CATCYPREFIJ_CODE, CATPROY_VALID_FROM, CATPROY_VALID_TO, CATPROY_CREATED_BY, CATPROY_UPDATED_BY, CATPROY_CREATED_AT, CATPROY_UPDATED_AT) VALUES (40, 'Pitafresh Blanca v2 ', '5QW1K-P047-F090', 500, 3, NULL, NULL, FALSE, 'W1', FALSE, TRUE, 63, 99, NULL, 2, NULL, FALSE, 50, NULL, NULL, NULL, NULL, NULL, NULL, NULL);
INSERT INTO CATPROY (XID_CATCLI_CODE, CATPROY_NAME, CATPROY_CODEGEN, CATPROY_GSM, XID_CATHOM_CODE, XID_CATCTAL_CODE, XID_CATCCACO3_CODE, CATPROY_AYD_PROCESS, XID_CATCOL_CODE, CATPROY_IS_STRUCTURAL, CATPROY_HAS_CROWN, XID_CATCIR_CODE, XID_CATPRODTRO_CODE, CATPROY_LEAF_NAME, XID_CATCTIPPRO_CODE, CATPROY_REFERENCE_TAG, CATPROY_HAS_LOGO, CATPROY_QUANTITY_X_PACKAGE, XID_CATCYPREFIJ_CODE, CATPROY_VALID_FROM, CATPROY_VALID_TO, CATPROY_CREATED_BY, CATPROY_UPDATED_BY, CATPROY_CREATED_AT, CATPROY_UPDATED_AT) VALUES (17, 'Caja Ecuamarfru 100% HQ 2.5 o 3.0 kg (L. Negra) ', '6QB2K-P034a-F090', 600, 3, NULL, NULL, FALSE, 'B2', FALSE, TRUE, 49, 99, NULL, 2, NULL, TRUE, 50, NULL, NULL, NULL, NULL, NULL, NULL, NULL);
INSERT INTO CATPROY (XID_CATCLI_CODE, CATPROY_NAME, CATPROY_CODEGEN, CATPROY_GSM, XID_CATHOM_CODE, XID_CATCTAL_CODE, XID_CATCCACO3_CODE, CATPROY_AYD_PROCESS, XID_CATCOL_CODE, CATPROY_IS_STRUCTURAL, CATPROY_HAS_CROWN, XID_CATCIR_CODE, XID_CATPRODTRO_CODE, CATPROY_LEAF_NAME, XID_CATCTIPPRO_CODE, CATPROY_REFERENCE_TAG, CATPROY_HAS_LOGO, CATPROY_QUANTITY_X_PACKAGE, XID_CATCYPREFIJ_CODE, CATPROY_VALID_FROM, CATPROY_VALID_TO, CATPROY_CREATED_BY, CATPROY_UPDATED_BY, CATPROY_CREATED_AT, CATPROY_UPDATED_AT) VALUES (17, 'Caja Ecuamarfru 100% HQ 2.5 o 3.0 kg (L. Blanca) ', '6QW1K-P034b-F090', 600, 3, NULL, NULL, FALSE, 'W1', FALSE, TRUE, 50, 99, NULL, 2, NULL, TRUE, 50, NULL, NULL, NULL, NULL, NULL, NULL, NULL);
INSERT INTO CATPROY (XID_CATCLI_CODE, CATPROY_NAME, CATPROY_CODEGEN, CATPROY_GSM, XID_CATHOM_CODE, XID_CATCTAL_CODE, XID_CATCCACO3_CODE, CATPROY_AYD_PROCESS, XID_CATCOL_CODE, CATPROY_IS_STRUCTURAL, CATPROY_HAS_CROWN, XID_CATCIR_CODE, XID_CATPRODTRO_CODE, CATPROY_LEAF_NAME, XID_CATCTIPPRO_CODE, CATPROY_REFERENCE_TAG, CATPROY_HAS_LOGO, CATPROY_QUANTITY_X_PACKAGE, XID_CATCYPREFIJ_CODE, CATPROY_VALID_FROM, CATPROY_VALID_TO, CATPROY_CREATED_BY, CATPROY_UPDATED_BY, CATPROY_CREATED_AT, CATPROY_UPDATED_AT) VALUES (49, 'Bandeja perf 280x155x50 (1kg) / Blanco ', '3QL1W4-F091', 300, 3, 1, NULL, FALSE, 'W4', FALSE, FALSE, NULL, 100, NULL, 2, NULL, FALSE, NULL, NULL, NULL, NULL, NULL, NULL, NULL, NULL);
INSERT INTO CATPROY (XID_CATCLI_CODE, CATPROY_NAME, CATPROY_CODEGEN, CATPROY_GSM, XID_CATHOM_CODE, XID_CATCTAL_CODE, XID_CATCCACO3_CODE, CATPROY_AYD_PROCESS, XID_CATCOL_CODE, CATPROY_IS_STRUCTURAL, CATPROY_HAS_CROWN, XID_CATCIR_CODE, XID_CATPRODTRO_CODE, CATPROY_LEAF_NAME, XID_CATCTIPPRO_CODE, CATPROY_REFERENCE_TAG, CATPROY_HAS_LOGO, CATPROY_QUANTITY_X_PACKAGE, XID_CATCYPREFIJ_CODE, CATPROY_VALID_FROM, CATPROY_VALID_TO, CATPROY_CREATED_BY, CATPROY_UPDATED_BY, CATPROY_CREATED_AT, CATPROY_UPDATED_AT) VALUES (1, 'Caja PitaCava 382x260x98 ', '5QY4K-P035-F092', 500, 3, NULL, NULL, FALSE, 'Y4', FALSE, TRUE, 51, 101, NULL, 2, NULL, FALSE, NULL, NULL, NULL, NULL, NULL, NULL, NULL, NULL);
INSERT INTO CATPROY (XID_CATCLI_CODE, CATPROY_NAME, CATPROY_CODEGEN, CATPROY_GSM, XID_CATHOM_CODE, XID_CATCTAL_CODE, XID_CATCCACO3_CODE, CATPROY_AYD_PROCESS, XID_CATCOL_CODE, CATPROY_IS_STRUCTURAL, CATPROY_HAS_CROWN, XID_CATCIR_CODE, XID_CATPRODTRO_CODE, CATPROY_LEAF_NAME, XID_CATCTIPPRO_CODE, CATPROY_REFERENCE_TAG, CATPROY_HAS_LOGO, CATPROY_QUANTITY_X_PACKAGE, XID_CATCYPREFIJ_CODE, CATPROY_VALID_FROM, CATPROY_VALID_TO, CATPROY_CREATED_BY, CATPROY_UPDATED_BY, CATPROY_CREATED_AT, CATPROY_UPDATED_AT) VALUES (1, 'Caja PitaValley 382x260x98 ', '5QZ9K-P036-F092', 500, 3, NULL, NULL, FALSE, 'Z9', FALSE, TRUE, 52, 101, NULL, 2, NULL, FALSE, NULL, NULL, NULL, NULL, NULL, NULL, NULL, NULL);
INSERT INTO CATPROY (XID_CATCLI_CODE, CATPROY_NAME, CATPROY_CODEGEN, CATPROY_GSM, XID_CATHOM_CODE, XID_CATCTAL_CODE, XID_CATCCACO3_CODE, CATPROY_AYD_PROCESS, XID_CATCOL_CODE, CATPROY_IS_STRUCTURAL, CATPROY_HAS_CROWN, XID_CATCIR_CODE, XID_CATPRODTRO_CODE, CATPROY_LEAF_NAME, XID_CATCTIPPRO_CODE, CATPROY_REFERENCE_TAG, CATPROY_HAS_LOGO, CATPROY_QUANTITY_X_PACKAGE, XID_CATCYPREFIJ_CODE, CATPROY_VALID_FROM, CATPROY_VALID_TO, CATPROY_CREATED_BY, CATPROY_UPDATED_BY, CATPROY_CREATED_AT, CATPROY_UPDATED_AT) VALUES (1, 'Caja PitaGarden 382x260x98 ', '5QZ8K-P037-F092', 500, 3, NULL, NULL, FALSE, 'Z8', FALSE, TRUE, 53, 101, NULL, 2, NULL, FALSE, NULL, NULL, NULL, NULL, NULL, NULL, NULL, NULL);
INSERT INTO CATPROY (XID_CATCLI_CODE, CATPROY_NAME, CATPROY_CODEGEN, CATPROY_GSM, XID_CATHOM_CODE, XID_CATCTAL_CODE, XID_CATCCACO3_CODE, CATPROY_AYD_PROCESS, XID_CATCOL_CODE, CATPROY_IS_STRUCTURAL, CATPROY_HAS_CROWN, XID_CATCIR_CODE, XID_CATPRODTRO_CODE, CATPROY_LEAF_NAME, XID_CATCTIPPRO_CODE, CATPROY_REFERENCE_TAG, CATPROY_HAS_LOGO, CATPROY_QUANTITY_X_PACKAGE, XID_CATCYPREFIJ_CODE, CATPROY_VALID_FROM, CATPROY_VALID_TO, CATPROY_CREATED_BY, CATPROY_UPDATED_BY, CATPROY_CREATED_AT, CATPROY_UPDATED_AT) VALUES (1, 'Division Larga 3 espacios (acc F092) / Blanco ', '3QL1W4-F093', 300, 3, 1, NULL, FALSE, 'W4', FALSE, FALSE, NULL, 102, NULL, 2, NULL, FALSE, NULL, NULL, NULL, NULL, NULL, NULL, NULL, NULL);
INSERT INTO CATPROY (XID_CATCLI_CODE, CATPROY_NAME, CATPROY_CODEGEN, CATPROY_GSM, XID_CATHOM_CODE, XID_CATCTAL_CODE, XID_CATCCACO3_CODE, CATPROY_AYD_PROCESS, XID_CATCOL_CODE, CATPROY_IS_STRUCTURAL, CATPROY_HAS_CROWN, XID_CATCIR_CODE, XID_CATPRODTRO_CODE, CATPROY_LEAF_NAME, XID_CATCTIPPRO_CODE, CATPROY_REFERENCE_TAG, CATPROY_HAS_LOGO, CATPROY_QUANTITY_X_PACKAGE, XID_CATCYPREFIJ_CODE, CATPROY_VALID_FROM, CATPROY_VALID_TO, CATPROY_CREATED_BY, CATPROY_UPDATED_BY, CATPROY_CREATED_AT, CATPROY_UPDATED_AT) VALUES (1, 'Division Larga 4 espacios  (acc F092) / Blanco ', '3QL1W4-F094', 300, 3, 1, NULL, FALSE, 'W4', FALSE, FALSE, NULL, 103, NULL, 2, NULL, FALSE, NULL, NULL, NULL, NULL, NULL, NULL, NULL, NULL);
INSERT INTO CATPROY (XID_CATCLI_CODE, CATPROY_NAME, CATPROY_CODEGEN, CATPROY_GSM, XID_CATHOM_CODE, XID_CATCTAL_CODE, XID_CATCCACO3_CODE, CATPROY_AYD_PROCESS, XID_CATCOL_CODE, CATPROY_IS_STRUCTURAL, CATPROY_HAS_CROWN, XID_CATCIR_CODE, XID_CATPRODTRO_CODE, CATPROY_LEAF_NAME, XID_CATCTIPPRO_CODE, CATPROY_REFERENCE_TAG, CATPROY_HAS_LOGO, CATPROY_QUANTITY_X_PACKAGE, XID_CATCYPREFIJ_CODE, CATPROY_VALID_FROM, CATPROY_VALID_TO, CATPROY_CREATED_BY, CATPROY_UPDATED_BY, CATPROY_CREATED_AT, CATPROY_UPDATED_AT) VALUES (1, 'Division Corta  (acc F092) / Blanco ', '3QL1W4-F095', 300, 3, 1, NULL, FALSE, 'W4', FALSE, FALSE, NULL, 104, NULL, 2, NULL, FALSE, NULL, NULL, NULL, NULL, NULL, NULL, NULL, NULL);
INSERT INTO CATPROY (XID_CATCLI_CODE, CATPROY_NAME, CATPROY_CODEGEN, CATPROY_GSM, XID_CATHOM_CODE, XID_CATCTAL_CODE, XID_CATCCACO3_CODE, CATPROY_AYD_PROCESS, XID_CATCOL_CODE, CATPROY_IS_STRUCTURAL, CATPROY_HAS_CROWN, XID_CATCIR_CODE, XID_CATPRODTRO_CODE, CATPROY_LEAF_NAME, XID_CATCTIPPRO_CODE, CATPROY_REFERENCE_TAG, CATPROY_HAS_LOGO, CATPROY_QUANTITY_X_PACKAGE, XID_CATCYPREFIJ_CODE, CATPROY_VALID_FROM, CATPROY_VALID_TO, CATPROY_CREATED_BY, CATPROY_UPDATED_BY, CATPROY_CREATED_AT, CATPROY_UPDATED_AT) VALUES (45, 'Base Perf 342x256x95 (Cocido Sellado) / Naranja  (Xp)', '3QL1R7-F096S (Xp)', 300, 3, 1, NULL, FALSE, 'R7', FALSE, FALSE, NULL, 106, NULL, 1, NULL, FALSE, 100, NULL, NULL, NULL, NULL, NULL, NULL, NULL);
INSERT INTO CATPROY (XID_CATCLI_CODE, CATPROY_NAME, CATPROY_CODEGEN, CATPROY_GSM, XID_CATHOM_CODE, XID_CATCTAL_CODE, XID_CATCCACO3_CODE, CATPROY_AYD_PROCESS, XID_CATCOL_CODE, CATPROY_IS_STRUCTURAL, CATPROY_HAS_CROWN, XID_CATCIR_CODE, XID_CATPRODTRO_CODE, CATPROY_LEAF_NAME, XID_CATCTIPPRO_CODE, CATPROY_REFERENCE_TAG, CATPROY_HAS_LOGO, CATPROY_QUANTITY_X_PACKAGE, XID_CATCYPREFIJ_CODE, CATPROY_VALID_FROM, CATPROY_VALID_TO, CATPROY_CREATED_BY, CATPROY_UPDATED_BY, CATPROY_CREATED_AT, CATPROY_UPDATED_AT) VALUES (NULL, 'División Corta 2 esp (acc F082) / Blanco ', '3QL1W4-F097', 300, 3, 1, NULL, FALSE, 'W4', FALSE, FALSE, NULL, 107, NULL, 2, NULL, FALSE, NULL, NULL, NULL, NULL, NULL, NULL, NULL, NULL);
INSERT INTO CATPROY (XID_CATCLI_CODE, CATPROY_NAME, CATPROY_CODEGEN, CATPROY_GSM, XID_CATHOM_CODE, XID_CATCTAL_CODE, XID_CATCCACO3_CODE, CATPROY_AYD_PROCESS, XID_CATCOL_CODE, CATPROY_IS_STRUCTURAL, CATPROY_HAS_CROWN, XID_CATCIR_CODE, XID_CATPRODTRO_CODE, CATPROY_LEAF_NAME, XID_CATCTIPPRO_CODE, CATPROY_REFERENCE_TAG, CATPROY_HAS_LOGO, CATPROY_QUANTITY_X_PACKAGE, XID_CATCYPREFIJ_CODE, CATPROY_VALID_FROM, CATPROY_VALID_TO, CATPROY_CREATED_BY, CATPROY_UPDATED_BY, CATPROY_CREATED_AT, CATPROY_UPDATED_AT) VALUES (NULL, 'División Corte 3 esp (acc F082) / Blanco ', '3QL1W4-F098', 300, 3, 1, NULL, FALSE, 'W4', FALSE, FALSE, NULL, 108, NULL, 2, NULL, FALSE, NULL, NULL, NULL, NULL, NULL, NULL, NULL, NULL);
INSERT INTO CATPROY (XID_CATCLI_CODE, CATPROY_NAME, CATPROY_CODEGEN, CATPROY_GSM, XID_CATHOM_CODE, XID_CATCTAL_CODE, XID_CATCCACO3_CODE, CATPROY_AYD_PROCESS, XID_CATCOL_CODE, CATPROY_IS_STRUCTURAL, CATPROY_HAS_CROWN, XID_CATCIR_CODE, XID_CATPRODTRO_CODE, CATPROY_LEAF_NAME, XID_CATCTIPPRO_CODE, CATPROY_REFERENCE_TAG, CATPROY_HAS_LOGO, CATPROY_QUANTITY_X_PACKAGE, XID_CATCYPREFIJ_CODE, CATPROY_VALID_FROM, CATPROY_VALID_TO, CATPROY_CREATED_BY, CATPROY_UPDATED_BY, CATPROY_CREATED_AT, CATPROY_UPDATED_AT) VALUES (NULL, 'División Larga 3 esp (acc F082) / Blanco ', '3QL1W4-F099', 300, 3, 1, NULL, FALSE, 'W4', FALSE, FALSE, NULL, 109, NULL, 2, NULL, FALSE, NULL, NULL, NULL, NULL, NULL, NULL, NULL, NULL);
INSERT INTO CATPROY (XID_CATCLI_CODE, CATPROY_NAME, CATPROY_CODEGEN, CATPROY_GSM, XID_CATHOM_CODE, XID_CATCTAL_CODE, XID_CATCCACO3_CODE, CATPROY_AYD_PROCESS, XID_CATCOL_CODE, CATPROY_IS_STRUCTURAL, CATPROY_HAS_CROWN, XID_CATCIR_CODE, XID_CATPRODTRO_CODE, CATPROY_LEAF_NAME, XID_CATCTIPPRO_CODE, CATPROY_REFERENCE_TAG, CATPROY_HAS_LOGO, CATPROY_QUANTITY_X_PACKAGE, XID_CATCYPREFIJ_CODE, CATPROY_VALID_FROM, CATPROY_VALID_TO, CATPROY_CREATED_BY, CATPROY_UPDATED_BY, CATPROY_CREATED_AT, CATPROY_UPDATED_AT) VALUES (NULL, 'División Larga 4 esp (acc F082) / Blanco ', '3QL1W4-F100', 300, 3, 1, NULL, FALSE, 'W4', FALSE, FALSE, NULL, 110, NULL, 2, NULL, FALSE, NULL, NULL, NULL, NULL, NULL, NULL, NULL, NULL);
INSERT INTO CATPROY (XID_CATCLI_CODE, CATPROY_NAME, CATPROY_CODEGEN, CATPROY_GSM, XID_CATHOM_CODE, XID_CATCTAL_CODE, XID_CATCCACO3_CODE, CATPROY_AYD_PROCESS, XID_CATCOL_CODE, CATPROY_IS_STRUCTURAL, CATPROY_HAS_CROWN, XID_CATCIR_CODE, XID_CATPRODTRO_CODE, CATPROY_LEAF_NAME, XID_CATCTIPPRO_CODE, CATPROY_REFERENCE_TAG, CATPROY_HAS_LOGO, CATPROY_QUANTITY_X_PACKAGE, XID_CATCYPREFIJ_CODE, CATPROY_VALID_FROM, CATPROY_VALID_TO, CATPROY_CREATED_BY, CATPROY_UPDATED_BY, CATPROY_CREATED_AT, CATPROY_UPDATED_AT) VALUES (50, 'Bandeja Perf 299x152x70 / Blanco ', '3QL1W4-F104', 300, 3, 1, NULL, FALSE, 'W4', FALSE, FALSE, NULL, 114, NULL, 2, NULL, FALSE, NULL, NULL, NULL, NULL, NULL, NULL, NULL, NULL);
INSERT INTO CATPROY (XID_CATCLI_CODE, CATPROY_NAME, CATPROY_CODEGEN, CATPROY_GSM, XID_CATHOM_CODE, XID_CATCTAL_CODE, XID_CATCCACO3_CODE, CATPROY_AYD_PROCESS, XID_CATCOL_CODE, CATPROY_IS_STRUCTURAL, CATPROY_HAS_CROWN, XID_CATCIR_CODE, XID_CATPRODTRO_CODE, CATPROY_LEAF_NAME, XID_CATCTIPPRO_CODE, CATPROY_REFERENCE_TAG, CATPROY_HAS_LOGO, CATPROY_QUANTITY_X_PACKAGE, XID_CATCYPREFIJ_CODE, CATPROY_VALID_FROM, CATPROY_VALID_TO, CATPROY_CREATED_BY, CATPROY_UPDATED_BY, CATPROY_CREATED_AT, CATPROY_UPDATED_AT) VALUES (50, 'Bandeja Perf 267x167x79 / Blanco ', '3QL1W4-F105', 300, 3, 1, NULL, FALSE, 'W4', FALSE, FALSE, NULL, 115, NULL, 2, NULL, FALSE, NULL, NULL, NULL, NULL, NULL, NULL, NULL, NULL);
INSERT INTO CATPROY (XID_CATCLI_CODE, CATPROY_NAME, CATPROY_CODEGEN, CATPROY_GSM, XID_CATHOM_CODE, XID_CATCTAL_CODE, XID_CATCCACO3_CODE, CATPROY_AYD_PROCESS, XID_CATCOL_CODE, CATPROY_IS_STRUCTURAL, CATPROY_HAS_CROWN, XID_CATCIR_CODE, XID_CATPRODTRO_CODE, CATPROY_LEAF_NAME, XID_CATCTIPPRO_CODE, CATPROY_REFERENCE_TAG, CATPROY_HAS_LOGO, CATPROY_QUANTITY_X_PACKAGE, XID_CATCYPREFIJ_CODE, CATPROY_VALID_FROM, CATPROY_VALID_TO, CATPROY_CREATED_BY, CATPROY_UPDATED_BY, CATPROY_CREATED_AT, CATPROY_UPDATED_AT) VALUES (50, 'Bandeja Perf 262x167x79 / Blanco ', '3QL1W4-F105B', 300, 3, 1, NULL, FALSE, 'W4', FALSE, FALSE, NULL, 116, NULL, 2, NULL, FALSE, NULL, NULL, NULL, NULL, NULL, NULL, NULL, NULL);
INSERT INTO CATPROY (XID_CATCLI_CODE, CATPROY_NAME, CATPROY_CODEGEN, CATPROY_GSM, XID_CATHOM_CODE, XID_CATCTAL_CODE, XID_CATCCACO3_CODE, CATPROY_AYD_PROCESS, XID_CATCOL_CODE, CATPROY_IS_STRUCTURAL, CATPROY_HAS_CROWN, XID_CATCIR_CODE, XID_CATPRODTRO_CODE, CATPROY_LEAF_NAME, XID_CATCTIPPRO_CODE, CATPROY_REFERENCE_TAG, CATPROY_HAS_LOGO, CATPROY_QUANTITY_X_PACKAGE, XID_CATCYPREFIJ_CODE, CATPROY_VALID_FROM, CATPROY_VALID_TO, CATPROY_CREATED_BY, CATPROY_UPDATED_BY, CATPROY_CREATED_AT, CATPROY_UPDATED_AT) VALUES (24, 'Bandeja Apilable 339x259x74 / Negro ', '4QB2-F106', 400, 3, NULL, NULL, FALSE, 'B2', FALSE, FALSE, NULL, 117, NULL, 2, NULL, TRUE, 50, NULL, NULL, NULL, NULL, NULL, NULL, NULL);
INSERT INTO CATPROY (XID_CATCLI_CODE, CATPROY_NAME, CATPROY_CODEGEN, CATPROY_GSM, XID_CATHOM_CODE, XID_CATCTAL_CODE, XID_CATCCACO3_CODE, CATPROY_AYD_PROCESS, XID_CATCOL_CODE, CATPROY_IS_STRUCTURAL, CATPROY_HAS_CROWN, XID_CATCIR_CODE, XID_CATPRODTRO_CODE, CATPROY_LEAF_NAME, XID_CATCTIPPRO_CODE, CATPROY_REFERENCE_TAG, CATPROY_HAS_LOGO, CATPROY_QUANTITY_X_PACKAGE, XID_CATCYPREFIJ_CODE, CATPROY_VALID_FROM, CATPROY_VALID_TO, CATPROY_CREATED_BY, CATPROY_UPDATED_BY, CATPROY_CREATED_AT, CATPROY_UPDATED_AT) VALUES (45, 'Base Rfrz Perf 261x175x95 (Cocido 2kg) / Naranja  (Xp)', '3QL1R7-F108 (Xp)', 300, 3, 1, NULL, FALSE, 'R7', FALSE, FALSE, NULL, 119, NULL, 1, NULL, FALSE, NULL, NULL, NULL, NULL, NULL, NULL, NULL, NULL);
INSERT INTO CATPROY (XID_CATCLI_CODE, CATPROY_NAME, CATPROY_CODEGEN, CATPROY_GSM, XID_CATHOM_CODE, XID_CATCTAL_CODE, XID_CATCCACO3_CODE, CATPROY_AYD_PROCESS, XID_CATCOL_CODE, CATPROY_IS_STRUCTURAL, CATPROY_HAS_CROWN, XID_CATCIR_CODE, XID_CATPRODTRO_CODE, CATPROY_LEAF_NAME, XID_CATCTIPPRO_CODE, CATPROY_REFERENCE_TAG, CATPROY_HAS_LOGO, CATPROY_QUANTITY_X_PACKAGE, XID_CATCYPREFIJ_CODE, CATPROY_VALID_FROM, CATPROY_VALID_TO, CATPROY_CREATED_BY, CATPROY_UPDATED_BY, CATPROY_CREATED_AT, CATPROY_UPDATED_AT) VALUES (12, 'Lámina 25000x900', '3QL1W4-25000x900', 300, 3, 1, NULL, FALSE, 'W4', FALSE, FALSE, NULL, NULL, '25000x900', 2, NULL, FALSE, 1, NULL, NULL, NULL, NULL, NULL, NULL, NULL);
INSERT INTO CATPROY (XID_CATCLI_CODE, CATPROY_NAME, CATPROY_CODEGEN, CATPROY_GSM, XID_CATHOM_CODE, XID_CATCTAL_CODE, XID_CATCCACO3_CODE, CATPROY_AYD_PROCESS, XID_CATCOL_CODE, CATPROY_IS_STRUCTURAL, CATPROY_HAS_CROWN, XID_CATCIR_CODE, XID_CATPRODTRO_CODE, CATPROY_LEAF_NAME, XID_CATCTIPPRO_CODE, CATPROY_REFERENCE_TAG, CATPROY_HAS_LOGO, CATPROY_QUANTITY_X_PACKAGE, XID_CATCYPREFIJ_CODE, CATPROY_VALID_FROM, CATPROY_VALID_TO, CATPROY_CREATED_BY, CATPROY_UPDATED_BY, CATPROY_CREATED_AT, CATPROY_UPDATED_AT) VALUES (NULL, 'Lámina 1500x2000', '8QB2K-1500x2000', 800, 3, NULL, NULL, FALSE, 'B2', FALSE, TRUE, NULL, NULL, '1500x2000', 2, NULL, FALSE, NULL, NULL, NULL, NULL, NULL, NULL, NULL, NULL);
INSERT INTO CATPROY (XID_CATCLI_CODE, CATPROY_NAME, CATPROY_CODEGEN, CATPROY_GSM, XID_CATHOM_CODE, XID_CATCTAL_CODE, XID_CATCCACO3_CODE, CATPROY_AYD_PROCESS, XID_CATCOL_CODE, CATPROY_IS_STRUCTURAL, CATPROY_HAS_CROWN, XID_CATCIR_CODE, XID_CATPRODTRO_CODE, CATPROY_LEAF_NAME, XID_CATCTIPPRO_CODE, CATPROY_REFERENCE_TAG, CATPROY_HAS_LOGO, CATPROY_QUANTITY_X_PACKAGE, XID_CATCYPREFIJ_CODE, CATPROY_VALID_FROM, CATPROY_VALID_TO, CATPROY_CREATED_BY, CATPROY_UPDATED_BY, CATPROY_CREATED_AT, CATPROY_UPDATED_AT) VALUES (37, 'Amazon Gold 2.0 a 3.0kg ', '5QY4K-P051-F082', 500, 3, NULL, NULL, FALSE, 'Y4', FALSE, TRUE, 67, 91, NULL, 2, NULL, FALSE, NULL, NULL, NULL, NULL, NULL, NULL, NULL, NULL);
INSERT INTO CATPROY (XID_CATCLI_CODE, CATPROY_NAME, CATPROY_CODEGEN, CATPROY_GSM, XID_CATHOM_CODE, XID_CATCTAL_CODE, XID_CATCCACO3_CODE, CATPROY_AYD_PROCESS, XID_CATCOL_CODE, CATPROY_IS_STRUCTURAL, CATPROY_HAS_CROWN, XID_CATCIR_CODE, XID_CATPRODTRO_CODE, CATPROY_LEAF_NAME, XID_CATCTIPPRO_CODE, CATPROY_REFERENCE_TAG, CATPROY_HAS_LOGO, CATPROY_QUANTITY_X_PACKAGE, XID_CATCYPREFIJ_CODE, CATPROY_VALID_FROM, CATPROY_VALID_TO, CATPROY_CREATED_BY, CATPROY_UPDATED_BY, CATPROY_CREATED_AT, CATPROY_UPDATED_AT) VALUES (37, 'Pitaya GOTI 2.5kg ', '5QB2K-P046-F082', 500, 3, NULL, NULL, FALSE, 'B2', FALSE, TRUE, 62, 91, NULL, 2, NULL, FALSE, NULL, NULL, NULL, NULL, NULL, NULL, NULL, NULL);
INSERT INTO CATPROY (XID_CATCLI_CODE, CATPROY_NAME, CATPROY_CODEGEN, CATPROY_GSM, XID_CATHOM_CODE, XID_CATCTAL_CODE, XID_CATCCACO3_CODE, CATPROY_AYD_PROCESS, XID_CATCOL_CODE, CATPROY_IS_STRUCTURAL, CATPROY_HAS_CROWN, XID_CATCIR_CODE, XID_CATPRODTRO_CODE, CATPROY_LEAF_NAME, XID_CATCTIPPRO_CODE, CATPROY_REFERENCE_TAG, CATPROY_HAS_LOGO, CATPROY_QUANTITY_X_PACKAGE, XID_CATCYPREFIJ_CODE, CATPROY_VALID_FROM, CATPROY_VALID_TO, CATPROY_CREATED_BY, CATPROY_UPDATED_BY, CATPROY_CREATED_AT, CATPROY_UPDATED_AT) VALUES (14, 'Trapezoidal 5kg - F. Asparagus ', '6QB2K-P006-F042', 600, 3, NULL, NULL, FALSE, 'B2', FALSE, TRUE, 16, 44, NULL, 2, NULL, FALSE, NULL, NULL, NULL, NULL, NULL, NULL, NULL, NULL);
INSERT INTO CATPROY (XID_CATCLI_CODE, CATPROY_NAME, CATPROY_CODEGEN, CATPROY_GSM, XID_CATHOM_CODE, XID_CATCTAL_CODE, XID_CATCCACO3_CODE, CATPROY_AYD_PROCESS, XID_CATCOL_CODE, CATPROY_IS_STRUCTURAL, CATPROY_HAS_CROWN, XID_CATCIR_CODE, XID_CATPRODTRO_CODE, CATPROY_LEAF_NAME, XID_CATCTIPPRO_CODE, CATPROY_REFERENCE_TAG, CATPROY_HAS_LOGO, CATPROY_QUANTITY_X_PACKAGE, XID_CATCYPREFIJ_CODE, CATPROY_VALID_FROM, CATPROY_VALID_TO, CATPROY_CREATED_BY, CATPROY_UPDATED_BY, CATPROY_CREATED_AT, CATPROY_UPDATED_AT) VALUES (30, 'Bandeja 3.3kg - Tucano ', '6QB2K-P052-F043', 600, 3, NULL, NULL, FALSE, 'B2', FALSE, TRUE, 68, 45, NULL, 2, NULL, FALSE, NULL, NULL, NULL, NULL, NULL, NULL, NULL, NULL);
INSERT INTO CATPROY (XID_CATCLI_CODE, CATPROY_NAME, CATPROY_CODEGEN, CATPROY_GSM, XID_CATHOM_CODE, XID_CATCTAL_CODE, XID_CATCCACO3_CODE, CATPROY_AYD_PROCESS, XID_CATCOL_CODE, CATPROY_IS_STRUCTURAL, CATPROY_HAS_CROWN, XID_CATCIR_CODE, XID_CATPRODTRO_CODE, CATPROY_LEAF_NAME, XID_CATCTIPPRO_CODE, CATPROY_REFERENCE_TAG, CATPROY_HAS_LOGO, CATPROY_QUANTITY_X_PACKAGE, XID_CATCYPREFIJ_CODE, CATPROY_VALID_FROM, CATPROY_VALID_TO, CATPROY_CREATED_BY, CATPROY_UPDATED_BY, CATPROY_CREATED_AT, CATPROY_UPDATED_AT) VALUES (18, 'Base Perforada 270x170x83 / Blanco  (Xp)', '3QL1W4-F109 (Xp)', 300, 3, 1, NULL, FALSE, 'W4', FALSE, FALSE, NULL, 120, NULL, 1, NULL, FALSE, 150, NULL, NULL, NULL, NULL, NULL, NULL, NULL);
INSERT INTO CATPROY (XID_CATCLI_CODE, CATPROY_NAME, CATPROY_CODEGEN, CATPROY_GSM, XID_CATHOM_CODE, XID_CATCTAL_CODE, XID_CATCCACO3_CODE, CATPROY_AYD_PROCESS, XID_CATCOL_CODE, CATPROY_IS_STRUCTURAL, CATPROY_HAS_CROWN, XID_CATCIR_CODE, XID_CATPRODTRO_CODE, CATPROY_LEAF_NAME, XID_CATCTIPPRO_CODE, CATPROY_REFERENCE_TAG, CATPROY_HAS_LOGO, CATPROY_QUANTITY_X_PACKAGE, XID_CATCYPREFIJ_CODE, CATPROY_VALID_FROM, CATPROY_VALID_TO, CATPROY_CREATED_BY, CATPROY_UPDATED_BY, CATPROY_CREATED_AT, CATPROY_UPDATED_AT) VALUES (38, 'Caja Picaler (V1) 2.5kg ', '5QB2K-P019-F082', 500, 3, NULL, NULL, FALSE, 'B2', FALSE, TRUE, 29, 91, NULL, 2, NULL, FALSE, NULL, NULL, NULL, NULL, NULL, NULL, NULL, NULL);
INSERT INTO CATPROY (XID_CATCLI_CODE, CATPROY_NAME, CATPROY_CODEGEN, CATPROY_GSM, XID_CATHOM_CODE, XID_CATCTAL_CODE, XID_CATCCACO3_CODE, CATPROY_AYD_PROCESS, XID_CATCOL_CODE, CATPROY_IS_STRUCTURAL, CATPROY_HAS_CROWN, XID_CATCIR_CODE, XID_CATPRODTRO_CODE, CATPROY_LEAF_NAME, XID_CATCTIPPRO_CODE, CATPROY_REFERENCE_TAG, CATPROY_HAS_LOGO, CATPROY_QUANTITY_X_PACKAGE, XID_CATCYPREFIJ_CODE, CATPROY_VALID_FROM, CATPROY_VALID_TO, CATPROY_CREATED_BY, CATPROY_UPDATED_BY, CATPROY_CREATED_AT, CATPROY_UPDATED_AT) VALUES (38, 'Caja Picaler (V2) 2.5kg ', '5QB2K-P020-F082', 500, 3, NULL, NULL, FALSE, 'B2', FALSE, TRUE, 30, 91, NULL, 2, NULL, FALSE, NULL, NULL, NULL, NULL, NULL, NULL, NULL, NULL);
INSERT INTO CATPROY (XID_CATCLI_CODE, CATPROY_NAME, CATPROY_CODEGEN, CATPROY_GSM, XID_CATHOM_CODE, XID_CATCTAL_CODE, XID_CATCCACO3_CODE, CATPROY_AYD_PROCESS, XID_CATCOL_CODE, CATPROY_IS_STRUCTURAL, CATPROY_HAS_CROWN, XID_CATCIR_CODE, XID_CATPRODTRO_CODE, CATPROY_LEAF_NAME, XID_CATCTIPPRO_CODE, CATPROY_REFERENCE_TAG, CATPROY_HAS_LOGO, CATPROY_QUANTITY_X_PACKAGE, XID_CATCYPREFIJ_CODE, CATPROY_VALID_FROM, CATPROY_VALID_TO, CATPROY_CREATED_BY, CATPROY_UPDATED_BY, CATPROY_CREATED_AT, CATPROY_UPDATED_AT) VALUES (44, 'Trapezoidal 305x200x270 / Negro ', '6QB2-F042', 600, 3, NULL, NULL, FALSE, 'B2', FALSE, FALSE, NULL, 44, NULL, 2, NULL, FALSE, NULL, NULL, NULL, NULL, NULL, NULL, NULL, NULL);
INSERT INTO CATPROY (XID_CATCLI_CODE, CATPROY_NAME, CATPROY_CODEGEN, CATPROY_GSM, XID_CATHOM_CODE, XID_CATCTAL_CODE, XID_CATCCACO3_CODE, CATPROY_AYD_PROCESS, XID_CATCOL_CODE, CATPROY_IS_STRUCTURAL, CATPROY_HAS_CROWN, XID_CATCIR_CODE, XID_CATPRODTRO_CODE, CATPROY_LEAF_NAME, XID_CATCTIPPRO_CODE, CATPROY_REFERENCE_TAG, CATPROY_HAS_LOGO, CATPROY_QUANTITY_X_PACKAGE, XID_CATCYPREFIJ_CODE, CATPROY_VALID_FROM, CATPROY_VALID_TO, CATPROY_CREATED_BY, CATPROY_UPDATED_BY, CATPROY_CREATED_AT, CATPROY_UPDATED_AT) VALUES (41, 'Pitavit 2.5 a 4.0 kg (Negro) ', '5QB2K-P062A-F082', 500, 3, NULL, NULL, FALSE, 'B2', FALSE, TRUE, 89, 91, NULL, 2, NULL, FALSE, 50, NULL, NULL, NULL, NULL, NULL, NULL, NULL);
INSERT INTO CATPROY (XID_CATCLI_CODE, CATPROY_NAME, CATPROY_CODEGEN, CATPROY_GSM, XID_CATHOM_CODE, XID_CATCTAL_CODE, XID_CATCCACO3_CODE, CATPROY_AYD_PROCESS, XID_CATCOL_CODE, CATPROY_IS_STRUCTURAL, CATPROY_HAS_CROWN, XID_CATCIR_CODE, XID_CATPRODTRO_CODE, CATPROY_LEAF_NAME, XID_CATCTIPPRO_CODE, CATPROY_REFERENCE_TAG, CATPROY_HAS_LOGO, CATPROY_QUANTITY_X_PACKAGE, XID_CATCYPREFIJ_CODE, CATPROY_VALID_FROM, CATPROY_VALID_TO, CATPROY_CREATED_BY, CATPROY_UPDATED_BY, CATPROY_CREATED_AT, CATPROY_UPDATED_AT) VALUES (11, 'Premium Fruits 389x284x132 ', '5QB2K-P053-F087', 500, 3, NULL, NULL, FALSE, 'B2', FALSE, TRUE, 71, 96, NULL, 2, NULL, FALSE, NULL, NULL, NULL, NULL, NULL, NULL, NULL, NULL);
INSERT INTO CATPROY (XID_CATCLI_CODE, CATPROY_NAME, CATPROY_CODEGEN, CATPROY_GSM, XID_CATHOM_CODE, XID_CATCTAL_CODE, XID_CATCCACO3_CODE, CATPROY_AYD_PROCESS, XID_CATCOL_CODE, CATPROY_IS_STRUCTURAL, CATPROY_HAS_CROWN, XID_CATCIR_CODE, XID_CATPRODTRO_CODE, CATPROY_LEAF_NAME, XID_CATCTIPPRO_CODE, CATPROY_REFERENCE_TAG, CATPROY_HAS_LOGO, CATPROY_QUANTITY_X_PACKAGE, XID_CATCYPREFIJ_CODE, CATPROY_VALID_FROM, CATPROY_VALID_TO, CATPROY_CREATED_BY, CATPROY_UPDATED_BY, CATPROY_CREATED_AT, CATPROY_UPDATED_AT) VALUES (49, 'Base LogoSP 270x170x83 / Blanco  (Xp)', '3QL1W4-F110 (Xp)', 300, 3, 1, NULL, FALSE, 'W4', FALSE, FALSE, NULL, 121, NULL, 1, NULL, FALSE, NULL, NULL, NULL, NULL, NULL, NULL, NULL, NULL);
INSERT INTO CATPROY (XID_CATCLI_CODE, CATPROY_NAME, CATPROY_CODEGEN, CATPROY_GSM, XID_CATHOM_CODE, XID_CATCTAL_CODE, XID_CATCCACO3_CODE, CATPROY_AYD_PROCESS, XID_CATCOL_CODE, CATPROY_IS_STRUCTURAL, CATPROY_HAS_CROWN, XID_CATCIR_CODE, XID_CATPRODTRO_CODE, CATPROY_LEAF_NAME, XID_CATCTIPPRO_CODE, CATPROY_REFERENCE_TAG, CATPROY_HAS_LOGO, CATPROY_QUANTITY_X_PACKAGE, XID_CATCYPREFIJ_CODE, CATPROY_VALID_FROM, CATPROY_VALID_TO, CATPROY_CREATED_BY, CATPROY_UPDATED_BY, CATPROY_CREATED_AT, CATPROY_UPDATED_AT) VALUES (1, 'Caja PitaCava 382x260x98  (Xp)', '5QY4K-P035-F092 (Xp)', 500, 3, NULL, NULL, FALSE, 'Y4', FALSE, TRUE, 51, 101, NULL, 1, NULL, FALSE, NULL, NULL, NULL, NULL, NULL, NULL, NULL, NULL);
INSERT INTO CATPROY (XID_CATCLI_CODE, CATPROY_NAME, CATPROY_CODEGEN, CATPROY_GSM, XID_CATHOM_CODE, XID_CATCTAL_CODE, XID_CATCCACO3_CODE, CATPROY_AYD_PROCESS, XID_CATCOL_CODE, CATPROY_IS_STRUCTURAL, CATPROY_HAS_CROWN, XID_CATCIR_CODE, XID_CATPRODTRO_CODE, CATPROY_LEAF_NAME, XID_CATCTIPPRO_CODE, CATPROY_REFERENCE_TAG, CATPROY_HAS_LOGO, CATPROY_QUANTITY_X_PACKAGE, XID_CATCYPREFIJ_CODE, CATPROY_VALID_FROM, CATPROY_VALID_TO, CATPROY_CREATED_BY, CATPROY_UPDATED_BY, CATPROY_CREATED_AT, CATPROY_UPDATED_AT) VALUES (1, 'Caja PitaValley 382x260x98  (Xp)', '5QZ9K-P036-F092 (Xp)', 500, 3, NULL, NULL, FALSE, 'Z9', FALSE, TRUE, 52, 101, NULL, 1, NULL, FALSE, NULL, NULL, NULL, NULL, NULL, NULL, NULL, NULL);
INSERT INTO CATPROY (XID_CATCLI_CODE, CATPROY_NAME, CATPROY_CODEGEN, CATPROY_GSM, XID_CATHOM_CODE, XID_CATCTAL_CODE, XID_CATCCACO3_CODE, CATPROY_AYD_PROCESS, XID_CATCOL_CODE, CATPROY_IS_STRUCTURAL, CATPROY_HAS_CROWN, XID_CATCIR_CODE, XID_CATPRODTRO_CODE, CATPROY_LEAF_NAME, XID_CATCTIPPRO_CODE, CATPROY_REFERENCE_TAG, CATPROY_HAS_LOGO, CATPROY_QUANTITY_X_PACKAGE, XID_CATCYPREFIJ_CODE, CATPROY_VALID_FROM, CATPROY_VALID_TO, CATPROY_CREATED_BY, CATPROY_UPDATED_BY, CATPROY_CREATED_AT, CATPROY_UPDATED_AT) VALUES (1, 'Caja PitaGarden 382x260x98  (Xp)', '5QZ8K-P037-F092 (Xp)', 500, 3, NULL, NULL, FALSE, 'Z8', FALSE, TRUE, 53, 101, NULL, 1, NULL, FALSE, NULL, NULL, NULL, NULL, NULL, NULL, NULL, NULL);
INSERT INTO CATPROY (XID_CATCLI_CODE, CATPROY_NAME, CATPROY_CODEGEN, CATPROY_GSM, XID_CATHOM_CODE, XID_CATCTAL_CODE, XID_CATCCACO3_CODE, CATPROY_AYD_PROCESS, XID_CATCOL_CODE, CATPROY_IS_STRUCTURAL, CATPROY_HAS_CROWN, XID_CATCIR_CODE, XID_CATPRODTRO_CODE, CATPROY_LEAF_NAME, XID_CATCTIPPRO_CODE, CATPROY_REFERENCE_TAG, CATPROY_HAS_LOGO, CATPROY_QUANTITY_X_PACKAGE, XID_CATCYPREFIJ_CODE, CATPROY_VALID_FROM, CATPROY_VALID_TO, CATPROY_CREATED_BY, CATPROY_UPDATED_BY, CATPROY_CREATED_AT, CATPROY_UPDATED_AT) VALUES (1, 'Division Larga 3 espacios (acc F092) / Blanco  (Xp)', '3QL1W4-F093 (Xp)', 300, 3, 1, NULL, FALSE, 'W4', FALSE, FALSE, NULL, 102, NULL, 1, NULL, FALSE, NULL, NULL, NULL, NULL, NULL, NULL, NULL, NULL);
INSERT INTO CATPROY (XID_CATCLI_CODE, CATPROY_NAME, CATPROY_CODEGEN, CATPROY_GSM, XID_CATHOM_CODE, XID_CATCTAL_CODE, XID_CATCCACO3_CODE, CATPROY_AYD_PROCESS, XID_CATCOL_CODE, CATPROY_IS_STRUCTURAL, CATPROY_HAS_CROWN, XID_CATCIR_CODE, XID_CATPRODTRO_CODE, CATPROY_LEAF_NAME, XID_CATCTIPPRO_CODE, CATPROY_REFERENCE_TAG, CATPROY_HAS_LOGO, CATPROY_QUANTITY_X_PACKAGE, XID_CATCYPREFIJ_CODE, CATPROY_VALID_FROM, CATPROY_VALID_TO, CATPROY_CREATED_BY, CATPROY_UPDATED_BY, CATPROY_CREATED_AT, CATPROY_UPDATED_AT) VALUES (1, 'Division Larga 4 espacios  (acc F092) / Blanco  (Xp)', '3QL1W4-F094 (Xp)', 300, 3, 1, NULL, FALSE, 'W4', FALSE, FALSE, NULL, 103, NULL, 1, NULL, FALSE, NULL, NULL, NULL, NULL, NULL, NULL, NULL, NULL);
INSERT INTO CATPROY (XID_CATCLI_CODE, CATPROY_NAME, CATPROY_CODEGEN, CATPROY_GSM, XID_CATHOM_CODE, XID_CATCTAL_CODE, XID_CATCCACO3_CODE, CATPROY_AYD_PROCESS, XID_CATCOL_CODE, CATPROY_IS_STRUCTURAL, CATPROY_HAS_CROWN, XID_CATCIR_CODE, XID_CATPRODTRO_CODE, CATPROY_LEAF_NAME, XID_CATCTIPPRO_CODE, CATPROY_REFERENCE_TAG, CATPROY_HAS_LOGO, CATPROY_QUANTITY_X_PACKAGE, XID_CATCYPREFIJ_CODE, CATPROY_VALID_FROM, CATPROY_VALID_TO, CATPROY_CREATED_BY, CATPROY_UPDATED_BY, CATPROY_CREATED_AT, CATPROY_UPDATED_AT) VALUES (1, 'Division Corta  (acc F092) / Blanco  (Xp)', '3QL1W4-F095 (Xp)', 300, 3, 1, NULL, FALSE, 'W4', FALSE, FALSE, NULL, 104, NULL, 1, NULL, FALSE, NULL, NULL, NULL, NULL, NULL, NULL, NULL, NULL);
INSERT INTO CATPROY (XID_CATCLI_CODE, CATPROY_NAME, CATPROY_CODEGEN, CATPROY_GSM, XID_CATHOM_CODE, XID_CATCTAL_CODE, XID_CATCCACO3_CODE, CATPROY_AYD_PROCESS, XID_CATCOL_CODE, CATPROY_IS_STRUCTURAL, CATPROY_HAS_CROWN, XID_CATCIR_CODE, XID_CATPRODTRO_CODE, CATPROY_LEAF_NAME, XID_CATCTIPPRO_CODE, CATPROY_REFERENCE_TAG, CATPROY_HAS_LOGO, CATPROY_QUANTITY_X_PACKAGE, XID_CATCYPREFIJ_CODE, CATPROY_VALID_FROM, CATPROY_VALID_TO, CATPROY_CREATED_BY, CATPROY_UPDATED_BY, CATPROY_CREATED_AT, CATPROY_UPDATED_AT) VALUES (29, 'Bandeja doble tapa 389x284x133 / Blanco ', '5QW1-F087', 500, 3, NULL, NULL, FALSE, 'W1', FALSE, FALSE, NULL, 96, NULL, 2, NULL, FALSE, NULL, NULL, NULL, NULL, NULL, NULL, NULL, NULL);
INSERT INTO CATPROY (XID_CATCLI_CODE, CATPROY_NAME, CATPROY_CODEGEN, CATPROY_GSM, XID_CATHOM_CODE, XID_CATCTAL_CODE, XID_CATCCACO3_CODE, CATPROY_AYD_PROCESS, XID_CATCOL_CODE, CATPROY_IS_STRUCTURAL, CATPROY_HAS_CROWN, XID_CATCIR_CODE, XID_CATPRODTRO_CODE, CATPROY_LEAF_NAME, XID_CATCTIPPRO_CODE, CATPROY_REFERENCE_TAG, CATPROY_HAS_LOGO, CATPROY_QUANTITY_X_PACKAGE, XID_CATCYPREFIJ_CODE, CATPROY_VALID_FROM, CATPROY_VALID_TO, CATPROY_CREATED_BY, CATPROY_UPDATED_BY, CATPROY_CREATED_AT, CATPROY_UPDATED_AT) VALUES (18, 'Bandeja Perf 262x167x79 / Blanco  (Xp)', '3QL1W4-F105B (Xp)', 300, 3, 1, NULL, FALSE, 'W4', FALSE, FALSE, NULL, 116, NULL, 1, NULL, FALSE, 150, NULL, NULL, NULL, NULL, NULL, NULL, NULL);
INSERT INTO CATPROY (XID_CATCLI_CODE, CATPROY_NAME, CATPROY_CODEGEN, CATPROY_GSM, XID_CATHOM_CODE, XID_CATCTAL_CODE, XID_CATCCACO3_CODE, CATPROY_AYD_PROCESS, XID_CATCOL_CODE, CATPROY_IS_STRUCTURAL, CATPROY_HAS_CROWN, XID_CATCIR_CODE, XID_CATPRODTRO_CODE, CATPROY_LEAF_NAME, XID_CATCTIPPRO_CODE, CATPROY_REFERENCE_TAG, CATPROY_HAS_LOGO, CATPROY_QUANTITY_X_PACKAGE, XID_CATCYPREFIJ_CODE, CATPROY_VALID_FROM, CATPROY_VALID_TO, CATPROY_CREATED_BY, CATPROY_UPDATED_BY, CATPROY_CREATED_AT, CATPROY_UPDATED_AT) VALUES (42, 'Trapezoidal 5kg - Gourmet (PRGM) ', '6QB2K-P056-F042', 600, 3, NULL, NULL, FALSE, 'B2', FALSE, TRUE, 74, 44, NULL, 2, NULL, FALSE, NULL, NULL, NULL, NULL, NULL, NULL, NULL, NULL);
INSERT INTO CATPROY (XID_CATCLI_CODE, CATPROY_NAME, CATPROY_CODEGEN, CATPROY_GSM, XID_CATHOM_CODE, XID_CATCTAL_CODE, XID_CATCCACO3_CODE, CATPROY_AYD_PROCESS, XID_CATCOL_CODE, CATPROY_IS_STRUCTURAL, CATPROY_HAS_CROWN, XID_CATCIR_CODE, XID_CATPRODTRO_CODE, CATPROY_LEAF_NAME, XID_CATCTIPPRO_CODE, CATPROY_REFERENCE_TAG, CATPROY_HAS_LOGO, CATPROY_QUANTITY_X_PACKAGE, XID_CATCYPREFIJ_CODE, CATPROY_VALID_FROM, CATPROY_VALID_TO, CATPROY_CREATED_BY, CATPROY_UPDATED_BY, CATPROY_CREATED_AT, CATPROY_UPDATED_AT) VALUES (42, 'Cuerpo Trapezoidal 28lbs - Gourmet (PRGM) ', '7QB2K-P054-F112', 670, 3, NULL, NULL, FALSE, 'B2', FALSE, TRUE, 72, 123, NULL, 2, NULL, FALSE, 50, NULL, NULL, NULL, NULL, NULL, NULL, NULL);
INSERT INTO CATPROY (XID_CATCLI_CODE, CATPROY_NAME, CATPROY_CODEGEN, CATPROY_GSM, XID_CATHOM_CODE, XID_CATCTAL_CODE, XID_CATCCACO3_CODE, CATPROY_AYD_PROCESS, XID_CATCOL_CODE, CATPROY_IS_STRUCTURAL, CATPROY_HAS_CROWN, XID_CATCIR_CODE, XID_CATPRODTRO_CODE, CATPROY_LEAF_NAME, XID_CATCTIPPRO_CODE, CATPROY_REFERENCE_TAG, CATPROY_HAS_LOGO, CATPROY_QUANTITY_X_PACKAGE, XID_CATCYPREFIJ_CODE, CATPROY_VALID_FROM, CATPROY_VALID_TO, CATPROY_CREATED_BY, CATPROY_UPDATED_BY, CATPROY_CREATED_AT, CATPROY_UPDATED_AT) VALUES (42, 'Base Trapezoidal 28lbs - Gourmet (PRGM) ', '6QB2K-P055-F113', 620, 3, NULL, NULL, FALSE, 'B2', FALSE, TRUE, 73, 124, NULL, 2, NULL, FALSE, 50, NULL, NULL, NULL, NULL, NULL, NULL, NULL);
INSERT INTO CATPROY (XID_CATCLI_CODE, CATPROY_NAME, CATPROY_CODEGEN, CATPROY_GSM, XID_CATHOM_CODE, XID_CATCTAL_CODE, XID_CATCCACO3_CODE, CATPROY_AYD_PROCESS, XID_CATCOL_CODE, CATPROY_IS_STRUCTURAL, CATPROY_HAS_CROWN, XID_CATCIR_CODE, XID_CATPRODTRO_CODE, CATPROY_LEAF_NAME, XID_CATCTIPPRO_CODE, CATPROY_REFERENCE_TAG, CATPROY_HAS_LOGO, CATPROY_QUANTITY_X_PACKAGE, XID_CATCYPREFIJ_CODE, CATPROY_VALID_FROM, CATPROY_VALID_TO, CATPROY_CREATED_BY, CATPROY_UPDATED_BY, CATPROY_CREATED_AT, CATPROY_UPDATED_AT) VALUES (36, 'Base Llena 270x170x83 / Blanco  (Xp)', '3QL1W4-F040 (Xp)', 300, 3, 1, NULL, FALSE, 'W4', FALSE, FALSE, NULL, 42, NULL, 1, NULL, FALSE, 165, NULL, NULL, NULL, NULL, NULL, NULL, NULL);
INSERT INTO CATPROY (XID_CATCLI_CODE, CATPROY_NAME, CATPROY_CODEGEN, CATPROY_GSM, XID_CATHOM_CODE, XID_CATCTAL_CODE, XID_CATCCACO3_CODE, CATPROY_AYD_PROCESS, XID_CATCOL_CODE, CATPROY_IS_STRUCTURAL, CATPROY_HAS_CROWN, XID_CATCIR_CODE, XID_CATPRODTRO_CODE, CATPROY_LEAF_NAME, XID_CATCTIPPRO_CODE, CATPROY_REFERENCE_TAG, CATPROY_HAS_LOGO, CATPROY_QUANTITY_X_PACKAGE, XID_CATCYPREFIJ_CODE, CATPROY_VALID_FROM, CATPROY_VALID_TO, CATPROY_CREATED_BY, CATPROY_UPDATED_BY, CATPROY_CREATED_AT, CATPROY_UPDATED_AT) VALUES (45, 'Bandeja 0.6 kg / Naranja  (Xp)', '3QL1R7-F102 (Xp)', 300, 3, 1, NULL, FALSE, 'R7', FALSE, FALSE, NULL, 112, NULL, 1, NULL, FALSE, 150, NULL, NULL, NULL, NULL, NULL, NULL, NULL);
INSERT INTO CATPROY (XID_CATCLI_CODE, CATPROY_NAME, CATPROY_CODEGEN, CATPROY_GSM, XID_CATHOM_CODE, XID_CATCTAL_CODE, XID_CATCCACO3_CODE, CATPROY_AYD_PROCESS, XID_CATCOL_CODE, CATPROY_IS_STRUCTURAL, CATPROY_HAS_CROWN, XID_CATCIR_CODE, XID_CATPRODTRO_CODE, CATPROY_LEAF_NAME, XID_CATCTIPPRO_CODE, CATPROY_REFERENCE_TAG, CATPROY_HAS_LOGO, CATPROY_QUANTITY_X_PACKAGE, XID_CATCYPREFIJ_CODE, CATPROY_VALID_FROM, CATPROY_VALID_TO, CATPROY_CREATED_BY, CATPROY_UPDATED_BY, CATPROY_CREATED_AT, CATPROY_UPDATED_AT) VALUES (45, 'Bandeja 0.6 kg / Blanco  (Xp)', '3QL1W4-F102 (Xp)', 300, 3, 1, NULL, FALSE, 'W4', FALSE, FALSE, NULL, 112, NULL, 1, NULL, FALSE, 150, NULL, NULL, NULL, NULL, NULL, NULL, NULL);
INSERT INTO CATPROY (XID_CATCLI_CODE, CATPROY_NAME, CATPROY_CODEGEN, CATPROY_GSM, XID_CATHOM_CODE, XID_CATCTAL_CODE, XID_CATCCACO3_CODE, CATPROY_AYD_PROCESS, XID_CATCOL_CODE, CATPROY_IS_STRUCTURAL, CATPROY_HAS_CROWN, XID_CATCIR_CODE, XID_CATPRODTRO_CODE, CATPROY_LEAF_NAME, XID_CATCTIPPRO_CODE, CATPROY_REFERENCE_TAG, CATPROY_HAS_LOGO, CATPROY_QUANTITY_X_PACKAGE, XID_CATCYPREFIJ_CODE, CATPROY_VALID_FROM, CATPROY_VALID_TO, CATPROY_CREATED_BY, CATPROY_UPDATED_BY, CATPROY_CREATED_AT, CATPROY_UPDATED_AT) VALUES (14, 'Trap. 5kg - F. Asparagus (F.Blanco)  (Xp)', '6QW1K-P057-F042 (Xp)', 600, 3, NULL, NULL, FALSE, 'W1', FALSE, TRUE, 75, 44, NULL, 1, NULL, FALSE, NULL, NULL, NULL, NULL, NULL, NULL, NULL, NULL);
INSERT INTO CATPROY (XID_CATCLI_CODE, CATPROY_NAME, CATPROY_CODEGEN, CATPROY_GSM, XID_CATHOM_CODE, XID_CATCTAL_CODE, XID_CATCCACO3_CODE, CATPROY_AYD_PROCESS, XID_CATCOL_CODE, CATPROY_IS_STRUCTURAL, CATPROY_HAS_CROWN, XID_CATCIR_CODE, XID_CATPRODTRO_CODE, CATPROY_LEAF_NAME, XID_CATCTIPPRO_CODE, CATPROY_REFERENCE_TAG, CATPROY_HAS_LOGO, CATPROY_QUANTITY_X_PACKAGE, XID_CATCYPREFIJ_CODE, CATPROY_VALID_FROM, CATPROY_VALID_TO, CATPROY_CREATED_BY, CATPROY_UPDATED_BY, CATPROY_CREATED_AT, CATPROY_UPDATED_AT) VALUES (43, 'HellyBox ', '5QB2K-P063-F082', 500, 3, NULL, NULL, FALSE, 'B2', FALSE, TRUE, 87, 91, NULL, 2, NULL, FALSE, 50, NULL, NULL, NULL, NULL, NULL, NULL, NULL);
INSERT INTO CATPROY (XID_CATCLI_CODE, CATPROY_NAME, CATPROY_CODEGEN, CATPROY_GSM, XID_CATHOM_CODE, XID_CATCTAL_CODE, XID_CATCCACO3_CODE, CATPROY_AYD_PROCESS, XID_CATCOL_CODE, CATPROY_IS_STRUCTURAL, CATPROY_HAS_CROWN, XID_CATCIR_CODE, XID_CATPRODTRO_CODE, CATPROY_LEAF_NAME, XID_CATCTIPPRO_CODE, CATPROY_REFERENCE_TAG, CATPROY_HAS_LOGO, CATPROY_QUANTITY_X_PACKAGE, XID_CATCYPREFIJ_CODE, CATPROY_VALID_FROM, CATPROY_VALID_TO, CATPROY_CREATED_BY, CATPROY_UPDATED_BY, CATPROY_CREATED_AT, CATPROY_UPDATED_AT) VALUES (19, 'Bandeja Perforada 4kg 350x278x85 / Blanco ', '3QL1W4-F115', 300, 3, 1, NULL, FALSE, 'W4', FALSE, FALSE, NULL, 126, NULL, 2, NULL, FALSE, 100, NULL, NULL, NULL, NULL, NULL, NULL, NULL);
INSERT INTO CATPROY (XID_CATCLI_CODE, CATPROY_NAME, CATPROY_CODEGEN, CATPROY_GSM, XID_CATHOM_CODE, XID_CATCTAL_CODE, XID_CATCCACO3_CODE, CATPROY_AYD_PROCESS, XID_CATCOL_CODE, CATPROY_IS_STRUCTURAL, CATPROY_HAS_CROWN, XID_CATCIR_CODE, XID_CATPRODTRO_CODE, CATPROY_LEAF_NAME, XID_CATCTIPPRO_CODE, CATPROY_REFERENCE_TAG, CATPROY_HAS_LOGO, CATPROY_QUANTITY_X_PACKAGE, XID_CATCYPREFIJ_CODE, CATPROY_VALID_FROM, CATPROY_VALID_TO, CATPROY_CREATED_BY, CATPROY_UPDATED_BY, CATPROY_CREATED_AT, CATPROY_UPDATED_AT) VALUES (19, 'Base Llena 270x170x83 / Blanco ', '3QL1W4-F040', 300, 3, 1, NULL, FALSE, 'W4', FALSE, FALSE, NULL, 42, NULL, 2, NULL, FALSE, 150, NULL, NULL, NULL, NULL, NULL, NULL, NULL);
INSERT INTO CATPROY (XID_CATCLI_CODE, CATPROY_NAME, CATPROY_CODEGEN, CATPROY_GSM, XID_CATHOM_CODE, XID_CATCTAL_CODE, XID_CATCCACO3_CODE, CATPROY_AYD_PROCESS, XID_CATCOL_CODE, CATPROY_IS_STRUCTURAL, CATPROY_HAS_CROWN, XID_CATCIR_CODE, XID_CATPRODTRO_CODE, CATPROY_LEAF_NAME, XID_CATCTIPPRO_CODE, CATPROY_REFERENCE_TAG, CATPROY_HAS_LOGO, CATPROY_QUANTITY_X_PACKAGE, XID_CATCYPREFIJ_CODE, CATPROY_VALID_FROM, CATPROY_VALID_TO, CATPROY_CREATED_BY, CATPROY_UPDATED_BY, CATPROY_CREATED_AT, CATPROY_UPDATED_AT) VALUES (45, 'Bandeja Perf. 381x267x127 (Arm. Maq.) / Blanco ', '6QW1-F114', 550, 3, NULL, NULL, FALSE, 'W1', FALSE, FALSE, NULL, 125, NULL, 2, NULL, FALSE, NULL, NULL, NULL, NULL, NULL, NULL, NULL, NULL);
INSERT INTO CATPROY (XID_CATCLI_CODE, CATPROY_NAME, CATPROY_CODEGEN, CATPROY_GSM, XID_CATHOM_CODE, XID_CATCTAL_CODE, XID_CATCCACO3_CODE, CATPROY_AYD_PROCESS, XID_CATCOL_CODE, CATPROY_IS_STRUCTURAL, CATPROY_HAS_CROWN, XID_CATCIR_CODE, XID_CATPRODTRO_CODE, CATPROY_LEAF_NAME, XID_CATCTIPPRO_CODE, CATPROY_REFERENCE_TAG, CATPROY_HAS_LOGO, CATPROY_QUANTITY_X_PACKAGE, XID_CATCYPREFIJ_CODE, CATPROY_VALID_FROM, CATPROY_VALID_TO, CATPROY_CREATED_BY, CATPROY_UPDATED_BY, CATPROY_CREATED_AT, CATPROY_UPDATED_AT) VALUES (51, 'DragonFruit Tradsy ', '5QB2K-P058-F082', 500, 3, NULL, NULL, FALSE, 'B2', FALSE, TRUE, 76, 91, NULL, 2, NULL, FALSE, 50, NULL, NULL, NULL, NULL, NULL, NULL, NULL);
INSERT INTO CATPROY (XID_CATCLI_CODE, CATPROY_NAME, CATPROY_CODEGEN, CATPROY_GSM, XID_CATHOM_CODE, XID_CATCTAL_CODE, XID_CATCCACO3_CODE, CATPROY_AYD_PROCESS, XID_CATCOL_CODE, CATPROY_IS_STRUCTURAL, CATPROY_HAS_CROWN, XID_CATCIR_CODE, XID_CATPRODTRO_CODE, CATPROY_LEAF_NAME, XID_CATCTIPPRO_CODE, CATPROY_REFERENCE_TAG, CATPROY_HAS_LOGO, CATPROY_QUANTITY_X_PACKAGE, XID_CATCYPREFIJ_CODE, CATPROY_VALID_FROM, CATPROY_VALID_TO, CATPROY_CREATED_BY, CATPROY_UPDATED_BY, CATPROY_CREATED_AT, CATPROY_UPDATED_AT) VALUES (49, 'Bandeja Perforada 310x230x90 / Blanco ', '5QW1-F030', 500, 3, NULL, NULL, FALSE, 'W1', FALSE, FALSE, NULL, 32, NULL, 2, NULL, FALSE, NULL, NULL, NULL, NULL, NULL, NULL, NULL, NULL);
INSERT INTO CATPROY (XID_CATCLI_CODE, CATPROY_NAME, CATPROY_CODEGEN, CATPROY_GSM, XID_CATHOM_CODE, XID_CATCTAL_CODE, XID_CATCCACO3_CODE, CATPROY_AYD_PROCESS, XID_CATCOL_CODE, CATPROY_IS_STRUCTURAL, CATPROY_HAS_CROWN, XID_CATCIR_CODE, XID_CATPRODTRO_CODE, CATPROY_LEAF_NAME, XID_CATCTIPPRO_CODE, CATPROY_REFERENCE_TAG, CATPROY_HAS_LOGO, CATPROY_QUANTITY_X_PACKAGE, XID_CATCYPREFIJ_CODE, CATPROY_VALID_FROM, CATPROY_VALID_TO, CATPROY_CREATED_BY, CATPROY_UPDATED_BY, CATPROY_CREATED_AT, CATPROY_UPDATED_AT) VALUES (33, 'Base BQ - Inicio ', '6QW3K-P060-F116', 600, 3, NULL, NULL, FALSE, 'W3', FALSE, TRUE, 78, 127, NULL, 2, NULL, FALSE, NULL, NULL, NULL, NULL, NULL, NULL, NULL, NULL);
INSERT INTO CATPROY (XID_CATCLI_CODE, CATPROY_NAME, CATPROY_CODEGEN, CATPROY_GSM, XID_CATHOM_CODE, XID_CATCTAL_CODE, XID_CATCCACO3_CODE, CATPROY_AYD_PROCESS, XID_CATCOL_CODE, CATPROY_IS_STRUCTURAL, CATPROY_HAS_CROWN, XID_CATCIR_CODE, XID_CATPRODTRO_CODE, CATPROY_LEAF_NAME, XID_CATCTIPPRO_CODE, CATPROY_REFERENCE_TAG, CATPROY_HAS_LOGO, CATPROY_QUANTITY_X_PACKAGE, XID_CATCYPREFIJ_CODE, CATPROY_VALID_FROM, CATPROY_VALID_TO, CATPROY_CREATED_BY, CATPROY_UPDATED_BY, CATPROY_CREATED_AT, CATPROY_UPDATED_AT) VALUES (33, 'Tapa BQ - Flechas ', '6QW3K-P061-F117', 600, 3, NULL, NULL, FALSE, 'W3', FALSE, TRUE, 79, 128, NULL, 2, NULL, FALSE, NULL, NULL, NULL, NULL, NULL, NULL, NULL, NULL);
INSERT INTO CATPROY (XID_CATCLI_CODE, CATPROY_NAME, CATPROY_CODEGEN, CATPROY_GSM, XID_CATHOM_CODE, XID_CATCTAL_CODE, XID_CATCCACO3_CODE, CATPROY_AYD_PROCESS, XID_CATCOL_CODE, CATPROY_IS_STRUCTURAL, CATPROY_HAS_CROWN, XID_CATCIR_CODE, XID_CATPRODTRO_CODE, CATPROY_LEAF_NAME, XID_CATCTIPPRO_CODE, CATPROY_REFERENCE_TAG, CATPROY_HAS_LOGO, CATPROY_QUANTITY_X_PACKAGE, XID_CATCYPREFIJ_CODE, CATPROY_VALID_FROM, CATPROY_VALID_TO, CATPROY_CREATED_BY, CATPROY_UPDATED_BY, CATPROY_CREATED_AT, CATPROY_UPDATED_AT) VALUES (33, 'Separador BQ 623x44x41 / Blanco ', '6QW3-F118', 600, 3, NULL, NULL, FALSE, 'W3', FALSE, FALSE, NULL, 129, NULL, 2, NULL, FALSE, NULL, NULL, NULL, NULL, NULL, NULL, NULL, NULL);
INSERT INTO CATPROY (XID_CATCLI_CODE, CATPROY_NAME, CATPROY_CODEGEN, CATPROY_GSM, XID_CATHOM_CODE, XID_CATCTAL_CODE, XID_CATCCACO3_CODE, CATPROY_AYD_PROCESS, XID_CATCOL_CODE, CATPROY_IS_STRUCTURAL, CATPROY_HAS_CROWN, XID_CATCIR_CODE, XID_CATPRODTRO_CODE, CATPROY_LEAF_NAME, XID_CATCTIPPRO_CODE, CATPROY_REFERENCE_TAG, CATPROY_HAS_LOGO, CATPROY_QUANTITY_X_PACKAGE, XID_CATCYPREFIJ_CODE, CATPROY_VALID_FROM, CATPROY_VALID_TO, CATPROY_CREATED_BY, CATPROY_UPDATED_BY, CATPROY_CREATED_AT, CATPROY_UPDATED_AT) VALUES (52, 'Caja Perf 367x245x92 / Negro ', '5QB2-F082', 500, 3, NULL, NULL, FALSE, 'B2', FALSE, FALSE, NULL, 91, NULL, 2, NULL, FALSE, 50, NULL, NULL, NULL, NULL, NULL, NULL, NULL);
INSERT INTO CATPROY (XID_CATCLI_CODE, CATPROY_NAME, CATPROY_CODEGEN, CATPROY_GSM, XID_CATHOM_CODE, XID_CATCTAL_CODE, XID_CATCCACO3_CODE, CATPROY_AYD_PROCESS, XID_CATCOL_CODE, CATPROY_IS_STRUCTURAL, CATPROY_HAS_CROWN, XID_CATCIR_CODE, XID_CATPRODTRO_CODE, CATPROY_LEAF_NAME, XID_CATCTIPPRO_CODE, CATPROY_REFERENCE_TAG, CATPROY_HAS_LOGO, CATPROY_QUANTITY_X_PACKAGE, XID_CATCYPREFIJ_CODE, CATPROY_VALID_FROM, CATPROY_VALID_TO, CATPROY_CREATED_BY, CATPROY_UPDATED_BY, CATPROY_CREATED_AT, CATPROY_UPDATED_AT) VALUES (52, 'Caja Perf 367x245x92 / Blanco ', '5QW1-F082', 500, 3, NULL, NULL, FALSE, 'W1', FALSE, FALSE, NULL, 91, NULL, 2, NULL, FALSE, 50, NULL, NULL, NULL, NULL, NULL, NULL, NULL);
INSERT INTO CATPROY (XID_CATCLI_CODE, CATPROY_NAME, CATPROY_CODEGEN, CATPROY_GSM, XID_CATHOM_CODE, XID_CATCTAL_CODE, XID_CATCCACO3_CODE, CATPROY_AYD_PROCESS, XID_CATCOL_CODE, CATPROY_IS_STRUCTURAL, CATPROY_HAS_CROWN, XID_CATCIR_CODE, XID_CATPRODTRO_CODE, CATPROY_LEAF_NAME, XID_CATCTIPPRO_CODE, CATPROY_REFERENCE_TAG, CATPROY_HAS_LOGO, CATPROY_QUANTITY_X_PACKAGE, XID_CATCYPREFIJ_CODE, CATPROY_VALID_FROM, CATPROY_VALID_TO, CATPROY_CREATED_BY, CATPROY_UPDATED_BY, CATPROY_CREATED_AT, CATPROY_UPDATED_AT) VALUES (52, 'Bandeja pitahaya apilable 367x245x102 / Negro ', '6QB2-F090', 600, 3, NULL, NULL, FALSE, 'B2', FALSE, FALSE, NULL, 99, NULL, 2, NULL, FALSE, 50, NULL, NULL, NULL, NULL, NULL, NULL, NULL);
INSERT INTO CATPROY (XID_CATCLI_CODE, CATPROY_NAME, CATPROY_CODEGEN, CATPROY_GSM, XID_CATHOM_CODE, XID_CATCTAL_CODE, XID_CATCCACO3_CODE, CATPROY_AYD_PROCESS, XID_CATCOL_CODE, CATPROY_IS_STRUCTURAL, CATPROY_HAS_CROWN, XID_CATCIR_CODE, XID_CATPRODTRO_CODE, CATPROY_LEAF_NAME, XID_CATCTIPPRO_CODE, CATPROY_REFERENCE_TAG, CATPROY_HAS_LOGO, CATPROY_QUANTITY_X_PACKAGE, XID_CATCYPREFIJ_CODE, CATPROY_VALID_FROM, CATPROY_VALID_TO, CATPROY_CREATED_BY, CATPROY_UPDATED_BY, CATPROY_CREATED_AT, CATPROY_UPDATED_AT) VALUES (52, 'Bandeja pitahaya apilable 367x245x102 / Blanco ', '6QW1-F090', 600, 3, NULL, NULL, FALSE, 'W1', FALSE, FALSE, NULL, 99, NULL, 2, NULL, FALSE, 50, NULL, NULL, NULL, NULL, NULL, NULL, NULL);
INSERT INTO CATPROY (XID_CATCLI_CODE, CATPROY_NAME, CATPROY_CODEGEN, CATPROY_GSM, XID_CATHOM_CODE, XID_CATCTAL_CODE, XID_CATCCACO3_CODE, CATPROY_AYD_PROCESS, XID_CATCOL_CODE, CATPROY_IS_STRUCTURAL, CATPROY_HAS_CROWN, XID_CATCIR_CODE, XID_CATPRODTRO_CODE, CATPROY_LEAF_NAME, XID_CATCTIPPRO_CODE, CATPROY_REFERENCE_TAG, CATPROY_HAS_LOGO, CATPROY_QUANTITY_X_PACKAGE, XID_CATCYPREFIJ_CODE, CATPROY_VALID_FROM, CATPROY_VALID_TO, CATPROY_CREATED_BY, CATPROY_UPDATED_BY, CATPROY_CREATED_AT, CATPROY_UPDATED_AT) VALUES (3, 'Premium Paradise Fruit ', '5QW1K-P064-F082', 500, 3, NULL, NULL, FALSE, 'W1', FALSE, TRUE, 89, 91, NULL, 2, NULL, FALSE, 50, NULL, NULL, NULL, NULL, NULL, NULL, NULL);
INSERT INTO CATPROY (XID_CATCLI_CODE, CATPROY_NAME, CATPROY_CODEGEN, CATPROY_GSM, XID_CATHOM_CODE, XID_CATCTAL_CODE, XID_CATCCACO3_CODE, CATPROY_AYD_PROCESS, XID_CATCOL_CODE, CATPROY_IS_STRUCTURAL, CATPROY_HAS_CROWN, XID_CATCIR_CODE, XID_CATPRODTRO_CODE, CATPROY_LEAF_NAME, XID_CATCTIPPRO_CODE, CATPROY_REFERENCE_TAG, CATPROY_HAS_LOGO, CATPROY_QUANTITY_X_PACKAGE, XID_CATCYPREFIJ_CODE, CATPROY_VALID_FROM, CATPROY_VALID_TO, CATPROY_CREATED_BY, CATPROY_UPDATED_BY, CATPROY_CREATED_AT, CATPROY_UPDATED_AT) VALUES (37, 'LuckyLove de 2.0 a 3.0kg ', '5QB2K-P065-F062', 500, 3, NULL, NULL, FALSE, 'B2', FALSE, TRUE, 90, 65, NULL, 2, NULL, FALSE, NULL, NULL, NULL, NULL, NULL, NULL, NULL, NULL);
INSERT INTO CATPROY (XID_CATCLI_CODE, CATPROY_NAME, CATPROY_CODEGEN, CATPROY_GSM, XID_CATHOM_CODE, XID_CATCTAL_CODE, XID_CATCCACO3_CODE, CATPROY_AYD_PROCESS, XID_CATCOL_CODE, CATPROY_IS_STRUCTURAL, CATPROY_HAS_CROWN, XID_CATCIR_CODE, XID_CATPRODTRO_CODE, CATPROY_LEAF_NAME, XID_CATCTIPPRO_CODE, CATPROY_REFERENCE_TAG, CATPROY_HAS_LOGO, CATPROY_QUANTITY_X_PACKAGE, XID_CATCYPREFIJ_CODE, CATPROY_VALID_FROM, CATPROY_VALID_TO, CATPROY_CREATED_BY, CATPROY_UPDATED_BY, CATPROY_CREATED_AT, CATPROY_UPDATED_AT) VALUES (5, 'Golden Brothers 10lbs ', '6QR9K-P066-F119', 550, 3, NULL, NULL, FALSE, 'R9', FALSE, TRUE, 91, 130, NULL, 2, NULL, FALSE, 50, NULL, NULL, NULL, NULL, NULL, NULL, NULL);
INSERT INTO CATPROY (XID_CATCLI_CODE, CATPROY_NAME, CATPROY_CODEGEN, CATPROY_GSM, XID_CATHOM_CODE, XID_CATCTAL_CODE, XID_CATCCACO3_CODE, CATPROY_AYD_PROCESS, XID_CATCOL_CODE, CATPROY_IS_STRUCTURAL, CATPROY_HAS_CROWN, XID_CATCIR_CODE, XID_CATPRODTRO_CODE, CATPROY_LEAF_NAME, XID_CATCTIPPRO_CODE, CATPROY_REFERENCE_TAG, CATPROY_HAS_LOGO, CATPROY_QUANTITY_X_PACKAGE, XID_CATCYPREFIJ_CODE, CATPROY_VALID_FROM, CATPROY_VALID_TO, CATPROY_CREATED_BY, CATPROY_UPDATED_BY, CATPROY_CREATED_AT, CATPROY_UPDATED_AT) VALUES (28, 'Aneamu Fruit 10lbs ', '6QY5K-P067-F119', 600, 3, NULL, NULL, FALSE, 'Y5', FALSE, TRUE, 92, 130, NULL, 2, NULL, FALSE, 50, NULL, NULL, NULL, NULL, NULL, NULL, NULL);
INSERT INTO CATPROY (XID_CATCLI_CODE, CATPROY_NAME, CATPROY_CODEGEN, CATPROY_GSM, XID_CATHOM_CODE, XID_CATCTAL_CODE, XID_CATCCACO3_CODE, CATPROY_AYD_PROCESS, XID_CATCOL_CODE, CATPROY_IS_STRUCTURAL, CATPROY_HAS_CROWN, XID_CATCIR_CODE, XID_CATPRODTRO_CODE, CATPROY_LEAF_NAME, XID_CATCTIPPRO_CODE, CATPROY_REFERENCE_TAG, CATPROY_HAS_LOGO, CATPROY_QUANTITY_X_PACKAGE, XID_CATCYPREFIJ_CODE, CATPROY_VALID_FROM, CATPROY_VALID_TO, CATPROY_CREATED_BY, CATPROY_UPDATED_BY, CATPROY_CREATED_AT, CATPROY_UPDATED_AT) VALUES (52, 'Caja 10lbs 423x252x136 / Blanco ', '6QW1-F119', 550, 3, NULL, NULL, FALSE, 'W1', FALSE, FALSE, NULL, 130, NULL, 2, NULL, FALSE, 50, NULL, NULL, NULL, NULL, NULL, NULL, NULL);
INSERT INTO CATPROY (XID_CATCLI_CODE, CATPROY_NAME, CATPROY_CODEGEN, CATPROY_GSM, XID_CATHOM_CODE, XID_CATCTAL_CODE, XID_CATCCACO3_CODE, CATPROY_AYD_PROCESS, XID_CATCOL_CODE, CATPROY_IS_STRUCTURAL, CATPROY_HAS_CROWN, XID_CATCIR_CODE, XID_CATPRODTRO_CODE, CATPROY_LEAF_NAME, XID_CATCTIPPRO_CODE, CATPROY_REFERENCE_TAG, CATPROY_HAS_LOGO, CATPROY_QUANTITY_X_PACKAGE, XID_CATCYPREFIJ_CODE, CATPROY_VALID_FROM, CATPROY_VALID_TO, CATPROY_CREATED_BY, CATPROY_UPDATED_BY, CATPROY_CREATED_AT, CATPROY_UPDATED_AT) VALUES (52, 'Caja 10lbs 423x252x136 / Rojo ', '6QR9-F119', 550, 3, NULL, NULL, FALSE, 'R9', FALSE, FALSE, NULL, 130, NULL, 2, NULL, FALSE, 50, NULL, NULL, NULL, NULL, NULL, NULL, NULL);
INSERT INTO CATPROY (XID_CATCLI_CODE, CATPROY_NAME, CATPROY_CODEGEN, CATPROY_GSM, XID_CATHOM_CODE, XID_CATCTAL_CODE, XID_CATCCACO3_CODE, CATPROY_AYD_PROCESS, XID_CATCOL_CODE, CATPROY_IS_STRUCTURAL, CATPROY_HAS_CROWN, XID_CATCIR_CODE, XID_CATPRODTRO_CODE, CATPROY_LEAF_NAME, XID_CATCTIPPRO_CODE, CATPROY_REFERENCE_TAG, CATPROY_HAS_LOGO, CATPROY_QUANTITY_X_PACKAGE, XID_CATCYPREFIJ_CODE, CATPROY_VALID_FROM, CATPROY_VALID_TO, CATPROY_CREATED_BY, CATPROY_UPDATED_BY, CATPROY_CREATED_AT, CATPROY_UPDATED_AT) VALUES (52, 'Caja 10lbs 423x252x136 / Negro ', '6QB2-F119', 550, 3, NULL, NULL, FALSE, 'B2', FALSE, FALSE, NULL, 130, NULL, 2, NULL, FALSE, 50, NULL, NULL, NULL, NULL, NULL, NULL, NULL);
INSERT INTO CATPROY (XID_CATCLI_CODE, CATPROY_NAME, CATPROY_CODEGEN, CATPROY_GSM, XID_CATHOM_CODE, XID_CATCTAL_CODE, XID_CATCCACO3_CODE, CATPROY_AYD_PROCESS, XID_CATCOL_CODE, CATPROY_IS_STRUCTURAL, CATPROY_HAS_CROWN, XID_CATCIR_CODE, XID_CATPRODTRO_CODE, CATPROY_LEAF_NAME, XID_CATCTIPPRO_CODE, CATPROY_REFERENCE_TAG, CATPROY_HAS_LOGO, CATPROY_QUANTITY_X_PACKAGE, XID_CATCYPREFIJ_CODE, CATPROY_VALID_FROM, CATPROY_VALID_TO, CATPROY_CREATED_BY, CATPROY_UPDATED_BY, CATPROY_CREATED_AT, CATPROY_UPDATED_AT) VALUES (28, 'Caja Aneamu 2.5Kg B ', '6QY5K-P031B-F120', 600, 3, NULL, NULL, FALSE, 'Y5', FALSE, TRUE, 44, 131, NULL, 2, NULL, FALSE, 50, NULL, NULL, NULL, NULL, NULL, NULL, NULL);
INSERT INTO CATPROY (XID_CATCLI_CODE, CATPROY_NAME, CATPROY_CODEGEN, CATPROY_GSM, XID_CATHOM_CODE, XID_CATCTAL_CODE, XID_CATCCACO3_CODE, CATPROY_AYD_PROCESS, XID_CATCOL_CODE, CATPROY_IS_STRUCTURAL, CATPROY_HAS_CROWN, XID_CATCIR_CODE, XID_CATPRODTRO_CODE, CATPROY_LEAF_NAME, XID_CATCTIPPRO_CODE, CATPROY_REFERENCE_TAG, CATPROY_HAS_LOGO, CATPROY_QUANTITY_X_PACKAGE, XID_CATCYPREFIJ_CODE, CATPROY_VALID_FROM, CATPROY_VALID_TO, CATPROY_CREATED_BY, CATPROY_UPDATED_BY, CATPROY_CREATED_AT, CATPROY_UPDATED_AT) VALUES (32, 'Lámina 2440x1000', '6QW1K-2440x1000', 600, 3, NULL, NULL, FALSE, 'W1', FALSE, TRUE, NULL, NULL, '2440x1000', 2, NULL, FALSE, NULL, NULL, NULL, NULL, NULL, NULL, NULL, NULL);
INSERT INTO CATPROY (XID_CATCLI_CODE, CATPROY_NAME, CATPROY_CODEGEN, CATPROY_GSM, XID_CATHOM_CODE, XID_CATCTAL_CODE, XID_CATCCACO3_CODE, CATPROY_AYD_PROCESS, XID_CATCOL_CODE, CATPROY_IS_STRUCTURAL, CATPROY_HAS_CROWN, XID_CATCIR_CODE, XID_CATPRODTRO_CODE, CATPROY_LEAF_NAME, XID_CATCTIPPRO_CODE, CATPROY_REFERENCE_TAG, CATPROY_HAS_LOGO, CATPROY_QUANTITY_X_PACKAGE, XID_CATCYPREFIJ_CODE, CATPROY_VALID_FROM, CATPROY_VALID_TO, CATPROY_CREATED_BY, CATPROY_UPDATED_BY, CATPROY_CREATED_AT, CATPROY_UPDATED_AT) VALUES (33, 'Tapa HQ - Flechas ', '8QW3K-P003f-F058', 800, 3, NULL, NULL, FALSE, 'W3', FALSE, TRUE, 13, 60, NULL, 2, NULL, FALSE, NULL, NULL, NULL, NULL, NULL, NULL, NULL, NULL);
INSERT INTO CATPROY (XID_CATCLI_CODE, CATPROY_NAME, CATPROY_CODEGEN, CATPROY_GSM, XID_CATHOM_CODE, XID_CATCTAL_CODE, XID_CATCCACO3_CODE, CATPROY_AYD_PROCESS, XID_CATCOL_CODE, CATPROY_IS_STRUCTURAL, CATPROY_HAS_CROWN, XID_CATCIR_CODE, XID_CATPRODTRO_CODE, CATPROY_LEAF_NAME, XID_CATCTIPPRO_CODE, CATPROY_REFERENCE_TAG, CATPROY_HAS_LOGO, CATPROY_QUANTITY_X_PACKAGE, XID_CATCYPREFIJ_CODE, CATPROY_VALID_FROM, CATPROY_VALID_TO, CATPROY_CREATED_BY, CATPROY_UPDATED_BY, CATPROY_CREATED_AT, CATPROY_UPDATED_AT) VALUES (33, 'Tapa NQ - Flechas ', '8QW3K-P002f-F055', 800, 3, NULL, NULL, FALSE, 'W3', FALSE, TRUE, 7, 57, NULL, 2, NULL, FALSE, NULL, NULL, NULL, NULL, NULL, NULL, NULL, NULL);
INSERT INTO CATPROY (XID_CATCLI_CODE, CATPROY_NAME, CATPROY_CODEGEN, CATPROY_GSM, XID_CATHOM_CODE, XID_CATCTAL_CODE, XID_CATCCACO3_CODE, CATPROY_AYD_PROCESS, XID_CATCOL_CODE, CATPROY_IS_STRUCTURAL, CATPROY_HAS_CROWN, XID_CATCIR_CODE, XID_CATPRODTRO_CODE, CATPROY_LEAF_NAME, XID_CATCTIPPRO_CODE, CATPROY_REFERENCE_TAG, CATPROY_HAS_LOGO, CATPROY_QUANTITY_X_PACKAGE, XID_CATCYPREFIJ_CODE, CATPROY_VALID_FROM, CATPROY_VALID_TO, CATPROY_CREATED_BY, CATPROY_UPDATED_BY, CATPROY_CREATED_AT, CATPROY_UPDATED_AT) VALUES (7, 'BILVIGO PP 367x245x102 ', '6QB2K-P068-F090', 600, 3, NULL, NULL, FALSE, 'B2', FALSE, TRUE, 93, 99, NULL, 2, NULL, FALSE, 50, NULL, NULL, NULL, NULL, NULL, NULL, NULL);
INSERT INTO CATPROY (XID_CATCLI_CODE, CATPROY_NAME, CATPROY_CODEGEN, CATPROY_GSM, XID_CATHOM_CODE, XID_CATCTAL_CODE, XID_CATCCACO3_CODE, CATPROY_AYD_PROCESS, XID_CATCOL_CODE, CATPROY_IS_STRUCTURAL, CATPROY_HAS_CROWN, XID_CATCIR_CODE, XID_CATPRODTRO_CODE, CATPROY_LEAF_NAME, XID_CATCTIPPRO_CODE, CATPROY_REFERENCE_TAG, CATPROY_HAS_LOGO, CATPROY_QUANTITY_X_PACKAGE, XID_CATCYPREFIJ_CODE, CATPROY_VALID_FROM, CATPROY_VALID_TO, CATPROY_CREATED_BY, CATPROY_UPDATED_BY, CATPROY_CREATED_AT, CATPROY_UPDATED_AT) VALUES (31, 'ONE GOLDEN DRAGON FRUIT ', '6QY4K-P069-F090', 600, 3, NULL, NULL, FALSE, 'Y4', FALSE, TRUE, 94, 99, NULL, 2, NULL, FALSE, 50, NULL, NULL, NULL, NULL, NULL, NULL, NULL);
INSERT INTO CATPROY (XID_CATCLI_CODE, CATPROY_NAME, CATPROY_CODEGEN, CATPROY_GSM, XID_CATHOM_CODE, XID_CATCTAL_CODE, XID_CATCCACO3_CODE, CATPROY_AYD_PROCESS, XID_CATCOL_CODE, CATPROY_IS_STRUCTURAL, CATPROY_HAS_CROWN, XID_CATCIR_CODE, XID_CATPRODTRO_CODE, CATPROY_LEAF_NAME, XID_CATCTIPPRO_CODE, CATPROY_REFERENCE_TAG, CATPROY_HAS_LOGO, CATPROY_QUANTITY_X_PACKAGE, XID_CATCYPREFIJ_CODE, CATPROY_VALID_FROM, CATPROY_VALID_TO, CATPROY_CREATED_BY, CATPROY_UPDATED_BY, CATPROY_CREATED_AT, CATPROY_UPDATED_AT) VALUES (48, 'Lámina 15000x2000', '3QR7K-15000x2000', 300, 3, NULL, NULL, FALSE, 'R7', FALSE, TRUE, NULL, NULL, '15000x2000', 2, NULL, FALSE, NULL, NULL, NULL, NULL, NULL, NULL, NULL, NULL);
INSERT INTO CATPROY (XID_CATCLI_CODE, CATPROY_NAME, CATPROY_CODEGEN, CATPROY_GSM, XID_CATHOM_CODE, XID_CATCTAL_CODE, XID_CATCCACO3_CODE, CATPROY_AYD_PROCESS, XID_CATCOL_CODE, CATPROY_IS_STRUCTURAL, CATPROY_HAS_CROWN, XID_CATCIR_CODE, XID_CATPRODTRO_CODE, CATPROY_LEAF_NAME, XID_CATCTIPPRO_CODE, CATPROY_REFERENCE_TAG, CATPROY_HAS_LOGO, CATPROY_QUANTITY_X_PACKAGE, XID_CATCYPREFIJ_CODE, CATPROY_VALID_FROM, CATPROY_VALID_TO, CATPROY_CREATED_BY, CATPROY_UPDATED_BY, CATPROY_CREATED_AT, CATPROY_UPDATED_AT) VALUES (3, 'Premium Paradise Fruit ', '6QW1K-P064-F082', 600, 3, NULL, NULL, FALSE, 'W1', FALSE, TRUE, 89, 91, NULL, 2, NULL, FALSE, 50, NULL, NULL, NULL, NULL, NULL, NULL, NULL);
INSERT INTO CATPROY (XID_CATCLI_CODE, CATPROY_NAME, CATPROY_CODEGEN, CATPROY_GSM, XID_CATHOM_CODE, XID_CATCTAL_CODE, XID_CATCCACO3_CODE, CATPROY_AYD_PROCESS, XID_CATCOL_CODE, CATPROY_IS_STRUCTURAL, CATPROY_HAS_CROWN, XID_CATCIR_CODE, XID_CATPRODTRO_CODE, CATPROY_LEAF_NAME, XID_CATCTIPPRO_CODE, CATPROY_REFERENCE_TAG, CATPROY_HAS_LOGO, CATPROY_QUANTITY_X_PACKAGE, XID_CATCYPREFIJ_CODE, CATPROY_VALID_FROM, CATPROY_VALID_TO, CATPROY_CREATED_BY, CATPROY_UPDATED_BY, CATPROY_CREATED_AT, CATPROY_UPDATED_AT) VALUES (14, 'Caja Ecuador Pitahaya 367x145x92  (Xp)', '5QZ9K-P028-F082 (Xp)', 500, 3, NULL, NULL, FALSE, 'Z9', FALSE, TRUE, 40, 91, NULL, 1, NULL, FALSE, 50, NULL, NULL, NULL, NULL, NULL, NULL, NULL);
INSERT INTO CATPROY (XID_CATCLI_CODE, CATPROY_NAME, CATPROY_CODEGEN, CATPROY_GSM, XID_CATHOM_CODE, XID_CATCTAL_CODE, XID_CATCCACO3_CODE, CATPROY_AYD_PROCESS, XID_CATCOL_CODE, CATPROY_IS_STRUCTURAL, CATPROY_HAS_CROWN, XID_CATCIR_CODE, XID_CATPRODTRO_CODE, CATPROY_LEAF_NAME, XID_CATCTIPPRO_CODE, CATPROY_REFERENCE_TAG, CATPROY_HAS_LOGO, CATPROY_QUANTITY_X_PACKAGE, XID_CATCYPREFIJ_CODE, CATPROY_VALID_FROM, CATPROY_VALID_TO, CATPROY_CREATED_BY, CATPROY_UPDATED_BY, CATPROY_CREATED_AT, CATPROY_UPDATED_AT) VALUES (28, 'Ecuador Divine 4.5kg ', '6QY6K-P070-F119', 600, 3, NULL, NULL, FALSE, 'Y6', FALSE, TRUE, 95, 130, NULL, 2, NULL, FALSE, 50, NULL, NULL, NULL, NULL, NULL, NULL, NULL);
INSERT INTO CATPROY (XID_CATCLI_CODE, CATPROY_NAME, CATPROY_CODEGEN, CATPROY_GSM, XID_CATHOM_CODE, XID_CATCTAL_CODE, XID_CATCCACO3_CODE, CATPROY_AYD_PROCESS, XID_CATCOL_CODE, CATPROY_IS_STRUCTURAL, CATPROY_HAS_CROWN, XID_CATCIR_CODE, XID_CATPRODTRO_CODE, CATPROY_LEAF_NAME, XID_CATCTIPPRO_CODE, CATPROY_REFERENCE_TAG, CATPROY_HAS_LOGO, CATPROY_QUANTITY_X_PACKAGE, XID_CATCYPREFIJ_CODE, CATPROY_VALID_FROM, CATPROY_VALID_TO, CATPROY_CREATED_BY, CATPROY_UPDATED_BY, CATPROY_CREATED_AT, CATPROY_UPDATED_AT) VALUES (28, 'Ecuador Divine 2.5kg ', '6QY6K-P071-F122', 600, 3, NULL, NULL, FALSE, 'Y6', FALSE, TRUE, 96, 134, NULL, 2, NULL, FALSE, 50, NULL, NULL, NULL, NULL, NULL, NULL, NULL);
INSERT INTO CATPROY (XID_CATCLI_CODE, CATPROY_NAME, CATPROY_CODEGEN, CATPROY_GSM, XID_CATHOM_CODE, XID_CATCTAL_CODE, XID_CATCCACO3_CODE, CATPROY_AYD_PROCESS, XID_CATCOL_CODE, CATPROY_IS_STRUCTURAL, CATPROY_HAS_CROWN, XID_CATCIR_CODE, XID_CATPRODTRO_CODE, CATPROY_LEAF_NAME, XID_CATCTIPPRO_CODE, CATPROY_REFERENCE_TAG, CATPROY_HAS_LOGO, CATPROY_QUANTITY_X_PACKAGE, XID_CATCYPREFIJ_CODE, CATPROY_VALID_FROM, CATPROY_VALID_TO, CATPROY_CREATED_BY, CATPROY_UPDATED_BY, CATPROY_CREATED_AT, CATPROY_UPDATED_AT) VALUES (38, 'Caja Picaler (V2) 2.5kg  (Xp)', '5QB2K-P020-F082 (Xp)', 500, 3, NULL, NULL, FALSE, 'B2', FALSE, TRUE, 30, 91, NULL, 1, NULL, FALSE, 50, NULL, NULL, NULL, NULL, NULL, NULL, NULL);
INSERT INTO CATPROY (XID_CATCLI_CODE, CATPROY_NAME, CATPROY_CODEGEN, CATPROY_GSM, XID_CATHOM_CODE, XID_CATCTAL_CODE, XID_CATCCACO3_CODE, CATPROY_AYD_PROCESS, XID_CATCOL_CODE, CATPROY_IS_STRUCTURAL, CATPROY_HAS_CROWN, XID_CATCIR_CODE, XID_CATPRODTRO_CODE, CATPROY_LEAF_NAME, XID_CATCTIPPRO_CODE, CATPROY_REFERENCE_TAG, CATPROY_HAS_LOGO, CATPROY_QUANTITY_X_PACKAGE, XID_CATCYPREFIJ_CODE, CATPROY_VALID_FROM, CATPROY_VALID_TO, CATPROY_CREATED_BY, CATPROY_UPDATED_BY, CATPROY_CREATED_AT, CATPROY_UPDATED_AT) VALUES (5, 'Exotic Products APCPR ', '6QR10K-P072-F090', 600, 3, NULL, NULL, FALSE, 'R10', FALSE, TRUE, 97, 99, NULL, 2, NULL, FALSE, 50, NULL, NULL, NULL, NULL, NULL, NULL, NULL);
INSERT INTO CATPROY (XID_CATCLI_CODE, CATPROY_NAME, CATPROY_CODEGEN, CATPROY_GSM, XID_CATHOM_CODE, XID_CATCTAL_CODE, XID_CATCCACO3_CODE, CATPROY_AYD_PROCESS, XID_CATCOL_CODE, CATPROY_IS_STRUCTURAL, CATPROY_HAS_CROWN, XID_CATCIR_CODE, XID_CATPRODTRO_CODE, CATPROY_LEAF_NAME, XID_CATCTIPPRO_CODE, CATPROY_REFERENCE_TAG, CATPROY_HAS_LOGO, CATPROY_QUANTITY_X_PACKAGE, XID_CATCYPREFIJ_CODE, CATPROY_VALID_FROM, CATPROY_VALID_TO, CATPROY_CREATED_BY, CATPROY_UPDATED_BY, CATPROY_CREATED_AT, CATPROY_UPDATED_AT) VALUES (14, 'Dragon Fruit Pitahaya Roja  (Xp)', '5QZ8K-P073A-F121 (Xp)', 500, 3, NULL, NULL, FALSE, 'Z8', FALSE, TRUE, 98, 132, NULL, 1, NULL, FALSE, 50, NULL, NULL, NULL, NULL, NULL, NULL, NULL);
INSERT INTO CATPROY (XID_CATCLI_CODE, CATPROY_NAME, CATPROY_CODEGEN, CATPROY_GSM, XID_CATHOM_CODE, XID_CATCTAL_CODE, XID_CATCCACO3_CODE, CATPROY_AYD_PROCESS, XID_CATCOL_CODE, CATPROY_IS_STRUCTURAL, CATPROY_HAS_CROWN, XID_CATCIR_CODE, XID_CATPRODTRO_CODE, CATPROY_LEAF_NAME, XID_CATCTIPPRO_CODE, CATPROY_REFERENCE_TAG, CATPROY_HAS_LOGO, CATPROY_QUANTITY_X_PACKAGE, XID_CATCYPREFIJ_CODE, CATPROY_VALID_FROM, CATPROY_VALID_TO, CATPROY_CREATED_BY, CATPROY_UPDATED_BY, CATPROY_CREATED_AT, CATPROY_UPDATED_AT) VALUES (41, 'Pitavit 2.5 a 4.0 kg (Violeta) ', '5QZ9K-P062B-F082', 500, 3, NULL, NULL, FALSE, 'Z9', FALSE, TRUE, 81, 91, NULL, 2, NULL, FALSE, 50, NULL, NULL, NULL, NULL, NULL, NULL, NULL);
INSERT INTO CATPROY (XID_CATCLI_CODE, CATPROY_NAME, CATPROY_CODEGEN, CATPROY_GSM, XID_CATHOM_CODE, XID_CATCTAL_CODE, XID_CATCCACO3_CODE, CATPROY_AYD_PROCESS, XID_CATCOL_CODE, CATPROY_IS_STRUCTURAL, CATPROY_HAS_CROWN, XID_CATCIR_CODE, XID_CATPRODTRO_CODE, CATPROY_LEAF_NAME, XID_CATCTIPPRO_CODE, CATPROY_REFERENCE_TAG, CATPROY_HAS_LOGO, CATPROY_QUANTITY_X_PACKAGE, XID_CATCYPREFIJ_CODE, CATPROY_VALID_FROM, CATPROY_VALID_TO, CATPROY_CREATED_BY, CATPROY_UPDATED_BY, CATPROY_CREATED_AT, CATPROY_UPDATED_AT) VALUES (14, 'Trap. 5kg - F. Asparagus (F.Blanco) ', '6QW1K-P057-F042', 600, 3, NULL, NULL, FALSE, 'W1', FALSE, TRUE, 75, 44, NULL, 2, NULL, FALSE, 50, NULL, NULL, NULL, NULL, NULL, NULL, NULL);
INSERT INTO CATPROY (XID_CATCLI_CODE, CATPROY_NAME, CATPROY_CODEGEN, CATPROY_GSM, XID_CATHOM_CODE, XID_CATCTAL_CODE, XID_CATCCACO3_CODE, CATPROY_AYD_PROCESS, XID_CATCOL_CODE, CATPROY_IS_STRUCTURAL, CATPROY_HAS_CROWN, XID_CATCIR_CODE, XID_CATPRODTRO_CODE, CATPROY_LEAF_NAME, XID_CATCTIPPRO_CODE, CATPROY_REFERENCE_TAG, CATPROY_HAS_LOGO, CATPROY_QUANTITY_X_PACKAGE, XID_CATCYPREFIJ_CODE, CATPROY_VALID_FROM, CATPROY_VALID_TO, CATPROY_CREATED_BY, CATPROY_UPDATED_BY, CATPROY_CREATED_AT, CATPROY_UPDATED_AT) VALUES (14, 'Bandeja 3.3kg - F. Asparagus ', '6QB2K-P007-F043', 600, 3, NULL, NULL, FALSE, 'B2', FALSE, TRUE, 17, 45, NULL, 2, NULL, FALSE, 50, NULL, NULL, NULL, NULL, NULL, NULL, NULL);
INSERT INTO CATPROY (XID_CATCLI_CODE, CATPROY_NAME, CATPROY_CODEGEN, CATPROY_GSM, XID_CATHOM_CODE, XID_CATCTAL_CODE, XID_CATCCACO3_CODE, CATPROY_AYD_PROCESS, XID_CATCOL_CODE, CATPROY_IS_STRUCTURAL, CATPROY_HAS_CROWN, XID_CATCIR_CODE, XID_CATPRODTRO_CODE, CATPROY_LEAF_NAME, XID_CATCTIPPRO_CODE, CATPROY_REFERENCE_TAG, CATPROY_HAS_LOGO, CATPROY_QUANTITY_X_PACKAGE, XID_CATCYPREFIJ_CODE, CATPROY_VALID_FROM, CATPROY_VALID_TO, CATPROY_CREATED_BY, CATPROY_UPDATED_BY, CATPROY_CREATED_AT, CATPROY_UPDATED_AT) VALUES (45, 'Bandeja Perf 350x253x95 (Crudo) / Celeste  (Xp)', '3QL1Z7-F075C (Xp)', 300, 3, 1, NULL, FALSE, 'Z7', FALSE, FALSE, NULL, 83, NULL, 1, NULL, FALSE, 100, NULL, NULL, NULL, NULL, NULL, NULL, NULL);
INSERT INTO CATPROY (XID_CATCLI_CODE, CATPROY_NAME, CATPROY_CODEGEN, CATPROY_GSM, XID_CATHOM_CODE, XID_CATCTAL_CODE, XID_CATCCACO3_CODE, CATPROY_AYD_PROCESS, XID_CATCOL_CODE, CATPROY_IS_STRUCTURAL, CATPROY_HAS_CROWN, XID_CATCIR_CODE, XID_CATPRODTRO_CODE, CATPROY_LEAF_NAME, XID_CATCTIPPRO_CODE, CATPROY_REFERENCE_TAG, CATPROY_HAS_LOGO, CATPROY_QUANTITY_X_PACKAGE, XID_CATCYPREFIJ_CODE, CATPROY_VALID_FROM, CATPROY_VALID_TO, CATPROY_CREATED_BY, CATPROY_UPDATED_BY, CATPROY_CREATED_AT, CATPROY_UPDATED_AT) VALUES (28, 'Caja Aneamu 2.5Kg C ', '6QY5K-P031C-F122', 600, 3, NULL, NULL, FALSE, 'Y5', FALSE, TRUE, 45, 134, NULL, 2, NULL, FALSE, 50, NULL, NULL, NULL, NULL, NULL, NULL, NULL);
INSERT INTO CATPROY (XID_CATCLI_CODE, CATPROY_NAME, CATPROY_CODEGEN, CATPROY_GSM, XID_CATHOM_CODE, XID_CATCTAL_CODE, XID_CATCCACO3_CODE, CATPROY_AYD_PROCESS, XID_CATCOL_CODE, CATPROY_IS_STRUCTURAL, CATPROY_HAS_CROWN, XID_CATCIR_CODE, XID_CATPRODTRO_CODE, CATPROY_LEAF_NAME, XID_CATCTIPPRO_CODE, CATPROY_REFERENCE_TAG, CATPROY_HAS_LOGO, CATPROY_QUANTITY_X_PACKAGE, XID_CATCYPREFIJ_CODE, CATPROY_VALID_FROM, CATPROY_VALID_TO, CATPROY_CREATED_BY, CATPROY_UPDATED_BY, CATPROY_CREATED_AT, CATPROY_UPDATED_AT) VALUES (17, 'Caja Ecuamarfru 100% HQ (L. Negra) ', '6QB2K-P074a-F082', 600, 3, NULL, NULL, FALSE, 'B2', FALSE, TRUE, 101, 91, NULL, 2, NULL, TRUE, 50, NULL, NULL, NULL, NULL, NULL, NULL, NULL);
INSERT INTO CATPROY (XID_CATCLI_CODE, CATPROY_NAME, CATPROY_CODEGEN, CATPROY_GSM, XID_CATHOM_CODE, XID_CATCTAL_CODE, XID_CATCCACO3_CODE, CATPROY_AYD_PROCESS, XID_CATCOL_CODE, CATPROY_IS_STRUCTURAL, CATPROY_HAS_CROWN, XID_CATCIR_CODE, XID_CATPRODTRO_CODE, CATPROY_LEAF_NAME, XID_CATCTIPPRO_CODE, CATPROY_REFERENCE_TAG, CATPROY_HAS_LOGO, CATPROY_QUANTITY_X_PACKAGE, XID_CATCYPREFIJ_CODE, CATPROY_VALID_FROM, CATPROY_VALID_TO, CATPROY_CREATED_BY, CATPROY_UPDATED_BY, CATPROY_CREATED_AT, CATPROY_UPDATED_AT) VALUES (2, 'Bandeja 384x288x85 / Negro ', '6QB2-F124', 600, 3, NULL, NULL, FALSE, 'B2', FALSE, FALSE, NULL, 136, NULL, 2, NULL, FALSE, 50, NULL, NULL, NULL, NULL, NULL, NULL, NULL);
INSERT INTO CATPROY (XID_CATCLI_CODE, CATPROY_NAME, CATPROY_CODEGEN, CATPROY_GSM, XID_CATHOM_CODE, XID_CATCTAL_CODE, XID_CATCCACO3_CODE, CATPROY_AYD_PROCESS, XID_CATCOL_CODE, CATPROY_IS_STRUCTURAL, CATPROY_HAS_CROWN, XID_CATCIR_CODE, XID_CATPRODTRO_CODE, CATPROY_LEAF_NAME, XID_CATCTIPPRO_CODE, CATPROY_REFERENCE_TAG, CATPROY_HAS_LOGO, CATPROY_QUANTITY_X_PACKAGE, XID_CATCYPREFIJ_CODE, CATPROY_VALID_FROM, CATPROY_VALID_TO, CATPROY_CREATED_BY, CATPROY_UPDATED_BY, CATPROY_CREATED_AT, CATPROY_UPDATED_AT) VALUES (38, 'Caja Picaler 2.5kg (T122) ', '5QB2K-P020b-F122', 500, 3, NULL, NULL, FALSE, 'B2', FALSE, TRUE, 31, 134, NULL, 2, NULL, FALSE, 50, NULL, NULL, NULL, NULL, NULL, NULL, NULL);
INSERT INTO CATPROY (XID_CATCLI_CODE, CATPROY_NAME, CATPROY_CODEGEN, CATPROY_GSM, XID_CATHOM_CODE, XID_CATCTAL_CODE, XID_CATCCACO3_CODE, CATPROY_AYD_PROCESS, XID_CATCOL_CODE, CATPROY_IS_STRUCTURAL, CATPROY_HAS_CROWN, XID_CATCIR_CODE, XID_CATPRODTRO_CODE, CATPROY_LEAF_NAME, XID_CATCTIPPRO_CODE, CATPROY_REFERENCE_TAG, CATPROY_HAS_LOGO, CATPROY_QUANTITY_X_PACKAGE, XID_CATCYPREFIJ_CODE, CATPROY_VALID_FROM, CATPROY_VALID_TO, CATPROY_CREATED_BY, CATPROY_UPDATED_BY, CATPROY_CREATED_AT, CATPROY_UPDATED_AT) VALUES (37, 'Frutas OrganPit ', '5QZ9K-P075-F121', 500, 3, NULL, NULL, FALSE, 'Z9', FALSE, TRUE, 103, 132, NULL, 2, NULL, FALSE, 50, NULL, NULL, NULL, NULL, NULL, NULL, NULL);
INSERT INTO CATPROY (XID_CATCLI_CODE, CATPROY_NAME, CATPROY_CODEGEN, CATPROY_GSM, XID_CATHOM_CODE, XID_CATCTAL_CODE, XID_CATCCACO3_CODE, CATPROY_AYD_PROCESS, XID_CATCOL_CODE, CATPROY_IS_STRUCTURAL, CATPROY_HAS_CROWN, XID_CATCIR_CODE, XID_CATPRODTRO_CODE, CATPROY_LEAF_NAME, XID_CATCTIPPRO_CODE, CATPROY_REFERENCE_TAG, CATPROY_HAS_LOGO, CATPROY_QUANTITY_X_PACKAGE, XID_CATCYPREFIJ_CODE, CATPROY_VALID_FROM, CATPROY_VALID_TO, CATPROY_CREATED_BY, CATPROY_UPDATED_BY, CATPROY_CREATED_AT, CATPROY_UPDATED_AT) VALUES (49, 'Base soldada 270x170x83 / Blanco  (Xp)', '3QW1-F125 (Xp)', 330, 3, NULL, NULL, FALSE, 'W1', FALSE, FALSE, NULL, 137, NULL, 1, NULL, FALSE, NULL, NULL, NULL, NULL, NULL, NULL, NULL, NULL);
INSERT INTO CATPROY (XID_CATCLI_CODE, CATPROY_NAME, CATPROY_CODEGEN, CATPROY_GSM, XID_CATHOM_CODE, XID_CATCTAL_CODE, XID_CATCCACO3_CODE, CATPROY_AYD_PROCESS, XID_CATCOL_CODE, CATPROY_IS_STRUCTURAL, CATPROY_HAS_CROWN, XID_CATCIR_CODE, XID_CATPRODTRO_CODE, CATPROY_LEAF_NAME, XID_CATCTIPPRO_CODE, CATPROY_REFERENCE_TAG, CATPROY_HAS_LOGO, CATPROY_QUANTITY_X_PACKAGE, XID_CATCYPREFIJ_CODE, CATPROY_VALID_FROM, CATPROY_VALID_TO, CATPROY_CREATED_BY, CATPROY_UPDATED_BY, CATPROY_CREATED_AT, CATPROY_UPDATED_AT) VALUES (52, 'Caja Perf 367x245x92 / Violeta ', '6QZ9-F082', 600, 3, NULL, NULL, FALSE, 'Z9', FALSE, FALSE, NULL, 91, NULL, 2, NULL, FALSE, 50, NULL, NULL, NULL, NULL, NULL, NULL, NULL);
INSERT INTO CATPROY (XID_CATCLI_CODE, CATPROY_NAME, CATPROY_CODEGEN, CATPROY_GSM, XID_CATHOM_CODE, XID_CATCTAL_CODE, XID_CATCCACO3_CODE, CATPROY_AYD_PROCESS, XID_CATCOL_CODE, CATPROY_IS_STRUCTURAL, CATPROY_HAS_CROWN, XID_CATCIR_CODE, XID_CATPRODTRO_CODE, CATPROY_LEAF_NAME, XID_CATCTIPPRO_CODE, CATPROY_REFERENCE_TAG, CATPROY_HAS_LOGO, CATPROY_QUANTITY_X_PACKAGE, XID_CATCYPREFIJ_CODE, CATPROY_VALID_FROM, CATPROY_VALID_TO, CATPROY_CREATED_BY, CATPROY_UPDATED_BY, CATPROY_CREATED_AT, CATPROY_UPDATED_AT) VALUES (41, 'Pitavit 2 a 2.5 kg (BY) ', '5QB2K-P076-F124', 500, 3, NULL, NULL, FALSE, 'B2', FALSE, TRUE, 104, 136, NULL, 2, NULL, FALSE, 50, NULL, NULL, NULL, NULL, NULL, NULL, NULL);
INSERT INTO CATPROY (XID_CATCLI_CODE, CATPROY_NAME, CATPROY_CODEGEN, CATPROY_GSM, XID_CATHOM_CODE, XID_CATCTAL_CODE, XID_CATCCACO3_CODE, CATPROY_AYD_PROCESS, XID_CATCOL_CODE, CATPROY_IS_STRUCTURAL, CATPROY_HAS_CROWN, XID_CATCIR_CODE, XID_CATPRODTRO_CODE, CATPROY_LEAF_NAME, XID_CATCTIPPRO_CODE, CATPROY_REFERENCE_TAG, CATPROY_HAS_LOGO, CATPROY_QUANTITY_X_PACKAGE, XID_CATCYPREFIJ_CODE, CATPROY_VALID_FROM, CATPROY_VALID_TO, CATPROY_CREATED_BY, CATPROY_UPDATED_BY, CATPROY_CREATED_AT, CATPROY_UPDATED_AT) VALUES (27, 'White Majesty 2.5kg (WYZ) ', '5QW3K-P077-F082', 500, 3, NULL, NULL, FALSE, 'W3', FALSE, TRUE, 105, 91, NULL, 2, NULL, FALSE, 50, NULL, NULL, NULL, NULL, NULL, NULL, NULL);
INSERT INTO CATPROY (XID_CATCLI_CODE, CATPROY_NAME, CATPROY_CODEGEN, CATPROY_GSM, XID_CATHOM_CODE, XID_CATCTAL_CODE, XID_CATCCACO3_CODE, CATPROY_AYD_PROCESS, XID_CATCOL_CODE, CATPROY_IS_STRUCTURAL, CATPROY_HAS_CROWN, XID_CATCIR_CODE, XID_CATPRODTRO_CODE, CATPROY_LEAF_NAME, XID_CATCTIPPRO_CODE, CATPROY_REFERENCE_TAG, CATPROY_HAS_LOGO, CATPROY_QUANTITY_X_PACKAGE, XID_CATCYPREFIJ_CODE, CATPROY_VALID_FROM, CATPROY_VALID_TO, CATPROY_CREATED_BY, CATPROY_UPDATED_BY, CATPROY_CREATED_AT, CATPROY_UPDATED_AT) VALUES (41, 'Pitavit 2.5 a 4.0 kg (YBB) ', '5QY4K-P062C-F082', 500, 3, NULL, NULL, FALSE, 'Y4', FALSE, TRUE, 82, 91, NULL, 2, NULL, FALSE, 50, NULL, NULL, NULL, NULL, NULL, NULL, NULL);
INSERT INTO CATPROY (XID_CATCLI_CODE, CATPROY_NAME, CATPROY_CODEGEN, CATPROY_GSM, XID_CATHOM_CODE, XID_CATCTAL_CODE, XID_CATCCACO3_CODE, CATPROY_AYD_PROCESS, XID_CATCOL_CODE, CATPROY_IS_STRUCTURAL, CATPROY_HAS_CROWN, XID_CATCIR_CODE, XID_CATPRODTRO_CODE, CATPROY_LEAF_NAME, XID_CATCTIPPRO_CODE, CATPROY_REFERENCE_TAG, CATPROY_HAS_LOGO, CATPROY_QUANTITY_X_PACKAGE, XID_CATCYPREFIJ_CODE, CATPROY_VALID_FROM, CATPROY_VALID_TO, CATPROY_CREATED_BY, CATPROY_UPDATED_BY, CATPROY_CREATED_AT, CATPROY_UPDATED_AT) VALUES (53, 'Biombo 50x50x25 (WB) 2021 ', '6QW3K-P078-F126', 600, 3, NULL, NULL, FALSE, 'W3', FALSE, TRUE, 106, 138, NULL, 2, NULL, FALSE, 50, NULL, NULL, NULL, NULL, NULL, NULL, NULL);
INSERT INTO CATPROY (XID_CATCLI_CODE, CATPROY_NAME, CATPROY_CODEGEN, CATPROY_GSM, XID_CATHOM_CODE, XID_CATCTAL_CODE, XID_CATCCACO3_CODE, CATPROY_AYD_PROCESS, XID_CATCOL_CODE, CATPROY_IS_STRUCTURAL, CATPROY_HAS_CROWN, XID_CATCIR_CODE, XID_CATPRODTRO_CODE, CATPROY_LEAF_NAME, XID_CATCTIPPRO_CODE, CATPROY_REFERENCE_TAG, CATPROY_HAS_LOGO, CATPROY_QUANTITY_X_PACKAGE, XID_CATCYPREFIJ_CODE, CATPROY_VALID_FROM, CATPROY_VALID_TO, CATPROY_CREATED_BY, CATPROY_UPDATED_BY, CATPROY_CREATED_AT, CATPROY_UPDATED_AT) VALUES (54, 'Friedas 10Lbs (WGR) ', '6QW3K-P079-F119', 550, 3, NULL, NULL, FALSE, 'W3', FALSE, TRUE, 107, 130, NULL, 2, NULL, FALSE, 50, NULL, NULL, NULL, NULL, NULL, NULL, NULL);
INSERT INTO CATPROY (XID_CATCLI_CODE, CATPROY_NAME, CATPROY_CODEGEN, CATPROY_GSM, XID_CATHOM_CODE, XID_CATCTAL_CODE, XID_CATCCACO3_CODE, CATPROY_AYD_PROCESS, XID_CATCOL_CODE, CATPROY_IS_STRUCTURAL, CATPROY_HAS_CROWN, XID_CATCIR_CODE, XID_CATPRODTRO_CODE, CATPROY_LEAF_NAME, XID_CATCTIPPRO_CODE, CATPROY_REFERENCE_TAG, CATPROY_HAS_LOGO, CATPROY_QUANTITY_X_PACKAGE, XID_CATCYPREFIJ_CODE, CATPROY_VALID_FROM, CATPROY_VALID_TO, CATPROY_CREATED_BY, CATPROY_UPDATED_BY, CATPROY_CREATED_AT, CATPROY_UPDATED_AT) VALUES (45, 'Bandeja Perf. 342x253x95 (Coc. Maq.) / Blanco ', '4QL1W1-F127', 350, 3, 1, NULL, FALSE, 'W1', FALSE, FALSE, NULL, 139, NULL, NULL, NULL, FALSE, NULL, NULL, NULL, NULL, NULL, NULL, NULL, NULL);
INSERT INTO CATPROY (XID_CATCLI_CODE, CATPROY_NAME, CATPROY_CODEGEN, CATPROY_GSM, XID_CATHOM_CODE, XID_CATCTAL_CODE, XID_CATCCACO3_CODE, CATPROY_AYD_PROCESS, XID_CATCOL_CODE, CATPROY_IS_STRUCTURAL, CATPROY_HAS_CROWN, XID_CATCIR_CODE, XID_CATPRODTRO_CODE, CATPROY_LEAF_NAME, XID_CATCTIPPRO_CODE, CATPROY_REFERENCE_TAG, CATPROY_HAS_LOGO, CATPROY_QUANTITY_X_PACKAGE, XID_CATCYPREFIJ_CODE, CATPROY_VALID_FROM, CATPROY_VALID_TO, CATPROY_CREATED_BY, CATPROY_UPDATED_BY, CATPROY_CREATED_AT, CATPROY_UPDATED_AT) VALUES (45, 'Bandeja Perf. 350x253x95 (Crudo. Maq.) / Blanco ', '3QL1W1-F128', 300, 3, 1, NULL, FALSE, 'W1', FALSE, FALSE, NULL, 140, NULL, NULL, NULL, FALSE, NULL, NULL, NULL, NULL, NULL, NULL, NULL, NULL);
INSERT INTO CATPROY (XID_CATCLI_CODE, CATPROY_NAME, CATPROY_CODEGEN, CATPROY_GSM, XID_CATHOM_CODE, XID_CATCTAL_CODE, XID_CATCCACO3_CODE, CATPROY_AYD_PROCESS, XID_CATCOL_CODE, CATPROY_IS_STRUCTURAL, CATPROY_HAS_CROWN, XID_CATCIR_CODE, XID_CATPRODTRO_CODE, CATPROY_LEAF_NAME, XID_CATCTIPPRO_CODE, CATPROY_REFERENCE_TAG, CATPROY_HAS_LOGO, CATPROY_QUANTITY_X_PACKAGE, XID_CATCYPREFIJ_CODE, CATPROY_VALID_FROM, CATPROY_VALID_TO, CATPROY_CREATED_BY, CATPROY_UPDATED_BY, CATPROY_CREATED_AT, CATPROY_UPDATED_AT) VALUES (52, 'Lámina 1300x1000', '6QW1-1300x1000', 600, 3, NULL, NULL, FALSE, 'W1', FALSE, FALSE, NULL, NULL, '1300x1000', 2, NULL, FALSE, NULL, NULL, NULL, NULL, NULL, NULL, NULL, NULL);
INSERT INTO CATPROY (XID_CATCLI_CODE, CATPROY_NAME, CATPROY_CODEGEN, CATPROY_GSM, XID_CATHOM_CODE, XID_CATCTAL_CODE, XID_CATCCACO3_CODE, CATPROY_AYD_PROCESS, XID_CATCOL_CODE, CATPROY_IS_STRUCTURAL, CATPROY_HAS_CROWN, XID_CATCIR_CODE, XID_CATPRODTRO_CODE, CATPROY_LEAF_NAME, XID_CATCTIPPRO_CODE, CATPROY_REFERENCE_TAG, CATPROY_HAS_LOGO, CATPROY_QUANTITY_X_PACKAGE, XID_CATCYPREFIJ_CODE, CATPROY_VALID_FROM, CATPROY_VALID_TO, CATPROY_CREATED_BY, CATPROY_UPDATED_BY, CATPROY_CREATED_AT, CATPROY_UPDATED_AT) VALUES (41, 'Pitavit 2.5 a 4.0 kg (Dorado) ', '5QB2K-P062D-F082', 500, 3, NULL, NULL, FALSE, 'B2', FALSE, TRUE, 83, 91, NULL, 2, NULL, FALSE, 50, NULL, NULL, NULL, NULL, NULL, NULL, NULL);
INSERT INTO CATPROY (XID_CATCLI_CODE, CATPROY_NAME, CATPROY_CODEGEN, CATPROY_GSM, XID_CATHOM_CODE, XID_CATCTAL_CODE, XID_CATCCACO3_CODE, CATPROY_AYD_PROCESS, XID_CATCOL_CODE, CATPROY_IS_STRUCTURAL, CATPROY_HAS_CROWN, XID_CATCIR_CODE, XID_CATPRODTRO_CODE, CATPROY_LEAF_NAME, XID_CATCTIPPRO_CODE, CATPROY_REFERENCE_TAG, CATPROY_HAS_LOGO, CATPROY_QUANTITY_X_PACKAGE, XID_CATCYPREFIJ_CODE, CATPROY_VALID_FROM, CATPROY_VALID_TO, CATPROY_CREATED_BY, CATPROY_UPDATED_BY, CATPROY_CREATED_AT, CATPROY_UPDATED_AT) VALUES (41, 'Glamour Fresh ', '5QB2K-P080-F082', 500, 3, NULL, NULL, FALSE, 'B2', FALSE, TRUE, 108, 91, NULL, 2, NULL, FALSE, 50, NULL, NULL, NULL, NULL, NULL, NULL, NULL);
INSERT INTO CATPROY (XID_CATCLI_CODE, CATPROY_NAME, CATPROY_CODEGEN, CATPROY_GSM, XID_CATHOM_CODE, XID_CATCTAL_CODE, XID_CATCCACO3_CODE, CATPROY_AYD_PROCESS, XID_CATCOL_CODE, CATPROY_IS_STRUCTURAL, CATPROY_HAS_CROWN, XID_CATCIR_CODE, XID_CATPRODTRO_CODE, CATPROY_LEAF_NAME, XID_CATCTIPPRO_CODE, CATPROY_REFERENCE_TAG, CATPROY_HAS_LOGO, CATPROY_QUANTITY_X_PACKAGE, XID_CATCYPREFIJ_CODE, CATPROY_VALID_FROM, CATPROY_VALID_TO, CATPROY_CREATED_BY, CATPROY_UPDATED_BY, CATPROY_CREATED_AT, CATPROY_UPDATED_AT) VALUES (13, 'Lámina 370x670', '6QW1K-370x670', 550, 3, NULL, NULL, FALSE, 'W1', FALSE, TRUE, NULL, NULL, '370x670', 2, NULL, FALSE, 50, NULL, NULL, NULL, NULL, NULL, NULL, NULL);
INSERT INTO CATPROY (XID_CATCLI_CODE, CATPROY_NAME, CATPROY_CODEGEN, CATPROY_GSM, XID_CATHOM_CODE, XID_CATCTAL_CODE, XID_CATCCACO3_CODE, CATPROY_AYD_PROCESS, XID_CATCOL_CODE, CATPROY_IS_STRUCTURAL, CATPROY_HAS_CROWN, XID_CATCIR_CODE, XID_CATPRODTRO_CODE, CATPROY_LEAF_NAME, XID_CATCTIPPRO_CODE, CATPROY_REFERENCE_TAG, CATPROY_HAS_LOGO, CATPROY_QUANTITY_X_PACKAGE, XID_CATCYPREFIJ_CODE, CATPROY_VALID_FROM, CATPROY_VALID_TO, CATPROY_CREATED_BY, CATPROY_UPDATED_BY, CATPROY_CREATED_AT, CATPROY_UPDATED_AT) VALUES (38, 'Dragon Fruit Pitahaya Roja ', '5QZ8K-P073A-F121', 500, 3, NULL, NULL, FALSE, 'Z8', FALSE, TRUE, 98, 132, NULL, 2, NULL, FALSE, 50, NULL, NULL, NULL, NULL, NULL, NULL, NULL);
INSERT INTO CATPROY (XID_CATCLI_CODE, CATPROY_NAME, CATPROY_CODEGEN, CATPROY_GSM, XID_CATHOM_CODE, XID_CATCTAL_CODE, XID_CATCCACO3_CODE, CATPROY_AYD_PROCESS, XID_CATCOL_CODE, CATPROY_IS_STRUCTURAL, CATPROY_HAS_CROWN, XID_CATCIR_CODE, XID_CATPRODTRO_CODE, CATPROY_LEAF_NAME, XID_CATCTIPPRO_CODE, CATPROY_REFERENCE_TAG, CATPROY_HAS_LOGO, CATPROY_QUANTITY_X_PACKAGE, XID_CATCYPREFIJ_CODE, CATPROY_VALID_FROM, CATPROY_VALID_TO, CATPROY_CREATED_BY, CATPROY_UPDATED_BY, CATPROY_CREATED_AT, CATPROY_UPDATED_AT) VALUES (38, 'Dragon Fruit Pitahaya Roja (L.AzMarino) ', '5QZ3K-P073B-F121', 500, 3, NULL, NULL, FALSE, 'Z3', FALSE, TRUE, 99, 132, NULL, 2, NULL, FALSE, NULL, NULL, NULL, NULL, NULL, NULL, NULL, NULL);
INSERT INTO CATPROY (XID_CATCLI_CODE, CATPROY_NAME, CATPROY_CODEGEN, CATPROY_GSM, XID_CATHOM_CODE, XID_CATCTAL_CODE, XID_CATCCACO3_CODE, CATPROY_AYD_PROCESS, XID_CATCOL_CODE, CATPROY_IS_STRUCTURAL, CATPROY_HAS_CROWN, XID_CATCIR_CODE, XID_CATPRODTRO_CODE, CATPROY_LEAF_NAME, XID_CATCTIPPRO_CODE, CATPROY_REFERENCE_TAG, CATPROY_HAS_LOGO, CATPROY_QUANTITY_X_PACKAGE, XID_CATCYPREFIJ_CODE, CATPROY_VALID_FROM, CATPROY_VALID_TO, CATPROY_CREATED_BY, CATPROY_UPDATED_BY, CATPROY_CREATED_AT, CATPROY_UPDATED_AT) VALUES (38, 'Dragon Fruit Pitahaya Roja (L.Negra) ', '5QB2K-P073C-F121', 500, 3, NULL, NULL, FALSE, 'B2', FALSE, TRUE, 100, 132, NULL, 2, NULL, FALSE, NULL, NULL, NULL, NULL, NULL, NULL, NULL, NULL);
INSERT INTO CATPROY (XID_CATCLI_CODE, CATPROY_NAME, CATPROY_CODEGEN, CATPROY_GSM, XID_CATHOM_CODE, XID_CATCTAL_CODE, XID_CATCCACO3_CODE, CATPROY_AYD_PROCESS, XID_CATCOL_CODE, CATPROY_IS_STRUCTURAL, CATPROY_HAS_CROWN, XID_CATCIR_CODE, XID_CATPRODTRO_CODE, CATPROY_LEAF_NAME, XID_CATCTIPPRO_CODE, CATPROY_REFERENCE_TAG, CATPROY_HAS_LOGO, CATPROY_QUANTITY_X_PACKAGE, XID_CATCYPREFIJ_CODE, CATPROY_VALID_FROM, CATPROY_VALID_TO, CATPROY_CREATED_BY, CATPROY_UPDATED_BY, CATPROY_CREATED_AT, CATPROY_UPDATED_AT) VALUES (36, 'Bandeja Perf Ref. 363x261x94  / Blanco  (Xp)', '4QL1W4-F129 (Xp)', 350, 3, 1, NULL, FALSE, 'W4', FALSE, FALSE, NULL, 141, NULL, 1, NULL, FALSE, NULL, NULL, NULL, NULL, NULL, NULL, NULL, NULL);
INSERT INTO CATPROY (XID_CATCLI_CODE, CATPROY_NAME, CATPROY_CODEGEN, CATPROY_GSM, XID_CATHOM_CODE, XID_CATCTAL_CODE, XID_CATCCACO3_CODE, CATPROY_AYD_PROCESS, XID_CATCOL_CODE, CATPROY_IS_STRUCTURAL, CATPROY_HAS_CROWN, XID_CATCIR_CODE, XID_CATPRODTRO_CODE, CATPROY_LEAF_NAME, XID_CATCTIPPRO_CODE, CATPROY_REFERENCE_TAG, CATPROY_HAS_LOGO, CATPROY_QUANTITY_X_PACKAGE, XID_CATCYPREFIJ_CODE, CATPROY_VALID_FROM, CATPROY_VALID_TO, CATPROY_CREATED_BY, CATPROY_UPDATED_BY, CATPROY_CREATED_AT, CATPROY_UPDATED_AT) VALUES (19, 'Bandeja Perf. 277x175x72 / Blanco ', '3QL1W4-F123', 300, 3, 1, NULL, FALSE, 'W4', FALSE, FALSE, NULL, 135, NULL, 2, NULL, FALSE, NULL, NULL, NULL, NULL, NULL, NULL, NULL, NULL);
INSERT INTO CATPROY (XID_CATCLI_CODE, CATPROY_NAME, CATPROY_CODEGEN, CATPROY_GSM, XID_CATHOM_CODE, XID_CATCTAL_CODE, XID_CATCCACO3_CODE, CATPROY_AYD_PROCESS, XID_CATCOL_CODE, CATPROY_IS_STRUCTURAL, CATPROY_HAS_CROWN, XID_CATCIR_CODE, XID_CATPRODTRO_CODE, CATPROY_LEAF_NAME, XID_CATCTIPPRO_CODE, CATPROY_REFERENCE_TAG, CATPROY_HAS_LOGO, CATPROY_QUANTITY_X_PACKAGE, XID_CATCYPREFIJ_CODE, CATPROY_VALID_FROM, CATPROY_VALID_TO, CATPROY_CREATED_BY, CATPROY_UPDATED_BY, CATPROY_CREATED_AT, CATPROY_UPDATED_AT) VALUES (52, 'Lámina 2440x2000', '3QL1W3K-2440x2000', 300, 3, 1, NULL, FALSE, 'W3', FALSE, TRUE, NULL, NULL, '2440x2000', 2, NULL, FALSE, NULL, NULL, NULL, NULL, NULL, NULL, NULL, NULL);
INSERT INTO CATPROY (XID_CATCLI_CODE, CATPROY_NAME, CATPROY_CODEGEN, CATPROY_GSM, XID_CATHOM_CODE, XID_CATCTAL_CODE, XID_CATCCACO3_CODE, CATPROY_AYD_PROCESS, XID_CATCOL_CODE, CATPROY_IS_STRUCTURAL, CATPROY_HAS_CROWN, XID_CATCIR_CODE, XID_CATPRODTRO_CODE, CATPROY_LEAF_NAME, XID_CATCTIPPRO_CODE, CATPROY_REFERENCE_TAG, CATPROY_HAS_LOGO, CATPROY_QUANTITY_X_PACKAGE, XID_CATCYPREFIJ_CODE, CATPROY_VALID_FROM, CATPROY_VALID_TO, CATPROY_CREATED_BY, CATPROY_UPDATED_BY, CATPROY_CREATED_AT, CATPROY_UPDATED_AT) VALUES (55, 'Lámina ', '2HUEK-', 100, 3, NULL, NULL, TRUE, NULL, TRUE, TRUE, NULL, NULL, NULL, 2, NULL, FALSE, NULL, NULL, NULL, NULL, NULL, NULL, NULL, NULL);
INSERT INTO CATPROY (XID_CATCLI_CODE, CATPROY_NAME, CATPROY_CODEGEN, CATPROY_GSM, XID_CATHOM_CODE, XID_CATCTAL_CODE, XID_CATCCACO3_CODE, CATPROY_AYD_PROCESS, XID_CATCOL_CODE, CATPROY_IS_STRUCTURAL, CATPROY_HAS_CROWN, XID_CATCIR_CODE, XID_CATPRODTRO_CODE, CATPROY_LEAF_NAME, XID_CATCTIPPRO_CODE, CATPROY_REFERENCE_TAG, CATPROY_HAS_LOGO, CATPROY_QUANTITY_X_PACKAGE, XID_CATCYPREFIJ_CODE, CATPROY_VALID_FROM, CATPROY_VALID_TO, CATPROY_CREATED_BY, CATPROY_UPDATED_BY, CATPROY_CREATED_AT, CATPROY_UPDATED_AT) VALUES (41, 'Pitavit 2.5 a 4.0 kg (Verde) ', '5QG1K-P062E-F082', 500, 3, NULL, NULL, FALSE, 'G1', FALSE, TRUE, 84, 91, NULL, 2, NULL, FALSE, 50, NULL, NULL, NULL, NULL, NULL, NULL, NULL);
INSERT INTO CATPROY (XID_CATCLI_CODE, CATPROY_NAME, CATPROY_CODEGEN, CATPROY_GSM, XID_CATHOM_CODE, XID_CATCTAL_CODE, XID_CATCCACO3_CODE, CATPROY_AYD_PROCESS, XID_CATCOL_CODE, CATPROY_IS_STRUCTURAL, CATPROY_HAS_CROWN, XID_CATCIR_CODE, XID_CATPRODTRO_CODE, CATPROY_LEAF_NAME, XID_CATCTIPPRO_CODE, CATPROY_REFERENCE_TAG, CATPROY_HAS_LOGO, CATPROY_QUANTITY_X_PACKAGE, XID_CATCYPREFIJ_CODE, CATPROY_VALID_FROM, CATPROY_VALID_TO, CATPROY_CREATED_BY, CATPROY_UPDATED_BY, CATPROY_CREATED_AT, CATPROY_UPDATED_AT) VALUES (41, 'Pitavit 4 a 4.5 kg (BY) ', '6QB2K-P081-F119', 550, 3, NULL, NULL, FALSE, 'B2', FALSE, TRUE, 109, 130, NULL, 2, NULL, FALSE, NULL, NULL, NULL, NULL, NULL, NULL, NULL, NULL);
INSERT INTO CATPROY (XID_CATCLI_CODE, CATPROY_NAME, CATPROY_CODEGEN, CATPROY_GSM, XID_CATHOM_CODE, XID_CATCTAL_CODE, XID_CATCCACO3_CODE, CATPROY_AYD_PROCESS, XID_CATCOL_CODE, CATPROY_IS_STRUCTURAL, CATPROY_HAS_CROWN, XID_CATCIR_CODE, XID_CATPRODTRO_CODE, CATPROY_LEAF_NAME, XID_CATCTIPPRO_CODE, CATPROY_REFERENCE_TAG, CATPROY_HAS_LOGO, CATPROY_QUANTITY_X_PACKAGE, XID_CATCYPREFIJ_CODE, CATPROY_VALID_FROM, CATPROY_VALID_TO, CATPROY_CREATED_BY, CATPROY_UPDATED_BY, CATPROY_CREATED_AT, CATPROY_UPDATED_AT) VALUES (52, 'Bandeja Apilable 367x245x95 Refzd / Blanco ', '6QW1-F122', 600, 3, NULL, NULL, FALSE, 'W1', FALSE, FALSE, NULL, 134, NULL, 2, NULL, FALSE, NULL, NULL, NULL, NULL, NULL, NULL, NULL, NULL);
INSERT INTO CATPROY (XID_CATCLI_CODE, CATPROY_NAME, CATPROY_CODEGEN, CATPROY_GSM, XID_CATHOM_CODE, XID_CATCTAL_CODE, XID_CATCCACO3_CODE, CATPROY_AYD_PROCESS, XID_CATCOL_CODE, CATPROY_IS_STRUCTURAL, CATPROY_HAS_CROWN, XID_CATCIR_CODE, XID_CATPRODTRO_CODE, CATPROY_LEAF_NAME, XID_CATCTIPPRO_CODE, CATPROY_REFERENCE_TAG, CATPROY_HAS_LOGO, CATPROY_QUANTITY_X_PACKAGE, XID_CATCYPREFIJ_CODE, CATPROY_VALID_FROM, CATPROY_VALID_TO, CATPROY_CREATED_BY, CATPROY_UPDATED_BY, CATPROY_CREATED_AT, CATPROY_UPDATED_AT) VALUES (35, 'Bandeja Perf 335x170x84 / Blanco  (Xp)', '3QL1W4-F130 (Xp)', 300, 3, 1, NULL, FALSE, 'W4', FALSE, FALSE, NULL, 142, NULL, 1, NULL, FALSE, NULL, NULL, NULL, NULL, NULL, NULL, NULL, NULL);
INSERT INTO CATPROY (XID_CATCLI_CODE, CATPROY_NAME, CATPROY_CODEGEN, CATPROY_GSM, XID_CATHOM_CODE, XID_CATCTAL_CODE, XID_CATCCACO3_CODE, CATPROY_AYD_PROCESS, XID_CATCOL_CODE, CATPROY_IS_STRUCTURAL, CATPROY_HAS_CROWN, XID_CATCIR_CODE, XID_CATPRODTRO_CODE, CATPROY_LEAF_NAME, XID_CATCTIPPRO_CODE, CATPROY_REFERENCE_TAG, CATPROY_HAS_LOGO, CATPROY_QUANTITY_X_PACKAGE, XID_CATCYPREFIJ_CODE, CATPROY_VALID_FROM, CATPROY_VALID_TO, CATPROY_CREATED_BY, CATPROY_UPDATED_BY, CATPROY_CREATED_AT, CATPROY_UPDATED_AT) VALUES (13, 'Lámina 805x1495', '5QW1-805x1495', 500, 3, NULL, NULL, FALSE, 'W1', FALSE, FALSE, NULL, NULL, '805x1495', 2, NULL, FALSE, NULL, NULL, NULL, NULL, NULL, NULL, NULL, NULL);
INSERT INTO CATPROY (XID_CATCLI_CODE, CATPROY_NAME, CATPROY_CODEGEN, CATPROY_GSM, XID_CATHOM_CODE, XID_CATCTAL_CODE, XID_CATCCACO3_CODE, CATPROY_AYD_PROCESS, XID_CATCOL_CODE, CATPROY_IS_STRUCTURAL, CATPROY_HAS_CROWN, XID_CATCIR_CODE, XID_CATPRODTRO_CODE, CATPROY_LEAF_NAME, XID_CATCTIPPRO_CODE, CATPROY_REFERENCE_TAG, CATPROY_HAS_LOGO, CATPROY_QUANTITY_X_PACKAGE, XID_CATCYPREFIJ_CODE, CATPROY_VALID_FROM, CATPROY_VALID_TO, CATPROY_CREATED_BY, CATPROY_UPDATED_BY, CATPROY_CREATED_AT, CATPROY_UPDATED_AT) VALUES (13, 'Lámina 790x1495', '5QW1-790x1495', 500, 3, NULL, NULL, FALSE, 'W1', FALSE, FALSE, NULL, NULL, '790x1495', 2, NULL, FALSE, NULL, NULL, NULL, NULL, NULL, NULL, NULL, NULL);
INSERT INTO CATPROY (XID_CATCLI_CODE, CATPROY_NAME, CATPROY_CODEGEN, CATPROY_GSM, XID_CATHOM_CODE, XID_CATCTAL_CODE, XID_CATCCACO3_CODE, CATPROY_AYD_PROCESS, XID_CATCOL_CODE, CATPROY_IS_STRUCTURAL, CATPROY_HAS_CROWN, XID_CATCIR_CODE, XID_CATPRODTRO_CODE, CATPROY_LEAF_NAME, XID_CATCTIPPRO_CODE, CATPROY_REFERENCE_TAG, CATPROY_HAS_LOGO, CATPROY_QUANTITY_X_PACKAGE, XID_CATCYPREFIJ_CODE, CATPROY_VALID_FROM, CATPROY_VALID_TO, CATPROY_CREATED_BY, CATPROY_UPDATED_BY, CATPROY_CREATED_AT, CATPROY_UPDATED_AT) VALUES (56, 'Frutilicious RP 10Lbs (GRW) ', '6QW1K-P082-F119', 550, 3, NULL, NULL, FALSE, 'W1', FALSE, TRUE, 110, 130, NULL, 2, NULL, FALSE, NULL, NULL, NULL, NULL, NULL, NULL, NULL, NULL);
INSERT INTO CATPROY (XID_CATCLI_CODE, CATPROY_NAME, CATPROY_CODEGEN, CATPROY_GSM, XID_CATHOM_CODE, XID_CATCTAL_CODE, XID_CATCCACO3_CODE, CATPROY_AYD_PROCESS, XID_CATCOL_CODE, CATPROY_IS_STRUCTURAL, CATPROY_HAS_CROWN, XID_CATCIR_CODE, XID_CATPRODTRO_CODE, CATPROY_LEAF_NAME, XID_CATCTIPPRO_CODE, CATPROY_REFERENCE_TAG, CATPROY_HAS_LOGO, CATPROY_QUANTITY_X_PACKAGE, XID_CATCYPREFIJ_CODE, CATPROY_VALID_FROM, CATPROY_VALID_TO, CATPROY_CREATED_BY, CATPROY_UPDATED_BY, CATPROY_CREATED_AT, CATPROY_UPDATED_AT) VALUES (1, 'Caja PitaCava-V2 367x245x95 ', '5QY4K-P083-F122', 500, 3, NULL, NULL, FALSE, 'Y4', FALSE, TRUE, 111, 134, NULL, 2, NULL, FALSE, NULL, NULL, NULL, NULL, NULL, NULL, NULL, NULL);
INSERT INTO CATPROY (XID_CATCLI_CODE, CATPROY_NAME, CATPROY_CODEGEN, CATPROY_GSM, XID_CATHOM_CODE, XID_CATCTAL_CODE, XID_CATCCACO3_CODE, CATPROY_AYD_PROCESS, XID_CATCOL_CODE, CATPROY_IS_STRUCTURAL, CATPROY_HAS_CROWN, XID_CATCIR_CODE, XID_CATPRODTRO_CODE, CATPROY_LEAF_NAME, XID_CATCTIPPRO_CODE, CATPROY_REFERENCE_TAG, CATPROY_HAS_LOGO, CATPROY_QUANTITY_X_PACKAGE, XID_CATCYPREFIJ_CODE, CATPROY_VALID_FROM, CATPROY_VALID_TO, CATPROY_CREATED_BY, CATPROY_UPDATED_BY, CATPROY_CREATED_AT, CATPROY_UPDATED_AT) VALUES (1, 'Caja PitaValley-V2 367x245x95 ', '5QZ9K-P084-F122', 500, 3, NULL, NULL, FALSE, 'Z9', FALSE, TRUE, 112, 134, NULL, 2, NULL, FALSE, NULL, NULL, NULL, NULL, NULL, NULL, NULL, NULL);
INSERT INTO CATPROY (XID_CATCLI_CODE, CATPROY_NAME, CATPROY_CODEGEN, CATPROY_GSM, XID_CATHOM_CODE, XID_CATCTAL_CODE, XID_CATCCACO3_CODE, CATPROY_AYD_PROCESS, XID_CATCOL_CODE, CATPROY_IS_STRUCTURAL, CATPROY_HAS_CROWN, XID_CATCIR_CODE, XID_CATPRODTRO_CODE, CATPROY_LEAF_NAME, XID_CATCTIPPRO_CODE, CATPROY_REFERENCE_TAG, CATPROY_HAS_LOGO, CATPROY_QUANTITY_X_PACKAGE, XID_CATCYPREFIJ_CODE, CATPROY_VALID_FROM, CATPROY_VALID_TO, CATPROY_CREATED_BY, CATPROY_UPDATED_BY, CATPROY_CREATED_AT, CATPROY_UPDATED_AT) VALUES (1, 'Caja PitaGarden-V2 367x245x95 ', '5QZ8K-P085-F122', 500, 3, NULL, NULL, FALSE, 'Z8', FALSE, TRUE, 113, 134, NULL, 2, NULL, FALSE, NULL, NULL, NULL, NULL, NULL, NULL, NULL, NULL);
INSERT INTO CATPROY (XID_CATCLI_CODE, CATPROY_NAME, CATPROY_CODEGEN, CATPROY_GSM, XID_CATHOM_CODE, XID_CATCTAL_CODE, XID_CATCCACO3_CODE, CATPROY_AYD_PROCESS, XID_CATCOL_CODE, CATPROY_IS_STRUCTURAL, CATPROY_HAS_CROWN, XID_CATCIR_CODE, XID_CATPRODTRO_CODE, CATPROY_LEAF_NAME, XID_CATCTIPPRO_CODE, CATPROY_REFERENCE_TAG, CATPROY_HAS_LOGO, CATPROY_QUANTITY_X_PACKAGE, XID_CATCYPREFIJ_CODE, CATPROY_VALID_FROM, CATPROY_VALID_TO, CATPROY_CREATED_BY, CATPROY_UPDATED_BY, CATPROY_CREATED_AT, CATPROY_UPDATED_AT) VALUES (38, 'Dragon Fruit Pitahaya Roja (L.Morada Pastel + QR) ', '5QZ11K-P086A-F121', 500, 3, NULL, NULL, FALSE, 'Z11', FALSE, TRUE, 114, 132, NULL, 2, NULL, FALSE, NULL, NULL, NULL, NULL, NULL, NULL, NULL, NULL);
INSERT INTO CATPROY (XID_CATCLI_CODE, CATPROY_NAME, CATPROY_CODEGEN, CATPROY_GSM, XID_CATHOM_CODE, XID_CATCTAL_CODE, XID_CATCCACO3_CODE, CATPROY_AYD_PROCESS, XID_CATCOL_CODE, CATPROY_IS_STRUCTURAL, CATPROY_HAS_CROWN, XID_CATCIR_CODE, XID_CATPRODTRO_CODE, CATPROY_LEAF_NAME, XID_CATCTIPPRO_CODE, CATPROY_REFERENCE_TAG, CATPROY_HAS_LOGO, CATPROY_QUANTITY_X_PACKAGE, XID_CATCYPREFIJ_CODE, CATPROY_VALID_FROM, CATPROY_VALID_TO, CATPROY_CREATED_BY, CATPROY_UPDATED_BY, CATPROY_CREATED_AT, CATPROY_UPDATED_AT) VALUES (38, 'Dragon Fruit Pitahaya Roja (L.Morada Pastel) ', '5QZ11K-P086B-F121', 500, 3, NULL, NULL, FALSE, 'Z11', FALSE, TRUE, 115, 132, NULL, 2, NULL, FALSE, NULL, NULL, NULL, NULL, NULL, NULL, NULL, NULL);
INSERT INTO CATPROY (XID_CATCLI_CODE, CATPROY_NAME, CATPROY_CODEGEN, CATPROY_GSM, XID_CATHOM_CODE, XID_CATCTAL_CODE, XID_CATCCACO3_CODE, CATPROY_AYD_PROCESS, XID_CATCOL_CODE, CATPROY_IS_STRUCTURAL, CATPROY_HAS_CROWN, XID_CATCIR_CODE, XID_CATPRODTRO_CODE, CATPROY_LEAF_NAME, XID_CATCTIPPRO_CODE, CATPROY_REFERENCE_TAG, CATPROY_HAS_LOGO, CATPROY_QUANTITY_X_PACKAGE, XID_CATCYPREFIJ_CODE, CATPROY_VALID_FROM, CATPROY_VALID_TO, CATPROY_CREATED_BY, CATPROY_UPDATED_BY, CATPROY_CREATED_AT, CATPROY_UPDATED_AT) VALUES (38, 'Glamour Fresh PoE ', '5QB2K-P087-F082', 500, 3, NULL, NULL, FALSE, 'B2', FALSE, TRUE, 116, 91, NULL, 2, NULL, FALSE, NULL, NULL, NULL, NULL, NULL, NULL, NULL, NULL);
INSERT INTO CATPROY (XID_CATCLI_CODE, CATPROY_NAME, CATPROY_CODEGEN, CATPROY_GSM, XID_CATHOM_CODE, XID_CATCTAL_CODE, XID_CATCCACO3_CODE, CATPROY_AYD_PROCESS, XID_CATCOL_CODE, CATPROY_IS_STRUCTURAL, CATPROY_HAS_CROWN, XID_CATCIR_CODE, XID_CATPRODTRO_CODE, CATPROY_LEAF_NAME, XID_CATCTIPPRO_CODE, CATPROY_REFERENCE_TAG, CATPROY_HAS_LOGO, CATPROY_QUANTITY_X_PACKAGE, XID_CATCYPREFIJ_CODE, CATPROY_VALID_FROM, CATPROY_VALID_TO, CATPROY_CREATED_BY, CATPROY_UPDATED_BY, CATPROY_CREATED_AT, CATPROY_UPDATED_AT) VALUES (15, 'Caja Amazon Pelican 4.5Kg ', '6QB2K-P088-F119', 550, 3, NULL, NULL, FALSE, 'B2', FALSE, TRUE, 117, 130, NULL, 2, NULL, FALSE, NULL, NULL, NULL, NULL, NULL, NULL, NULL, NULL);
INSERT INTO CATPROY (XID_CATCLI_CODE, CATPROY_NAME, CATPROY_CODEGEN, CATPROY_GSM, XID_CATHOM_CODE, XID_CATCTAL_CODE, XID_CATCCACO3_CODE, CATPROY_AYD_PROCESS, XID_CATCOL_CODE, CATPROY_IS_STRUCTURAL, CATPROY_HAS_CROWN, XID_CATCIR_CODE, XID_CATPRODTRO_CODE, CATPROY_LEAF_NAME, XID_CATCTIPPRO_CODE, CATPROY_REFERENCE_TAG, CATPROY_HAS_LOGO, CATPROY_QUANTITY_X_PACKAGE, XID_CATCYPREFIJ_CODE, CATPROY_VALID_FROM, CATPROY_VALID_TO, CATPROY_CREATED_BY, CATPROY_UPDATED_BY, CATPROY_CREATED_AT, CATPROY_UPDATED_AT) VALUES (52, 'Lámina 1200x1000', '9QR2E-1200x1000', 900, 3, NULL, NULL, FALSE, 'R2', TRUE, FALSE, NULL, NULL, '1200x1000', 2, NULL, FALSE, NULL, NULL, NULL, NULL, NULL, NULL, NULL, NULL);
INSERT INTO CATPROY (XID_CATCLI_CODE, CATPROY_NAME, CATPROY_CODEGEN, CATPROY_GSM, XID_CATHOM_CODE, XID_CATCTAL_CODE, XID_CATCCACO3_CODE, CATPROY_AYD_PROCESS, XID_CATCOL_CODE, CATPROY_IS_STRUCTURAL, CATPROY_HAS_CROWN, XID_CATCIR_CODE, XID_CATPRODTRO_CODE, CATPROY_LEAF_NAME, XID_CATCTIPPRO_CODE, CATPROY_REFERENCE_TAG, CATPROY_HAS_LOGO, CATPROY_QUANTITY_X_PACKAGE, XID_CATCYPREFIJ_CODE, CATPROY_VALID_FROM, CATPROY_VALID_TO, CATPROY_CREATED_BY, CATPROY_UPDATED_BY, CATPROY_CREATED_AT, CATPROY_UPDATED_AT) VALUES (27, 'Fire Seed 2.5Kg (BWR) ', '5QB2K-P089-F122', 500, 3, NULL, NULL, FALSE, 'B2', FALSE, TRUE, 118, 134, NULL, 2, NULL, FALSE, NULL, NULL, NULL, NULL, NULL, NULL, NULL, NULL);
INSERT INTO CATPROY (XID_CATCLI_CODE, CATPROY_NAME, CATPROY_CODEGEN, CATPROY_GSM, XID_CATHOM_CODE, XID_CATCTAL_CODE, XID_CATCCACO3_CODE, CATPROY_AYD_PROCESS, XID_CATCOL_CODE, CATPROY_IS_STRUCTURAL, CATPROY_HAS_CROWN, XID_CATCIR_CODE, XID_CATPRODTRO_CODE, CATPROY_LEAF_NAME, XID_CATCTIPPRO_CODE, CATPROY_REFERENCE_TAG, CATPROY_HAS_LOGO, CATPROY_QUANTITY_X_PACKAGE, XID_CATCYPREFIJ_CODE, CATPROY_VALID_FROM, CATPROY_VALID_TO, CATPROY_CREATED_BY, CATPROY_UPDATED_BY, CATPROY_CREATED_AT, CATPROY_UPDATED_AT) VALUES (56, 'Frutilicious YP 10Lbs (GRW) ', '6QW1K-P090-F119', 550, 3, NULL, NULL, FALSE, 'W1', FALSE, TRUE, 119, 130, NULL, 2, NULL, FALSE, NULL, NULL, NULL, NULL, NULL, NULL, NULL, NULL);
INSERT INTO CATPROY (XID_CATCLI_CODE, CATPROY_NAME, CATPROY_CODEGEN, CATPROY_GSM, XID_CATHOM_CODE, XID_CATCTAL_CODE, XID_CATCCACO3_CODE, CATPROY_AYD_PROCESS, XID_CATCOL_CODE, CATPROY_IS_STRUCTURAL, CATPROY_HAS_CROWN, XID_CATCIR_CODE, XID_CATPRODTRO_CODE, CATPROY_LEAF_NAME, XID_CATCTIPPRO_CODE, CATPROY_REFERENCE_TAG, CATPROY_HAS_LOGO, CATPROY_QUANTITY_X_PACKAGE, XID_CATCYPREFIJ_CODE, CATPROY_VALID_FROM, CATPROY_VALID_TO, CATPROY_CREATED_BY, CATPROY_UPDATED_BY, CATPROY_CREATED_AT, CATPROY_UPDATED_AT) VALUES (38, 'Dragon Fruit Pitahaya Roja ', '5QZ8K-P073A-F121B', 500, 3, NULL, NULL, FALSE, 'Z8', FALSE, TRUE, 98, 133, NULL, 2, NULL, FALSE, NULL, NULL, NULL, NULL, NULL, NULL, NULL, NULL);
INSERT INTO CATPROY (XID_CATCLI_CODE, CATPROY_NAME, CATPROY_CODEGEN, CATPROY_GSM, XID_CATHOM_CODE, XID_CATCTAL_CODE, XID_CATCCACO3_CODE, CATPROY_AYD_PROCESS, XID_CATCOL_CODE, CATPROY_IS_STRUCTURAL, CATPROY_HAS_CROWN, XID_CATCIR_CODE, XID_CATPRODTRO_CODE, CATPROY_LEAF_NAME, XID_CATCTIPPRO_CODE, CATPROY_REFERENCE_TAG, CATPROY_HAS_LOGO, CATPROY_QUANTITY_X_PACKAGE, XID_CATCYPREFIJ_CODE, CATPROY_VALID_FROM, CATPROY_VALID_TO, CATPROY_CREATED_BY, CATPROY_UPDATED_BY, CATPROY_CREATED_AT, CATPROY_UPDATED_AT) VALUES (38, 'Dragon Fruit Pitahaya Roja (L.Negra) ', '5QB2K-P073C-F121B', 500, 3, NULL, NULL, FALSE, 'B2', FALSE, TRUE, 100, 133, NULL, 2, NULL, FALSE, NULL, NULL, NULL, NULL, NULL, NULL, NULL, NULL);
INSERT INTO CATPROY (XID_CATCLI_CODE, CATPROY_NAME, CATPROY_CODEGEN, CATPROY_GSM, XID_CATHOM_CODE, XID_CATCTAL_CODE, XID_CATCCACO3_CODE, CATPROY_AYD_PROCESS, XID_CATCOL_CODE, CATPROY_IS_STRUCTURAL, CATPROY_HAS_CROWN, XID_CATCIR_CODE, XID_CATPRODTRO_CODE, CATPROY_LEAF_NAME, XID_CATCTIPPRO_CODE, CATPROY_REFERENCE_TAG, CATPROY_HAS_LOGO, CATPROY_QUANTITY_X_PACKAGE, XID_CATCYPREFIJ_CODE, CATPROY_VALID_FROM, CATPROY_VALID_TO, CATPROY_CREATED_BY, CATPROY_UPDATED_BY, CATPROY_CREATED_AT, CATPROY_UPDATED_AT) VALUES (41, 'Pitavit 2.5 a 4.0 kg (RWW) ', '5QR7K-P062F-F082', 500, 3, NULL, NULL, FALSE, 'R7', FALSE, TRUE, 85, 91, NULL, 2, NULL, FALSE, 50, NULL, NULL, NULL, NULL, NULL, NULL, NULL);
INSERT INTO CATPROY (XID_CATCLI_CODE, CATPROY_NAME, CATPROY_CODEGEN, CATPROY_GSM, XID_CATHOM_CODE, XID_CATCTAL_CODE, XID_CATCCACO3_CODE, CATPROY_AYD_PROCESS, XID_CATCOL_CODE, CATPROY_IS_STRUCTURAL, CATPROY_HAS_CROWN, XID_CATCIR_CODE, XID_CATPRODTRO_CODE, CATPROY_LEAF_NAME, XID_CATCTIPPRO_CODE, CATPROY_REFERENCE_TAG, CATPROY_HAS_LOGO, CATPROY_QUANTITY_X_PACKAGE, XID_CATCYPREFIJ_CODE, CATPROY_VALID_FROM, CATPROY_VALID_TO, CATPROY_CREATED_BY, CATPROY_UPDATED_BY, CATPROY_CREATED_AT, CATPROY_UPDATED_AT) VALUES (41, 'Pitavit 2.5 a 4.0 kg (RBB) ', '5QR7K-P062G-F082', 500, 3, NULL, NULL, FALSE, 'R7', FALSE, TRUE, 86, 91, NULL, 2, NULL, FALSE, 50, NULL, NULL, NULL, NULL, NULL, NULL, NULL);
INSERT INTO CATPROY (XID_CATCLI_CODE, CATPROY_NAME, CATPROY_CODEGEN, CATPROY_GSM, XID_CATHOM_CODE, XID_CATCTAL_CODE, XID_CATCCACO3_CODE, CATPROY_AYD_PROCESS, XID_CATCOL_CODE, CATPROY_IS_STRUCTURAL, CATPROY_HAS_CROWN, XID_CATCIR_CODE, XID_CATPRODTRO_CODE, CATPROY_LEAF_NAME, XID_CATCTIPPRO_CODE, CATPROY_REFERENCE_TAG, CATPROY_HAS_LOGO, CATPROY_QUANTITY_X_PACKAGE, XID_CATCYPREFIJ_CODE, CATPROY_VALID_FROM, CATPROY_VALID_TO, CATPROY_CREATED_BY, CATPROY_UPDATED_BY, CATPROY_CREATED_AT, CATPROY_UPDATED_AT) VALUES (8, 'Lámina 1500x2000', '9QZ3E-1500x2000', 900, 3, NULL, NULL, FALSE, 'Z3', TRUE, FALSE, NULL, NULL, '1500x2000', 2, NULL, FALSE, NULL, NULL, NULL, NULL, NULL, NULL, NULL, NULL);
INSERT INTO CATPROY (XID_CATCLI_CODE, CATPROY_NAME, CATPROY_CODEGEN, CATPROY_GSM, XID_CATHOM_CODE, XID_CATCTAL_CODE, XID_CATCCACO3_CODE, CATPROY_AYD_PROCESS, XID_CATCOL_CODE, CATPROY_IS_STRUCTURAL, CATPROY_HAS_CROWN, XID_CATCIR_CODE, XID_CATPRODTRO_CODE, CATPROY_LEAF_NAME, XID_CATCTIPPRO_CODE, CATPROY_REFERENCE_TAG, CATPROY_HAS_LOGO, CATPROY_QUANTITY_X_PACKAGE, XID_CATCYPREFIJ_CODE, CATPROY_VALID_FROM, CATPROY_VALID_TO, CATPROY_CREATED_BY, CATPROY_UPDATED_BY, CATPROY_CREATED_AT, CATPROY_UPDATED_AT) VALUES (38, 'Glamour Fresh PoE 4.5kg ', '5QB2K-P091-F121B', 500, 3, NULL, NULL, FALSE, 'B2', FALSE, TRUE, 120, 133, NULL, 2, NULL, FALSE, NULL, NULL, NULL, NULL, NULL, NULL, NULL, NULL);
INSERT INTO CATPROY (XID_CATCLI_CODE, CATPROY_NAME, CATPROY_CODEGEN, CATPROY_GSM, XID_CATHOM_CODE, XID_CATCTAL_CODE, XID_CATCCACO3_CODE, CATPROY_AYD_PROCESS, XID_CATCOL_CODE, CATPROY_IS_STRUCTURAL, CATPROY_HAS_CROWN, XID_CATCIR_CODE, XID_CATPRODTRO_CODE, CATPROY_LEAF_NAME, XID_CATCTIPPRO_CODE, CATPROY_REFERENCE_TAG, CATPROY_HAS_LOGO, CATPROY_QUANTITY_X_PACKAGE, XID_CATCYPREFIJ_CODE, CATPROY_VALID_FROM, CATPROY_VALID_TO, CATPROY_CREATED_BY, CATPROY_UPDATED_BY, CATPROY_CREATED_AT, CATPROY_UPDATED_AT) VALUES (17, 'Caja Ecuamarfru 100% HQ (L. Negra) B ', '6QB2K-P074B-F122', 550, 3, NULL, NULL, FALSE, 'B2', FALSE, TRUE, 102, 134, NULL, 2, NULL, FALSE, NULL, NULL, NULL, NULL, NULL, NULL, NULL, NULL);
INSERT INTO CATPROY (XID_CATCLI_CODE, CATPROY_NAME, CATPROY_CODEGEN, CATPROY_GSM, XID_CATHOM_CODE, XID_CATCTAL_CODE, XID_CATCCACO3_CODE, CATPROY_AYD_PROCESS, XID_CATCOL_CODE, CATPROY_IS_STRUCTURAL, CATPROY_HAS_CROWN, XID_CATCIR_CODE, XID_CATPRODTRO_CODE, CATPROY_LEAF_NAME, XID_CATCTIPPRO_CODE, CATPROY_REFERENCE_TAG, CATPROY_HAS_LOGO, CATPROY_QUANTITY_X_PACKAGE, XID_CATCYPREFIJ_CODE, CATPROY_VALID_FROM, CATPROY_VALID_TO, CATPROY_CREATED_BY, CATPROY_UPDATED_BY, CATPROY_CREATED_AT, CATPROY_UPDATED_AT) VALUES (43, 'HellyBox B ', '5QB2K-P063B-F122', 500, 3, NULL, NULL, FALSE, 'B2', FALSE, TRUE, 88, 134, NULL, 2, NULL, FALSE, 50, NULL, NULL, NULL, NULL, NULL, NULL, NULL);
INSERT INTO CATPROY (XID_CATCLI_CODE, CATPROY_NAME, CATPROY_CODEGEN, CATPROY_GSM, XID_CATHOM_CODE, XID_CATCTAL_CODE, XID_CATCCACO3_CODE, CATPROY_AYD_PROCESS, XID_CATCOL_CODE, CATPROY_IS_STRUCTURAL, CATPROY_HAS_CROWN, XID_CATCIR_CODE, XID_CATPRODTRO_CODE, CATPROY_LEAF_NAME, XID_CATCTIPPRO_CODE, CATPROY_REFERENCE_TAG, CATPROY_HAS_LOGO, CATPROY_QUANTITY_X_PACKAGE, XID_CATCYPREFIJ_CODE, CATPROY_VALID_FROM, CATPROY_VALID_TO, CATPROY_CREATED_BY, CATPROY_UPDATED_BY, CATPROY_CREATED_AT, CATPROY_UPDATED_AT) VALUES (52, 'Bandeja Apilable 367x245x95 Refzd / Negro ', '5QB2-F122', 500, 3, NULL, NULL, FALSE, 'B2', FALSE, FALSE, NULL, 134, NULL, NULL, NULL, FALSE, 50, NULL, NULL, NULL, NULL, NULL, NULL, NULL);
INSERT INTO CATPROY (XID_CATCLI_CODE, CATPROY_NAME, CATPROY_CODEGEN, CATPROY_GSM, XID_CATHOM_CODE, XID_CATCTAL_CODE, XID_CATCCACO3_CODE, CATPROY_AYD_PROCESS, XID_CATCOL_CODE, CATPROY_IS_STRUCTURAL, CATPROY_HAS_CROWN, XID_CATCIR_CODE, XID_CATPRODTRO_CODE, CATPROY_LEAF_NAME, XID_CATCTIPPRO_CODE, CATPROY_REFERENCE_TAG, CATPROY_HAS_LOGO, CATPROY_QUANTITY_X_PACKAGE, XID_CATCYPREFIJ_CODE, CATPROY_VALID_FROM, CATPROY_VALID_TO, CATPROY_CREATED_BY, CATPROY_UPDATED_BY, CATPROY_CREATED_AT, CATPROY_UPDATED_AT) VALUES (57, 'Apilable Mirafruit 367x245x95 Refzd (BY)  ', '6QB2K-P092-F122', 550, 3, NULL, NULL, FALSE, 'B2', FALSE, TRUE, 121, 134, NULL, 2, NULL, FALSE, 50, NULL, NULL, NULL, NULL, NULL, NULL, NULL);
INSERT INTO CATPROY (XID_CATCLI_CODE, CATPROY_NAME, CATPROY_CODEGEN, CATPROY_GSM, XID_CATHOM_CODE, XID_CATCTAL_CODE, XID_CATCCACO3_CODE, CATPROY_AYD_PROCESS, XID_CATCOL_CODE, CATPROY_IS_STRUCTURAL, CATPROY_HAS_CROWN, XID_CATCIR_CODE, XID_CATPRODTRO_CODE, CATPROY_LEAF_NAME, XID_CATCTIPPRO_CODE, CATPROY_REFERENCE_TAG, CATPROY_HAS_LOGO, CATPROY_QUANTITY_X_PACKAGE, XID_CATCYPREFIJ_CODE, CATPROY_VALID_FROM, CATPROY_VALID_TO, CATPROY_CREATED_BY, CATPROY_UPDATED_BY, CATPROY_CREATED_AT, CATPROY_UPDATED_AT) VALUES (57, 'MiraFruits 386x290x90 (BY) ', '6QB2K-P093-F134', 550, 3, NULL, NULL, FALSE, 'B2', FALSE, TRUE, 123, 143, NULL, 2, NULL, FALSE, 50, NULL, NULL, NULL, NULL, NULL, NULL, NULL);
INSERT INTO CATPROY (XID_CATCLI_CODE, CATPROY_NAME, CATPROY_CODEGEN, CATPROY_GSM, XID_CATHOM_CODE, XID_CATCTAL_CODE, XID_CATCCACO3_CODE, CATPROY_AYD_PROCESS, XID_CATCOL_CODE, CATPROY_IS_STRUCTURAL, CATPROY_HAS_CROWN, XID_CATCIR_CODE, XID_CATPRODTRO_CODE, CATPROY_LEAF_NAME, XID_CATCTIPPRO_CODE, CATPROY_REFERENCE_TAG, CATPROY_HAS_LOGO, CATPROY_QUANTITY_X_PACKAGE, XID_CATCYPREFIJ_CODE, CATPROY_VALID_FROM, CATPROY_VALID_TO, CATPROY_CREATED_BY, CATPROY_UPDATED_BY, CATPROY_CREATED_AT, CATPROY_UPDATED_AT) VALUES (57, 'Apilable Mirafruit 367x245x95 Refzd Turquesa  ', '6QZ12K-P092B-F122', 550, 3, NULL, NULL, FALSE, 'Z12', FALSE, TRUE, 122, 134, NULL, 2, NULL, FALSE, 50, NULL, NULL, NULL, NULL, NULL, NULL, NULL);
INSERT INTO CATPROY (XID_CATCLI_CODE, CATPROY_NAME, CATPROY_CODEGEN, CATPROY_GSM, XID_CATHOM_CODE, XID_CATCTAL_CODE, XID_CATCCACO3_CODE, CATPROY_AYD_PROCESS, XID_CATCOL_CODE, CATPROY_IS_STRUCTURAL, CATPROY_HAS_CROWN, XID_CATCIR_CODE, XID_CATPRODTRO_CODE, CATPROY_LEAF_NAME, XID_CATCTIPPRO_CODE, CATPROY_REFERENCE_TAG, CATPROY_HAS_LOGO, CATPROY_QUANTITY_X_PACKAGE, XID_CATCYPREFIJ_CODE, CATPROY_VALID_FROM, CATPROY_VALID_TO, CATPROY_CREATED_BY, CATPROY_UPDATED_BY, CATPROY_CREATED_AT, CATPROY_UPDATED_AT) VALUES (57, 'MiraFruits 386x290x90 Turquesa ', '6QZ12K-P093B-F134', 550, 3, NULL, NULL, FALSE, 'Z12', FALSE, TRUE, 124, 143, NULL, 2, NULL, FALSE, 50, NULL, NULL, NULL, NULL, NULL, NULL, NULL);
INSERT INTO CATPROY (XID_CATCLI_CODE, CATPROY_NAME, CATPROY_CODEGEN, CATPROY_GSM, XID_CATHOM_CODE, XID_CATCTAL_CODE, XID_CATCCACO3_CODE, CATPROY_AYD_PROCESS, XID_CATCOL_CODE, CATPROY_IS_STRUCTURAL, CATPROY_HAS_CROWN, XID_CATCIR_CODE, XID_CATPRODTRO_CODE, CATPROY_LEAF_NAME, XID_CATCTIPPRO_CODE, CATPROY_REFERENCE_TAG, CATPROY_HAS_LOGO, CATPROY_QUANTITY_X_PACKAGE, XID_CATCYPREFIJ_CODE, CATPROY_VALID_FROM, CATPROY_VALID_TO, CATPROY_CREATED_BY, CATPROY_UPDATED_BY, CATPROY_CREATED_AT, CATPROY_UPDATED_AT) VALUES (15, 'Caja Amazon Pelican 2.5 kg ', '5QY4K-P032B-F122', 500, 3, NULL, NULL, FALSE, 'Y4', FALSE, TRUE, 47, 134, NULL, 2, NULL, FALSE, NULL, NULL, NULL, NULL, NULL, NULL, NULL, NULL);
INSERT INTO CATPROY (XID_CATCLI_CODE, CATPROY_NAME, CATPROY_CODEGEN, CATPROY_GSM, XID_CATHOM_CODE, XID_CATCTAL_CODE, XID_CATCCACO3_CODE, CATPROY_AYD_PROCESS, XID_CATCOL_CODE, CATPROY_IS_STRUCTURAL, CATPROY_HAS_CROWN, XID_CATCIR_CODE, XID_CATPRODTRO_CODE, CATPROY_LEAF_NAME, XID_CATCTIPPRO_CODE, CATPROY_REFERENCE_TAG, CATPROY_HAS_LOGO, CATPROY_QUANTITY_X_PACKAGE, XID_CATCYPREFIJ_CODE, CATPROY_VALID_FROM, CATPROY_VALID_TO, CATPROY_CREATED_BY, CATPROY_UPDATED_BY, CATPROY_CREATED_AT, CATPROY_UPDATED_AT) VALUES (17, 'Caja The Dragon Fruit House (L. Celeste) ', '6QZ7K-P094A-F122', 550, 3, NULL, NULL, FALSE, 'Z7', FALSE, TRUE, 125, 134, NULL, 2, NULL, FALSE, NULL, NULL, NULL, NULL, NULL, NULL, NULL, NULL);
INSERT INTO CATPROY (XID_CATCLI_CODE, CATPROY_NAME, CATPROY_CODEGEN, CATPROY_GSM, XID_CATHOM_CODE, XID_CATCTAL_CODE, XID_CATCCACO3_CODE, CATPROY_AYD_PROCESS, XID_CATCOL_CODE, CATPROY_IS_STRUCTURAL, CATPROY_HAS_CROWN, XID_CATCIR_CODE, XID_CATPRODTRO_CODE, CATPROY_LEAF_NAME, XID_CATCTIPPRO_CODE, CATPROY_REFERENCE_TAG, CATPROY_HAS_LOGO, CATPROY_QUANTITY_X_PACKAGE, XID_CATCYPREFIJ_CODE, CATPROY_VALID_FROM, CATPROY_VALID_TO, CATPROY_CREATED_BY, CATPROY_UPDATED_BY, CATPROY_CREATED_AT, CATPROY_UPDATED_AT) VALUES (17, 'Caja The Dragon Fruit House (L. Negra) ', '6QB2K-P094B-F122', 550, 3, NULL, NULL, FALSE, 'B2', FALSE, TRUE, 126, 134, NULL, 2, NULL, FALSE, NULL, NULL, NULL, NULL, NULL, NULL, NULL, NULL);
INSERT INTO CATPROY (XID_CATCLI_CODE, CATPROY_NAME, CATPROY_CODEGEN, CATPROY_GSM, XID_CATHOM_CODE, XID_CATCTAL_CODE, XID_CATCCACO3_CODE, CATPROY_AYD_PROCESS, XID_CATCOL_CODE, CATPROY_IS_STRUCTURAL, CATPROY_HAS_CROWN, XID_CATCIR_CODE, XID_CATPRODTRO_CODE, CATPROY_LEAF_NAME, XID_CATCTIPPRO_CODE, CATPROY_REFERENCE_TAG, CATPROY_HAS_LOGO, CATPROY_QUANTITY_X_PACKAGE, XID_CATCYPREFIJ_CODE, CATPROY_VALID_FROM, CATPROY_VALID_TO, CATPROY_CREATED_BY, CATPROY_UPDATED_BY, CATPROY_CREATED_AT, CATPROY_UPDATED_AT) VALUES (57, 'TV Limes 386x290x90 (BGG) ', '6QB2K-P095A-F134', 600, 3, NULL, NULL, FALSE, 'B2', FALSE, TRUE, 127, 143, NULL, 2, NULL, FALSE, NULL, NULL, NULL, NULL, NULL, NULL, NULL, NULL);
INSERT INTO CATPROY (XID_CATCLI_CODE, CATPROY_NAME, CATPROY_CODEGEN, CATPROY_GSM, XID_CATHOM_CODE, XID_CATCTAL_CODE, XID_CATCCACO3_CODE, CATPROY_AYD_PROCESS, XID_CATCOL_CODE, CATPROY_IS_STRUCTURAL, CATPROY_HAS_CROWN, XID_CATCIR_CODE, XID_CATPRODTRO_CODE, CATPROY_LEAF_NAME, XID_CATCTIPPRO_CODE, CATPROY_REFERENCE_TAG, CATPROY_HAS_LOGO, CATPROY_QUANTITY_X_PACKAGE, XID_CATCYPREFIJ_CODE, CATPROY_VALID_FROM, CATPROY_VALID_TO, CATPROY_CREATED_BY, CATPROY_UPDATED_BY, CATPROY_CREATED_AT, CATPROY_UPDATED_AT) VALUES (18, 'Bandeja Perforada 270x170x83 / Blanco  (Xp)', '3QL1W4-F135 (Xp)', 300, 3, 1, NULL, FALSE, 'W4', FALSE, FALSE, NULL, 144, NULL, 1, NULL, FALSE, 150, NULL, NULL, NULL, NULL, NULL, NULL, NULL);
INSERT INTO CATPROY (XID_CATCLI_CODE, CATPROY_NAME, CATPROY_CODEGEN, CATPROY_GSM, XID_CATHOM_CODE, XID_CATCTAL_CODE, XID_CATCCACO3_CODE, CATPROY_AYD_PROCESS, XID_CATCOL_CODE, CATPROY_IS_STRUCTURAL, CATPROY_HAS_CROWN, XID_CATCIR_CODE, XID_CATPRODTRO_CODE, CATPROY_LEAF_NAME, XID_CATCTIPPRO_CODE, CATPROY_REFERENCE_TAG, CATPROY_HAS_LOGO, CATPROY_QUANTITY_X_PACKAGE, XID_CATCYPREFIJ_CODE, CATPROY_VALID_FROM, CATPROY_VALID_TO, CATPROY_CREATED_BY, CATPROY_UPDATED_BY, CATPROY_CREATED_AT, CATPROY_UPDATED_AT) VALUES (13, 'Lámina 790x1500', '5QW1-790x1500', 500, 3, NULL, NULL, FALSE, 'W1', FALSE, FALSE, NULL, NULL, '790x1500', 2, NULL, FALSE, NULL, NULL, NULL, NULL, NULL, NULL, NULL, NULL);
INSERT INTO CATPROY (XID_CATCLI_CODE, CATPROY_NAME, CATPROY_CODEGEN, CATPROY_GSM, XID_CATHOM_CODE, XID_CATCTAL_CODE, XID_CATCCACO3_CODE, CATPROY_AYD_PROCESS, XID_CATCOL_CODE, CATPROY_IS_STRUCTURAL, CATPROY_HAS_CROWN, XID_CATCIR_CODE, XID_CATPRODTRO_CODE, CATPROY_LEAF_NAME, XID_CATCTIPPRO_CODE, CATPROY_REFERENCE_TAG, CATPROY_HAS_LOGO, CATPROY_QUANTITY_X_PACKAGE, XID_CATCYPREFIJ_CODE, CATPROY_VALID_FROM, CATPROY_VALID_TO, CATPROY_CREATED_BY, CATPROY_UPDATED_BY, CATPROY_CREATED_AT, CATPROY_UPDATED_AT) VALUES (13, 'Lámina 780x1480', '5QW1-780x1480', 500, 3, NULL, NULL, FALSE, 'W1', FALSE, FALSE, NULL, NULL, '780x1480', 2, NULL, FALSE, NULL, NULL, NULL, NULL, NULL, NULL, NULL, NULL);
INSERT INTO CATPROY (XID_CATCLI_CODE, CATPROY_NAME, CATPROY_CODEGEN, CATPROY_GSM, XID_CATHOM_CODE, XID_CATCTAL_CODE, XID_CATCCACO3_CODE, CATPROY_AYD_PROCESS, XID_CATCOL_CODE, CATPROY_IS_STRUCTURAL, CATPROY_HAS_CROWN, XID_CATCIR_CODE, XID_CATPRODTRO_CODE, CATPROY_LEAF_NAME, XID_CATCTIPPRO_CODE, CATPROY_REFERENCE_TAG, CATPROY_HAS_LOGO, CATPROY_QUANTITY_X_PACKAGE, XID_CATCYPREFIJ_CODE, CATPROY_VALID_FROM, CATPROY_VALID_TO, CATPROY_CREATED_BY, CATPROY_UPDATED_BY, CATPROY_CREATED_AT, CATPROY_UPDATED_AT) VALUES (32, 'Lámina 2450x2000', '6QW1K-2450x2000', 550, 3, NULL, NULL, FALSE, 'W1', FALSE, TRUE, NULL, NULL, '2450x2000', 2, NULL, FALSE, NULL, NULL, NULL, NULL, NULL, NULL, NULL, NULL);
INSERT INTO CATPROY (XID_CATCLI_CODE, CATPROY_NAME, CATPROY_CODEGEN, CATPROY_GSM, XID_CATHOM_CODE, XID_CATCTAL_CODE, XID_CATCCACO3_CODE, CATPROY_AYD_PROCESS, XID_CATCOL_CODE, CATPROY_IS_STRUCTURAL, CATPROY_HAS_CROWN, XID_CATCIR_CODE, XID_CATPRODTRO_CODE, CATPROY_LEAF_NAME, XID_CATCTIPPRO_CODE, CATPROY_REFERENCE_TAG, CATPROY_HAS_LOGO, CATPROY_QUANTITY_X_PACKAGE, XID_CATCYPREFIJ_CODE, CATPROY_VALID_FROM, CATPROY_VALID_TO, CATPROY_CREATED_BY, CATPROY_UPDATED_BY, CATPROY_CREATED_AT, CATPROY_UPDATED_AT) VALUES (38, 'Caja Picaler 2.5kg (T122) 600gr', '6QB2K-P020B-F122', 600, 3, NULL, NULL, FALSE, 'B2', FALSE, TRUE, 31, 134, NULL, 2, NULL, FALSE, 50, NULL, NULL, NULL, NULL, NULL, NULL, NULL);
INSERT INTO CATPROY (XID_CATCLI_CODE, CATPROY_NAME, CATPROY_CODEGEN, CATPROY_GSM, XID_CATHOM_CODE, XID_CATCTAL_CODE, XID_CATCCACO3_CODE, CATPROY_AYD_PROCESS, XID_CATCOL_CODE, CATPROY_IS_STRUCTURAL, CATPROY_HAS_CROWN, XID_CATCIR_CODE, XID_CATPRODTRO_CODE, CATPROY_LEAF_NAME, XID_CATCTIPPRO_CODE, CATPROY_REFERENCE_TAG, CATPROY_HAS_LOGO, CATPROY_QUANTITY_X_PACKAGE, XID_CATCYPREFIJ_CODE, CATPROY_VALID_FROM, CATPROY_VALID_TO, CATPROY_CREATED_BY, CATPROY_UPDATED_BY, CATPROY_CREATED_AT, CATPROY_UPDATED_AT) VALUES (54, 'Bandeja Social Deal 5kg (Verde) ', '6QW1K-P096-F136', 600, 3, NULL, NULL, FALSE, 'W1', FALSE, TRUE, 128, 145, NULL, 2, NULL, FALSE, 50, NULL, NULL, NULL, NULL, NULL, NULL, NULL);
INSERT INTO CATPROY (XID_CATCLI_CODE, CATPROY_NAME, CATPROY_CODEGEN, CATPROY_GSM, XID_CATHOM_CODE, XID_CATCTAL_CODE, XID_CATCCACO3_CODE, CATPROY_AYD_PROCESS, XID_CATCOL_CODE, CATPROY_IS_STRUCTURAL, CATPROY_HAS_CROWN, XID_CATCIR_CODE, XID_CATPRODTRO_CODE, CATPROY_LEAF_NAME, XID_CATCTIPPRO_CODE, CATPROY_REFERENCE_TAG, CATPROY_HAS_LOGO, CATPROY_QUANTITY_X_PACKAGE, XID_CATCYPREFIJ_CODE, CATPROY_VALID_FROM, CATPROY_VALID_TO, CATPROY_CREATED_BY, CATPROY_UPDATED_BY, CATPROY_CREATED_AT, CATPROY_UPDATED_AT) VALUES (43, 'Punky Fruits (WYG) ', '6QW1K-P097-F122', 550, 3, NULL, NULL, FALSE, 'W1', FALSE, TRUE, 129, 134, NULL, 2, NULL, FALSE, 50, NULL, NULL, NULL, NULL, NULL, NULL, NULL);
INSERT INTO CATPROY (XID_CATCLI_CODE, CATPROY_NAME, CATPROY_CODEGEN, CATPROY_GSM, XID_CATHOM_CODE, XID_CATCTAL_CODE, XID_CATCCACO3_CODE, CATPROY_AYD_PROCESS, XID_CATCOL_CODE, CATPROY_IS_STRUCTURAL, CATPROY_HAS_CROWN, XID_CATCIR_CODE, XID_CATPRODTRO_CODE, CATPROY_LEAF_NAME, XID_CATCTIPPRO_CODE, CATPROY_REFERENCE_TAG, CATPROY_HAS_LOGO, CATPROY_QUANTITY_X_PACKAGE, XID_CATCYPREFIJ_CODE, CATPROY_VALID_FROM, CATPROY_VALID_TO, CATPROY_CREATED_BY, CATPROY_UPDATED_BY, CATPROY_CREATED_AT, CATPROY_UPDATED_AT) VALUES (52, 'Autoarmable 29x15x6.5 / Blanco ', '3VL1W1-F027', 300, 3, 1, NULL, FALSE, 'W1', FALSE, FALSE, NULL, 29, NULL, 2, NULL, FALSE, NULL, NULL, NULL, NULL, NULL, NULL, NULL, NULL);
INSERT INTO CATPROY (XID_CATCLI_CODE, CATPROY_NAME, CATPROY_CODEGEN, CATPROY_GSM, XID_CATHOM_CODE, XID_CATCTAL_CODE, XID_CATCCACO3_CODE, CATPROY_AYD_PROCESS, XID_CATCOL_CODE, CATPROY_IS_STRUCTURAL, CATPROY_HAS_CROWN, XID_CATCIR_CODE, XID_CATPRODTRO_CODE, CATPROY_LEAF_NAME, XID_CATCTIPPRO_CODE, CATPROY_REFERENCE_TAG, CATPROY_HAS_LOGO, CATPROY_QUANTITY_X_PACKAGE, XID_CATCYPREFIJ_CODE, CATPROY_VALID_FROM, CATPROY_VALID_TO, CATPROY_CREATED_BY, CATPROY_UPDATED_BY, CATPROY_CREATED_AT, CATPROY_UPDATED_AT) VALUES (52, 'Autoarmable 29x15x6.5 / Blanco  (Xp)', '3VL1W1-F027 (Xp)', 300, 3, 1, NULL, FALSE, 'W1', FALSE, FALSE, NULL, 29, NULL, 1, NULL, FALSE, NULL, NULL, NULL, NULL, NULL, NULL, NULL, NULL);
INSERT INTO CATPROY (XID_CATCLI_CODE, CATPROY_NAME, CATPROY_CODEGEN, CATPROY_GSM, XID_CATHOM_CODE, XID_CATCTAL_CODE, XID_CATCCACO3_CODE, CATPROY_AYD_PROCESS, XID_CATCOL_CODE, CATPROY_IS_STRUCTURAL, CATPROY_HAS_CROWN, XID_CATCIR_CODE, XID_CATPRODTRO_CODE, CATPROY_LEAF_NAME, XID_CATCTIPPRO_CODE, CATPROY_REFERENCE_TAG, CATPROY_HAS_LOGO, CATPROY_QUANTITY_X_PACKAGE, XID_CATCYPREFIJ_CODE, CATPROY_VALID_FROM, CATPROY_VALID_TO, CATPROY_CREATED_BY, CATPROY_UPDATED_BY, CATPROY_CREATED_AT, CATPROY_UPDATED_AT) VALUES (19, 'Bandeja Perf. 289x188x70 / Blanco  (Xp)', '3QL1W4-F137 (Xp)', 300, 3, 1, NULL, FALSE, 'W4', FALSE, FALSE, NULL, 146, NULL, 1, NULL, FALSE, NULL, NULL, NULL, NULL, NULL, NULL, NULL, NULL);
INSERT INTO CATPROY (XID_CATCLI_CODE, CATPROY_NAME, CATPROY_CODEGEN, CATPROY_GSM, XID_CATHOM_CODE, XID_CATCTAL_CODE, XID_CATCCACO3_CODE, CATPROY_AYD_PROCESS, XID_CATCOL_CODE, CATPROY_IS_STRUCTURAL, CATPROY_HAS_CROWN, XID_CATCIR_CODE, XID_CATPRODTRO_CODE, CATPROY_LEAF_NAME, XID_CATCTIPPRO_CODE, CATPROY_REFERENCE_TAG, CATPROY_HAS_LOGO, CATPROY_QUANTITY_X_PACKAGE, XID_CATCYPREFIJ_CODE, CATPROY_VALID_FROM, CATPROY_VALID_TO, CATPROY_CREATED_BY, CATPROY_UPDATED_BY, CATPROY_CREATED_AT, CATPROY_UPDATED_AT) VALUES (49, 'Bandeja Perf. 302x202x60 / Blanco  (Xp)', '3QL1W4-F138 (Xp)', 300, 3, 1, NULL, FALSE, 'W4', FALSE, FALSE, NULL, 147, NULL, 1, NULL, FALSE, NULL, NULL, NULL, NULL, NULL, NULL, NULL, NULL);
INSERT INTO CATPROY (XID_CATCLI_CODE, CATPROY_NAME, CATPROY_CODEGEN, CATPROY_GSM, XID_CATHOM_CODE, XID_CATCTAL_CODE, XID_CATCCACO3_CODE, CATPROY_AYD_PROCESS, XID_CATCOL_CODE, CATPROY_IS_STRUCTURAL, CATPROY_HAS_CROWN, XID_CATCIR_CODE, XID_CATPRODTRO_CODE, CATPROY_LEAF_NAME, XID_CATCTIPPRO_CODE, CATPROY_REFERENCE_TAG, CATPROY_HAS_LOGO, CATPROY_QUANTITY_X_PACKAGE, XID_CATCYPREFIJ_CODE, CATPROY_VALID_FROM, CATPROY_VALID_TO, CATPROY_CREATED_BY, CATPROY_UPDATED_BY, CATPROY_CREATED_AT, CATPROY_UPDATED_AT) VALUES (38, 'Bandeja doble tapa 389x284x133 / Negro ', '5QB2-F121B', 500, 3, NULL, NULL, FALSE, 'B2', FALSE, FALSE, NULL, 133, NULL, 2, NULL, FALSE, NULL, NULL, NULL, NULL, NULL, NULL, NULL, NULL);
INSERT INTO CATPROY (XID_CATCLI_CODE, CATPROY_NAME, CATPROY_CODEGEN, CATPROY_GSM, XID_CATHOM_CODE, XID_CATCTAL_CODE, XID_CATCCACO3_CODE, CATPROY_AYD_PROCESS, XID_CATCOL_CODE, CATPROY_IS_STRUCTURAL, CATPROY_HAS_CROWN, XID_CATCIR_CODE, XID_CATPRODTRO_CODE, CATPROY_LEAF_NAME, XID_CATCTIPPRO_CODE, CATPROY_REFERENCE_TAG, CATPROY_HAS_LOGO, CATPROY_QUANTITY_X_PACKAGE, XID_CATCYPREFIJ_CODE, CATPROY_VALID_FROM, CATPROY_VALID_TO, CATPROY_CREATED_BY, CATPROY_UPDATED_BY, CATPROY_CREATED_AT, CATPROY_UPDATED_AT) VALUES (41, 'Bandeja 384x288x85 500gr / Negro ', '5QB2-F124', 500, 3, NULL, NULL, FALSE, 'B2', FALSE, FALSE, NULL, 136, NULL, 2, NULL, FALSE, NULL, NULL, NULL, NULL, NULL, NULL, NULL, NULL);
INSERT INTO CATPROY (XID_CATCLI_CODE, CATPROY_NAME, CATPROY_CODEGEN, CATPROY_GSM, XID_CATHOM_CODE, XID_CATCTAL_CODE, XID_CATCCACO3_CODE, CATPROY_AYD_PROCESS, XID_CATCOL_CODE, CATPROY_IS_STRUCTURAL, CATPROY_HAS_CROWN, XID_CATCIR_CODE, XID_CATPRODTRO_CODE, CATPROY_LEAF_NAME, XID_CATCTIPPRO_CODE, CATPROY_REFERENCE_TAG, CATPROY_HAS_LOGO, CATPROY_QUANTITY_X_PACKAGE, XID_CATCYPREFIJ_CODE, CATPROY_VALID_FROM, CATPROY_VALID_TO, CATPROY_CREATED_BY, CATPROY_UPDATED_BY, CATPROY_CREATED_AT, CATPROY_UPDATED_AT) VALUES (36, 'Bandeja 287x187x70 / Blanco  (Xp)', '3QL1W4-F140 (Xp)', 300, 3, 1, NULL, FALSE, 'W4', FALSE, FALSE, NULL, 149, NULL, 1, NULL, FALSE, NULL, NULL, NULL, NULL, NULL, NULL, NULL, NULL);
INSERT INTO CATPROY (XID_CATCLI_CODE, CATPROY_NAME, CATPROY_CODEGEN, CATPROY_GSM, XID_CATHOM_CODE, XID_CATCTAL_CODE, XID_CATCCACO3_CODE, CATPROY_AYD_PROCESS, XID_CATCOL_CODE, CATPROY_IS_STRUCTURAL, CATPROY_HAS_CROWN, XID_CATCIR_CODE, XID_CATPRODTRO_CODE, CATPROY_LEAF_NAME, XID_CATCTIPPRO_CODE, CATPROY_REFERENCE_TAG, CATPROY_HAS_LOGO, CATPROY_QUANTITY_X_PACKAGE, XID_CATCYPREFIJ_CODE, CATPROY_VALID_FROM, CATPROY_VALID_TO, CATPROY_CREATED_BY, CATPROY_UPDATED_BY, CATPROY_CREATED_AT, CATPROY_UPDATED_AT) VALUES (38, 'Monkey Yellow Pitahaya (BYG) ', '6QB2K-P098-F121B', 550, 3, NULL, NULL, FALSE, 'B2', FALSE, TRUE, 130, 133, NULL, 2, NULL, FALSE, NULL, NULL, NULL, NULL, NULL, NULL, NULL, NULL);
INSERT INTO CATPROY (XID_CATCLI_CODE, CATPROY_NAME, CATPROY_CODEGEN, CATPROY_GSM, XID_CATHOM_CODE, XID_CATCTAL_CODE, XID_CATCCACO3_CODE, CATPROY_AYD_PROCESS, XID_CATCOL_CODE, CATPROY_IS_STRUCTURAL, CATPROY_HAS_CROWN, XID_CATCIR_CODE, XID_CATPRODTRO_CODE, CATPROY_LEAF_NAME, XID_CATCTIPPRO_CODE, CATPROY_REFERENCE_TAG, CATPROY_HAS_LOGO, CATPROY_QUANTITY_X_PACKAGE, XID_CATCYPREFIJ_CODE, CATPROY_VALID_FROM, CATPROY_VALID_TO, CATPROY_CREATED_BY, CATPROY_UPDATED_BY, CATPROY_CREATED_AT, CATPROY_UPDATED_AT) VALUES (54, 'Bandeja Social Deal 5kg (Roja) ', '6QW1K-P099-F119', 550, 3, NULL, NULL, FALSE, 'W1', FALSE, TRUE, 131, 130, NULL, NULL, NULL, FALSE, NULL, NULL, NULL, NULL, NULL, NULL, NULL, NULL);
INSERT INTO CATPROY (XID_CATCLI_CODE, CATPROY_NAME, CATPROY_CODEGEN, CATPROY_GSM, XID_CATHOM_CODE, XID_CATCTAL_CODE, XID_CATCCACO3_CODE, CATPROY_AYD_PROCESS, XID_CATCOL_CODE, CATPROY_IS_STRUCTURAL, CATPROY_HAS_CROWN, XID_CATCIR_CODE, XID_CATPRODTRO_CODE, CATPROY_LEAF_NAME, XID_CATCTIPPRO_CODE, CATPROY_REFERENCE_TAG, CATPROY_HAS_LOGO, CATPROY_QUANTITY_X_PACKAGE, XID_CATCYPREFIJ_CODE, CATPROY_VALID_FROM, CATPROY_VALID_TO, CATPROY_CREATED_BY, CATPROY_UPDATED_BY, CATPROY_CREATED_AT, CATPROY_UPDATED_AT) VALUES (38, 'Monkey Yellow Pitahaya (BYG) ', '5QB2K-P100-F082', 500, 3, NULL, NULL, FALSE, 'B2', FALSE, TRUE, 132, 91, NULL, NULL, NULL, FALSE, NULL, NULL, NULL, NULL, NULL, NULL, NULL, NULL);
INSERT INTO CATPROY (XID_CATCLI_CODE, CATPROY_NAME, CATPROY_CODEGEN, CATPROY_GSM, XID_CATHOM_CODE, XID_CATCTAL_CODE, XID_CATCCACO3_CODE, CATPROY_AYD_PROCESS, XID_CATCOL_CODE, CATPROY_IS_STRUCTURAL, CATPROY_HAS_CROWN, XID_CATCIR_CODE, XID_CATPRODTRO_CODE, CATPROY_LEAF_NAME, XID_CATCTIPPRO_CODE, CATPROY_REFERENCE_TAG, CATPROY_HAS_LOGO, CATPROY_QUANTITY_X_PACKAGE, XID_CATCYPREFIJ_CODE, CATPROY_VALID_FROM, CATPROY_VALID_TO, CATPROY_CREATED_BY, CATPROY_UPDATED_BY, CATPROY_CREATED_AT, CATPROY_UPDATED_AT) VALUES (33, 'Base Mnr ', '8QW3K-P101-F142', 800, 3, NULL, NULL, FALSE, 'W3', FALSE, TRUE, 133, 151, NULL, 2, NULL, FALSE, NULL, NULL, NULL, NULL, NULL, NULL, NULL, NULL);
INSERT INTO CATPROY (XID_CATCLI_CODE, CATPROY_NAME, CATPROY_CODEGEN, CATPROY_GSM, XID_CATHOM_CODE, XID_CATCTAL_CODE, XID_CATCCACO3_CODE, CATPROY_AYD_PROCESS, XID_CATCOL_CODE, CATPROY_IS_STRUCTURAL, CATPROY_HAS_CROWN, XID_CATCIR_CODE, XID_CATPRODTRO_CODE, CATPROY_LEAF_NAME, XID_CATCTIPPRO_CODE, CATPROY_REFERENCE_TAG, CATPROY_HAS_LOGO, CATPROY_QUANTITY_X_PACKAGE, XID_CATCYPREFIJ_CODE, CATPROY_VALID_FROM, CATPROY_VALID_TO, CATPROY_CREATED_BY, CATPROY_UPDATED_BY, CATPROY_CREATED_AT, CATPROY_UPDATED_AT) VALUES (33, 'Tapa Mnr Lw ', '8QW3K-P102-F143', 800, 3, NULL, NULL, FALSE, 'W3', FALSE, TRUE, 134, 152, NULL, 2, NULL, FALSE, NULL, NULL, NULL, NULL, NULL, NULL, NULL, NULL);
INSERT INTO CATPROY (XID_CATCLI_CODE, CATPROY_NAME, CATPROY_CODEGEN, CATPROY_GSM, XID_CATHOM_CODE, XID_CATCTAL_CODE, XID_CATCCACO3_CODE, CATPROY_AYD_PROCESS, XID_CATCOL_CODE, CATPROY_IS_STRUCTURAL, CATPROY_HAS_CROWN, XID_CATCIR_CODE, XID_CATPRODTRO_CODE, CATPROY_LEAF_NAME, XID_CATCTIPPRO_CODE, CATPROY_REFERENCE_TAG, CATPROY_HAS_LOGO, CATPROY_QUANTITY_X_PACKAGE, XID_CATCYPREFIJ_CODE, CATPROY_VALID_FROM, CATPROY_VALID_TO, CATPROY_CREATED_BY, CATPROY_UPDATED_BY, CATPROY_CREATED_AT, CATPROY_UPDATED_AT) VALUES (33, 'Separador Mnr 5 ', '6QW3K-P103-F144', 600, 3, NULL, NULL, FALSE, 'W3', FALSE, TRUE, 135, 153, NULL, 2, NULL, FALSE, NULL, NULL, NULL, NULL, NULL, NULL, NULL, NULL);
