/*==============================================================*/
/* Table: CDTCAT                                                */
/*==============================================================*/
CREATE TABLE CDTCAT
(
    ID_CDTCAT_CODE       INT NOT NULL AUTO_INCREMENT,
    XID_CDTTIP_ID        INT,
    CDTCAT_NAME          VARCHAR(64) NOT NULL,
    CDTCAT_VALID_FROM    TIMESTAMP,
    CDTCAT_VALID_TO      TIMESTAMP NULL,
    CDTCAT_CREATED_BY    VARCHAR(16),
    CDTCAT_UPDATED_BY    VARCHAR(16),
    CDTCAT_CREATED_AT    TIMESTAMP,
    CDTCAT_UPDATED_AT    TIMESTAMP,
    PRIMARY KEY (ID_CDTCAT_CODE)
);

ALTER TABLE CDTCAT COMMENT 'CATALOGO BODEGA';

/*==============================================================*/
/* Table: CDTTIP                                                */
/*==============================================================*/
CREATE TABLE CDTTIP
(
    ID_CDTTIP_ID         INT NOT NULL AUTO_INCREMENT,
    CDTTIP_NAME          VARCHAR(8) NOT NULL,
    CDTTIP_VALID_FROM    TIMESTAMP,
    CDTTIP_VALID_TO      TIMESTAMP NULL,
    CDTTIP_CREATED_BY    VARCHAR(16),
    CDTTIP_UPDATED_BY    VARCHAR(16),
    CDTTIP_CREATED_AT    TIMESTAMP,
    CDTTIP_UPDATED_AT    TIMESTAMP,
    PRIMARY KEY (ID_CDTTIP_ID)
);

ALTER TABLE CDTTIP COMMENT 'TIPO CATALOGO BODEGA';

ALTER TABLE CDTCAT ADD CONSTRAINT XID_CDTCAT_CODE_XID_CDTTIP_CODE FOREIGN KEY (XID_CDTTIP_ID)
    REFERENCES CDTTIP (ID_CDTTIP_ID) ON DELETE RESTRICT ON UPDATE RESTRICT;

INSERT INTO CDTTIP (ID_CDTTIP_ID, CDTTIP_NAME, CDTTIP_VALID_FROM, CDTTIP_VALID_TO, CDTTIP_CREATED_BY, CDTTIP_UPDATED_BY, CDTTIP_CREATED_AT, CDTTIP_UPDATED_AT) VALUES (1, 'HPO', NULL, NULL, NULL, NULL, NULL, NULL);
INSERT INTO CDTTIP (ID_CDTTIP_ID, CDTTIP_NAME, CDTTIP_VALID_FROM, CDTTIP_VALID_TO, CDTTIP_CREATED_BY, CDTTIP_UPDATED_BY, CDTTIP_CREATED_AT, CDTTIP_UPDATED_AT) VALUES (2, 'CPO', NULL, NULL, NULL, NULL, NULL, NULL);
INSERT INTO CDTTIP (ID_CDTTIP_ID, CDTTIP_NAME, CDTTIP_VALID_FROM, CDTTIP_VALID_TO, CDTTIP_CREATED_BY, CDTTIP_UPDATED_BY, CDTTIP_CREATED_AT, CDTTIP_UPDATED_AT) VALUES (3, 'MAB', NULL, NULL, NULL, NULL, NULL, NULL);
INSERT INTO CDTTIP (ID_CDTTIP_ID, CDTTIP_NAME, CDTTIP_VALID_FROM, CDTTIP_VALID_TO, CDTTIP_CREATED_BY, CDTTIP_UPDATED_BY, CDTTIP_CREATED_AT, CDTTIP_UPDATED_AT) VALUES (4, 'PEL', NULL, NULL, NULL, NULL, NULL, NULL);
INSERT INTO CDTTIP (ID_CDTTIP_ID, CDTTIP_NAME, CDTTIP_VALID_FROM, CDTTIP_VALID_TO, CDTTIP_CREATED_BY, CDTTIP_UPDATED_BY, CDTTIP_CREATED_AT, CDTTIP_UPDATED_AT) VALUES (5, 'MZC', NULL, NULL, NULL, NULL, NULL, NULL);
INSERT INTO CDTTIP (ID_CDTTIP_ID, CDTTIP_NAME, CDTTIP_VALID_FROM, CDTTIP_VALID_TO, CDTTIP_CREATED_BY, CDTTIP_UPDATED_BY, CDTTIP_CREATED_AT, CDTTIP_UPDATED_AT) VALUES (6, 'REP', NULL, NULL, NULL, NULL, NULL, NULL);
INSERT INTO CDTTIP (ID_CDTTIP_ID, CDTTIP_NAME, CDTTIP_VALID_FROM, CDTTIP_VALID_TO, CDTTIP_CREATED_BY, CDTTIP_UPDATED_BY, CDTTIP_CREATED_AT, CDTTIP_UPDATED_AT) VALUES (7, 'ANU', NULL, NULL, NULL, NULL, NULL, NULL);


INSERT INTO CDTCAT (XID_CDTTIP_ID, CDTCAT_NAME, CDTCAT_VALID_FROM, CDTCAT_VALID_TO, CDTCAT_CREATED_BY, CDTCAT_UPDATED_BY, CDTCAT_CREATED_AT, CDTCAT_UPDATED_AT) VALUES (1, 'EXPORT POLIPROPILENO BRAS PH0130', NULL, NULL, NULL, NULL, NULL, NULL);
INSERT INTO CDTCAT (XID_CDTTIP_ID, CDTCAT_NAME, CDTCAT_VALID_FROM, CDTCAT_VALID_TO, CDTCAT_CREATED_BY, CDTCAT_UPDATED_BY, CDTCAT_CREATED_AT, CDTCAT_UPDATED_AT) VALUES (1, 'EXPORT POLIPROPILENO PETRO PH0130', NULL, NULL, NULL, NULL, NULL, NULL);
INSERT INTO CDTCAT (XID_CDTTIP_ID, CDTCAT_NAME, CDTCAT_VALID_FROM, CDTCAT_VALID_TO, CDTCAT_CREATED_BY, CDTCAT_UPDATED_BY, CDTCAT_CREATED_AT, CDTCAT_UPDATED_AT) VALUES (1, 'PP PT100 GLOBALENE', NULL, NULL, NULL, NULL, NULL, NULL);
INSERT INTO CDTCAT (XID_CDTTIP_ID, CDTCAT_NAME, CDTCAT_VALID_FROM, CDTCAT_VALID_TO, CDTCAT_CREATED_BY, CDTCAT_UPDATED_BY, CDTCAT_CREATED_AT, CDTCAT_UPDATED_AT) VALUES (1, 'EXPORT PP PT100 GLOBALENE', NULL, NULL, NULL, NULL, NULL, NULL);
INSERT INTO CDTCAT (XID_CDTTIP_ID, CDTCAT_NAME, CDTCAT_VALID_FROM, CDTCAT_VALID_TO, CDTCAT_CREATED_BY, CDTCAT_UPDATED_BY, CDTCAT_CREATED_AT, CDTCAT_UPDATED_AT) VALUES (1, 'POLIPROPILENO PETRO PH0130', NULL, NULL, NULL, NULL, NULL, NULL);
INSERT INTO CDTCAT (XID_CDTTIP_ID, CDTCAT_NAME, CDTCAT_VALID_FROM, CDTCAT_VALID_TO, CDTCAT_CREATED_BY, CDTCAT_UPDATED_BY, CDTCAT_CREATED_AT, CDTCAT_UPDATED_AT) VALUES (1, 'POLIPROPILENO PH0130 BRAS', NULL, NULL, NULL, NULL, NULL, NULL);
INSERT INTO CDTCAT (XID_CDTTIP_ID, CDTCAT_NAME, CDTCAT_VALID_FROM, CDTCAT_VALID_TO, CDTCAT_CREATED_BY, CDTCAT_UPDATED_BY, CDTCAT_CREATED_AT, CDTCAT_UPDATED_AT) VALUES (1, 'EXPORT PP T1002 HP', NULL, NULL, NULL, NULL, NULL, NULL);
INSERT INTO CDTCAT (XID_CDTTIP_ID, CDTCAT_NAME, CDTCAT_VALID_FROM, CDTCAT_VALID_TO, CDTCAT_CREATED_BY, CDTCAT_UPDATED_BY, CDTCAT_CREATED_AT, CDTCAT_UPDATED_AT) VALUES (1, 'ISPLEN PP030-G1E HP', NULL, NULL, NULL, NULL, NULL, NULL);
INSERT INTO CDTCAT (XID_CDTTIP_ID, CDTCAT_NAME, CDTCAT_VALID_FROM, CDTCAT_VALID_TO, CDTCAT_CREATED_BY, CDTCAT_UPDATED_BY, CDTCAT_CREATED_AT, CDTCAT_UPDATED_AT) VALUES (1, 'PP HOMOPOLIMERO 01H41', NULL, NULL, NULL, NULL, NULL, NULL);
INSERT INTO CDTCAT (XID_CDTTIP_ID, CDTCAT_NAME, CDTCAT_VALID_FROM, CDTCAT_VALID_TO, CDTCAT_CREATED_BY, CDTCAT_UPDATED_BY, CDTCAT_CREATED_AT, CDTCAT_UPDATED_AT) VALUES (1, 'PP HOMOPOLIMERO 01H45', NULL, NULL, NULL, NULL, NULL, NULL);
INSERT INTO CDTCAT (XID_CDTTIP_ID, CDTCAT_NAME, CDTCAT_VALID_FROM, CDTCAT_VALID_TO, CDTCAT_CREATED_BY, CDTCAT_UPDATED_BY, CDTCAT_CREATED_AT, CDTCAT_UPDATED_AT) VALUES (1, 'PP RAFFIA TAIRIPRO T1002', NULL, NULL, NULL, NULL, NULL, NULL);
INSERT INTO CDTCAT (XID_CDTTIP_ID, CDTCAT_NAME, CDTCAT_VALID_FROM, CDTCAT_VALID_TO, CDTCAT_CREATED_BY, CDTCAT_UPDATED_BY, CDTCAT_CREATED_AT, CDTCAT_UPDATED_AT) VALUES (1, 'EXPORT PP PT100 GLOBALENE', NULL, NULL, NULL, NULL, NULL, NULL);
INSERT INTO CDTCAT (XID_CDTTIP_ID, CDTCAT_NAME, CDTCAT_VALID_FROM, CDTCAT_VALID_TO, CDTCAT_CREATED_BY, CDTCAT_UPDATED_BY, CDTCAT_CREATED_AT, CDTCAT_UPDATED_AT) VALUES (1, 'PP T1002 HP', NULL, NULL, NULL, NULL, NULL, NULL);
INSERT INTO CDTCAT (XID_CDTTIP_ID, CDTCAT_NAME, CDTCAT_VALID_FROM, CDTCAT_VALID_TO, CDTCAT_CREATED_BY, CDTCAT_UPDATED_BY, CDTCAT_CREATED_AT, CDTCAT_UPDATED_AT) VALUES (1, 'PP T1002 HP ICD', NULL, NULL, NULL, NULL, NULL, NULL);
INSERT INTO CDTCAT (XID_CDTTIP_ID, CDTCAT_NAME, CDTCAT_VALID_FROM, CDTCAT_VALID_TO, CDTCAT_CREATED_BY, CDTCAT_UPDATED_BY, CDTCAT_CREATED_AT, CDTCAT_UPDATED_AT) VALUES (1, 'EXPORT POLIPROPINENO H019TGF TRI', NULL, NULL, NULL, NULL, NULL, NULL);
INSERT INTO CDTCAT (XID_CDTTIP_ID, CDTCAT_NAME, CDTCAT_VALID_FROM, CDTCAT_VALID_TO, CDTCAT_CREATED_BY, CDTCAT_UPDATED_BY, CDTCAT_CREATED_AT, CDTCAT_UPDATED_AT) VALUES (1, 'POLIPROPILENO PPH005 TRICON', NULL, NULL, NULL, NULL, NULL, NULL);
INSERT INTO CDTCAT (XID_CDTTIP_ID, CDTCAT_NAME, CDTCAT_VALID_FROM, CDTCAT_VALID_TO, CDTCAT_CREATED_BY, CDTCAT_UPDATED_BY, CDTCAT_CREATED_AT, CDTCAT_UPDATED_AT) VALUES (1, 'EXPORT POLIPROPILENO PPH005 TRI', NULL, NULL, NULL, NULL, NULL, NULL);
INSERT INTO CDTCAT (XID_CDTTIP_ID, CDTCAT_NAME, CDTCAT_VALID_FROM, CDTCAT_VALID_TO, CDTCAT_CREATED_BY, CDTCAT_UPDATED_BY, CDTCAT_CREATED_AT, CDTCAT_UPDATED_AT) VALUES (1, 'EXPORT PP5100H HOMOPOLÍMERO', NULL, NULL, NULL, NULL, NULL, NULL);
INSERT INTO CDTCAT (XID_CDTTIP_ID, CDTCAT_NAME, CDTCAT_VALID_FROM, CDTCAT_VALID_TO, CDTCAT_CREATED_BY, CDTCAT_UPDATED_BY, CDTCAT_CREATED_AT, CDTCAT_UPDATED_AT) VALUES (1, 'EXPORT HHR102 HOMOPOLÍMERO', NULL, NULL, NULL, NULL, NULL, NULL);
INSERT INTO CDTCAT (XID_CDTTIP_ID, CDTCAT_NAME, CDTCAT_VALID_FROM, CDTCAT_VALID_TO, CDTCAT_CREATED_BY, CDTCAT_UPDATED_BY, CDTCAT_CREATED_AT, CDTCAT_UPDATED_AT) VALUES (1, 'HHR102 HOMOPOLÍMERO', NULL, NULL, NULL, NULL, NULL, NULL);
INSERT INTO CDTCAT (XID_CDTTIP_ID, CDTCAT_NAME, CDTCAT_VALID_FROM, CDTCAT_VALID_TO, CDTCAT_CREATED_BY, CDTCAT_UPDATED_BY, CDTCAT_CREATED_AT, CDTCAT_UPDATED_AT) VALUES (1, 'Y-120 HOMOPOLÍMERO', NULL, NULL, NULL, NULL, NULL, NULL);
INSERT INTO CDTCAT (XID_CDTTIP_ID, CDTCAT_NAME, CDTCAT_VALID_FROM, CDTCAT_VALID_TO, CDTCAT_CREATED_BY, CDTCAT_UPDATED_BY, CDTCAT_CREATED_AT, CDTCAT_UPDATED_AT) VALUES (1, 'EXPORT Y-120 HOMOPOLÍMERO', NULL, NULL, NULL, NULL, NULL, NULL);
INSERT INTO CDTCAT (XID_CDTTIP_ID, CDTCAT_NAME, CDTCAT_VALID_FROM, CDTCAT_VALID_TO, CDTCAT_CREATED_BY, CDTCAT_UPDATED_BY, CDTCAT_CREATED_AT, CDTCAT_UPDATED_AT) VALUES (1, 'EXPORT H603 HOMOPOLÍMERO', NULL, NULL, NULL, NULL, NULL, NULL);
INSERT INTO CDTCAT (XID_CDTTIP_ID, CDTCAT_NAME, CDTCAT_VALID_FROM, CDTCAT_VALID_TO, CDTCAT_CREATED_BY, CDTCAT_UPDATED_BY, CDTCAT_CREATED_AT, CDTCAT_UPDATED_AT) VALUES (1, 'EXPORT YUNGSOX 1020', NULL, NULL, NULL, NULL, NULL, NULL);
INSERT INTO CDTCAT (XID_CDTTIP_ID, CDTCAT_NAME, CDTCAT_VALID_FROM, CDTCAT_VALID_TO, CDTCAT_CREATED_BY, CDTCAT_UPDATED_BY, CDTCAT_CREATED_AT, CDTCAT_UPDATED_AT) VALUES (2, 'EXPORT T8002 COPOLIMERO', NULL, NULL, NULL, NULL, NULL, NULL);
INSERT INTO CDTCAT (XID_CDTTIP_ID, CDTCAT_NAME, CDTCAT_VALID_FROM, CDTCAT_VALID_TO, CDTCAT_CREATED_BY, CDTCAT_UPDATED_BY, CDTCAT_CREATED_AT, CDTCAT_UPDATED_AT) VALUES (2, 'T8002 COPOLIMERO', NULL, NULL, NULL, NULL, NULL, NULL);
INSERT INTO CDTCAT (XID_CDTTIP_ID, CDTCAT_NAME, CDTCAT_VALID_FROM, CDTCAT_VALID_TO, CDTCAT_CREATED_BY, CDTCAT_UPDATED_BY, CDTCAT_CREATED_AT, CDTCAT_UPDATED_AT) VALUES (2, 'EXPORT CP 741 BRASKEM', NULL, NULL, NULL, NULL, NULL, NULL);
INSERT INTO CDTCAT (XID_CDTTIP_ID, CDTCAT_NAME, CDTCAT_VALID_FROM, CDTCAT_VALID_TO, CDTCAT_CREATED_BY, CDTCAT_UPDATED_BY, CDTCAT_CREATED_AT, CDTCAT_UPDATED_AT) VALUES (2, 'CP 741 BRASKEM', NULL, NULL, NULL, NULL, NULL, NULL);
INSERT INTO CDTCAT (XID_CDTTIP_ID, CDTCAT_NAME, CDTCAT_VALID_FROM, CDTCAT_VALID_TO, CDTCAT_CREATED_BY, CDTCAT_UPDATED_BY, CDTCAT_CREATED_AT, CDTCAT_UPDATED_AT) VALUES (2, 'CP RANDOM PROPILCO', NULL, NULL, NULL, NULL, NULL, NULL);
INSERT INTO CDTCAT (XID_CDTTIP_ID, CDTCAT_NAME, CDTCAT_VALID_FROM, CDTCAT_VALID_TO, CDTCAT_CREATED_BY, CDTCAT_UPDATED_BY, CDTCAT_CREATED_AT, CDTCAT_UPDATED_AT) VALUES (2, 'CP RANDOM YUPLENE', NULL, NULL, NULL, NULL, NULL, NULL);
INSERT INTO CDTCAT (XID_CDTTIP_ID, CDTCAT_NAME, CDTCAT_VALID_FROM, CDTCAT_VALID_TO, CDTCAT_CREATED_BY, CDTCAT_UPDATED_BY, CDTCAT_CREATED_AT, CDTCAT_UPDATED_AT) VALUES (2, 'EXPORT CP 7012 GLOBALENE', NULL, NULL, NULL, NULL, NULL, NULL);
INSERT INTO CDTCAT (XID_CDTTIP_ID, CDTCAT_NAME, CDTCAT_VALID_FROM, CDTCAT_VALID_TO, CDTCAT_CREATED_BY, CDTCAT_UPDATED_BY, CDTCAT_CREATED_AT, CDTCAT_UPDATED_AT) VALUES (2, 'CP 7012 GLOBALENE', NULL, NULL, NULL, NULL, NULL, NULL);
INSERT INTO CDTCAT (XID_CDTTIP_ID, CDTCAT_NAME, CDTCAT_VALID_FROM, CDTCAT_VALID_TO, CDTCAT_CREATED_BY, CDTCAT_UPDATED_BY, CDTCAT_CREATED_AT, CDTCAT_UPDATED_AT) VALUES (2, 'PP CP 01C25', NULL, NULL, NULL, NULL, NULL, NULL);
INSERT INTO CDTCAT (XID_CDTTIP_ID, CDTCAT_NAME, CDTCAT_VALID_FROM, CDTCAT_VALID_TO, CDTCAT_CREATED_BY, CDTCAT_UPDATED_BY, CDTCAT_CREATED_AT, CDTCAT_UPDATED_AT) VALUES (2, 'PP COPO M10', NULL, NULL, NULL, NULL, NULL, NULL);
INSERT INTO CDTCAT (XID_CDTTIP_ID, CDTCAT_NAME, CDTCAT_VALID_FROM, CDTCAT_VALID_TO, CDTCAT_CREATED_BY, CDTCAT_UPDATED_BY, CDTCAT_CREATED_AT, CDTCAT_UPDATED_AT) VALUES (2, 'COPO ENGAGE AFINITY', NULL, NULL, NULL, NULL, NULL, NULL);
INSERT INTO CDTCAT (XID_CDTTIP_ID, CDTCAT_NAME, CDTCAT_VALID_FROM, CDTCAT_VALID_TO, CDTCAT_CREATED_BY, CDTCAT_UPDATED_BY, CDTCAT_CREATED_AT, CDTCAT_UPDATED_AT) VALUES (2, 'PP CP 01C25 PRO', NULL, NULL, NULL, NULL, NULL, NULL);
INSERT INTO CDTCAT (XID_CDTTIP_ID, CDTCAT_NAME, CDTCAT_VALID_FROM, CDTCAT_VALID_TO, CDTCAT_CREATED_BY, CDTCAT_UPDATED_BY, CDTCAT_CREATED_AT, CDTCAT_UPDATED_AT) VALUES (2, 'T8002 COPOLIMERO ICD', NULL, NULL, NULL, NULL, NULL, NULL);
INSERT INTO CDTCAT (XID_CDTTIP_ID, CDTCAT_NAME, CDTCAT_VALID_FROM, CDTCAT_VALID_TO, CDTCAT_CREATED_BY, CDTCAT_UPDATED_BY, CDTCAT_CREATED_AT, CDTCAT_UPDATED_AT) VALUES (2, 'EXPORT PPC016 COPOLIMERO TRI', NULL, NULL, NULL, NULL, NULL, NULL);
INSERT INTO CDTCAT (XID_CDTTIP_ID, CDTCAT_NAME, CDTCAT_VALID_FROM, CDTCAT_VALID_TO, CDTCAT_CREATED_BY, CDTCAT_UPDATED_BY, CDTCAT_CREATED_AT, CDTCAT_UPDATED_AT) VALUES (2, 'PP COPOLÍMERO BRASKEM', NULL, NULL, NULL, NULL, NULL, NULL);
INSERT INTO CDTCAT (XID_CDTTIP_ID, CDTCAT_NAME, CDTCAT_VALID_FROM, CDTCAT_VALID_TO, CDTCAT_CREATED_BY, CDTCAT_UPDATED_BY, CDTCAT_CREATED_AT, CDTCAT_UPDATED_AT) VALUES (2, 'EXPORT PB131N5E COPOLÍMERO', NULL, NULL, NULL, NULL, NULL, NULL);
INSERT INTO CDTCAT (XID_CDTTIP_ID, CDTCAT_NAME, CDTCAT_VALID_FROM, CDTCAT_VALID_TO, CDTCAT_CREATED_BY, CDTCAT_UPDATED_BY, CDTCAT_CREATED_AT, CDTCAT_UPDATED_AT) VALUES (2, 'EXPORT PP6502A COPOLÍMERO', NULL, NULL, NULL, NULL, NULL, NULL);
INSERT INTO CDTCAT (XID_CDTTIP_ID, CDTCAT_NAME, CDTCAT_VALID_FROM, CDTCAT_VALID_TO, CDTCAT_CREATED_BY, CDTCAT_UPDATED_BY, CDTCAT_CREATED_AT, CDTCAT_UPDATED_AT) VALUES (2, 'EXPORT PB130G1M COPOLÍMERO', NULL, NULL, NULL, NULL, NULL, NULL);
INSERT INTO CDTCAT (XID_CDTTIP_ID, CDTCAT_NAME, CDTCAT_VALID_FROM, CDTCAT_VALID_TO, CDTCAT_CREATED_BY, CDTCAT_UPDATED_BY, CDTCAT_CREATED_AT, CDTCAT_UPDATED_AT) VALUES (2, 'PB130G1M COPOLÍMERO', NULL, NULL, NULL, NULL, NULL, NULL);
INSERT INTO CDTCAT (XID_CDTTIP_ID, CDTCAT_NAME, CDTCAT_VALID_FROM, CDTCAT_VALID_TO, CDTCAT_CREATED_BY, CDTCAT_UPDATED_BY, CDTCAT_CREATED_AT, CDTCAT_UPDATED_AT) VALUES (2, 'PP BLOCK B320 COPOLÍMERO', NULL, NULL, NULL, NULL, NULL, NULL);
INSERT INTO CDTCAT (XID_CDTTIP_ID, CDTCAT_NAME, CDTCAT_VALID_FROM, CDTCAT_VALID_TO, CDTCAT_CREATED_BY, CDTCAT_UPDATED_BY, CDTCAT_CREATED_AT, CDTCAT_UPDATED_AT) VALUES (2, 'EXPORT FORMOSA 3010 COPO', NULL, NULL, NULL, NULL, NULL, NULL);
INSERT INTO CDTCAT (XID_CDTTIP_ID, CDTCAT_NAME, CDTCAT_VALID_FROM, CDTCAT_VALID_TO, CDTCAT_CREATED_BY, CDTCAT_UPDATED_BY, CDTCAT_CREATED_AT, CDTCAT_UPDATED_AT) VALUES (2, 'EXPORT PP BLOCK B320 COPOLÍMERO', NULL, NULL, NULL, NULL, NULL, NULL);
INSERT INTO CDTCAT (XID_CDTTIP_ID, CDTCAT_NAME, CDTCAT_VALID_FROM, CDTCAT_VALID_TO, CDTCAT_CREATED_BY, CDTCAT_UPDATED_BY, CDTCAT_CREATED_AT, CDTCAT_UPDATED_AT) VALUES (2, 'EXPORT PP64M40T COPOLÍMERO', NULL, NULL, NULL, NULL, NULL, NULL);
INSERT INTO CDTCAT (XID_CDTTIP_ID, CDTCAT_NAME, CDTCAT_VALID_FROM, CDTCAT_VALID_TO, CDTCAT_CREATED_BY, CDTCAT_UPDATED_BY, CDTCAT_CREATED_AT, CDTCAT_UPDATED_AT) VALUES (2, 'COPO EP300H', NULL, NULL, NULL, NULL, NULL, NULL);
INSERT INTO CDTCAT (XID_CDTTIP_ID, CDTCAT_NAME, CDTCAT_VALID_FROM, CDTCAT_VALID_TO, CDTCAT_CREATED_BY, CDTCAT_UPDATED_BY, CDTCAT_CREATED_AT, CDTCAT_UPDATED_AT) VALUES (2, 'EXPORT COPO EP300H', NULL, NULL, NULL, NULL, NULL, NULL);
INSERT INTO CDTCAT (XID_CDTTIP_ID, CDTCAT_NAME, CDTCAT_VALID_FROM, CDTCAT_VALID_TO, CDTCAT_CREATED_BY, CDTCAT_UPDATED_BY, CDTCAT_CREATED_AT, CDTCAT_UPDATED_AT) VALUES (2, 'COPO YUNGSOX 3015', NULL, NULL, NULL, NULL, NULL, NULL);
INSERT INTO CDTCAT (XID_CDTTIP_ID, CDTCAT_NAME, CDTCAT_VALID_FROM, CDTCAT_VALID_TO, CDTCAT_CREATED_BY, CDTCAT_UPDATED_BY, CDTCAT_CREATED_AT, CDTCAT_UPDATED_AT) VALUES (2, 'EXPORT COPO YUNGSOX 3015', NULL, NULL, NULL, NULL, NULL, NULL);
INSERT INTO CDTCAT (XID_CDTTIP_ID, CDTCAT_NAME, CDTCAT_VALID_FROM, CDTCAT_VALID_TO, CDTCAT_CREATED_BY, CDTCAT_UPDATED_BY, CDTCAT_CREATED_AT, CDTCAT_UPDATED_AT) VALUES (3, 'Elasto Drylfex 50704', NULL, NULL, NULL, NULL, NULL, NULL);
INSERT INTO CDTCAT (XID_CDTTIP_ID, CDTCAT_NAME, CDTCAT_VALID_FROM, CDTCAT_VALID_TO, CDTCAT_CREATED_BY, CDTCAT_UPDATED_BY, CDTCAT_CREATED_AT, CDTCAT_UPDATED_AT) VALUES (3, 'EXXON PERFORMANCE POLYMERS', NULL, NULL, NULL, NULL, NULL, NULL);
INSERT INTO CDTCAT (XID_CDTTIP_ID, CDTCAT_NAME, CDTCAT_VALID_FROM, CDTCAT_VALID_TO, CDTCAT_CREATED_BY, CDTCAT_UPDATED_BY, CDTCAT_CREATED_AT, CDTCAT_UPDATED_AT) VALUES (3, 'KRATON D1102BT CP', NULL, NULL, NULL, NULL, NULL, NULL);
INSERT INTO CDTCAT (XID_CDTTIP_ID, CDTCAT_NAME, CDTCAT_VALID_FROM, CDTCAT_VALID_TO, CDTCAT_CREATED_BY, CDTCAT_UPDATED_BY, CDTCAT_CREATED_AT, CDTCAT_UPDATED_AT) VALUES (3, 'MB Amarillo 7021 FG', NULL, NULL, NULL, NULL, NULL, NULL);
INSERT INTO CDTCAT (XID_CDTTIP_ID, CDTCAT_NAME, CDTCAT_VALID_FROM, CDTCAT_VALID_TO, CDTCAT_CREATED_BY, CDTCAT_UPDATED_BY, CDTCAT_CREATED_AT, CDTCAT_UPDATED_AT) VALUES (3, 'MB Amarillo 7368 FG', NULL, NULL, NULL, NULL, NULL, NULL);
INSERT INTO CDTCAT (XID_CDTTIP_ID, CDTCAT_NAME, CDTCAT_VALID_FROM, CDTCAT_VALID_TO, CDTCAT_CREATED_BY, CDTCAT_UPDATED_BY, CDTCAT_CREATED_AT, CDTCAT_UPDATED_AT) VALUES (3, 'MB Amarillo 7462 FG', NULL, NULL, NULL, NULL, NULL, NULL);
INSERT INTO CDTCAT (XID_CDTTIP_ID, CDTCAT_NAME, CDTCAT_VALID_FROM, CDTCAT_VALID_TO, CDTCAT_CREATED_BY, CDTCAT_UPDATED_BY, CDTCAT_CREATED_AT, CDTCAT_UPDATED_AT) VALUES (3, 'MB AMARILLO 7740', NULL, NULL, NULL, NULL, NULL, NULL);
INSERT INTO CDTCAT (XID_CDTTIP_ID, CDTCAT_NAME, CDTCAT_VALID_FROM, CDTCAT_VALID_TO, CDTCAT_CREATED_BY, CDTCAT_UPDATED_BY, CDTCAT_CREATED_AT, CDTCAT_UPDATED_AT) VALUES (3, 'MB Amarillo 7904 FG', NULL, NULL, NULL, NULL, NULL, NULL);
INSERT INTO CDTCAT (XID_CDTTIP_ID, CDTCAT_NAME, CDTCAT_VALID_FROM, CDTCAT_VALID_TO, CDTCAT_CREATED_BY, CDTCAT_UPDATED_BY, CDTCAT_CREATED_AT, CDTCAT_UPDATED_AT) VALUES (3, 'MB AOX 5', NULL, NULL, NULL, NULL, NULL, NULL);
INSERT INTO CDTCAT (XID_CDTTIP_ID, CDTCAT_NAME, CDTCAT_VALID_FROM, CDTCAT_VALID_TO, CDTCAT_CREATED_BY, CDTCAT_UPDATED_BY, CDTCAT_CREATED_AT, CDTCAT_UPDATED_AT) VALUES (3, 'MB AOX 10PP', NULL, NULL, NULL, NULL, NULL, NULL);
INSERT INTO CDTCAT (XID_CDTTIP_ID, CDTCAT_NAME, CDTCAT_VALID_FROM, CDTCAT_VALID_TO, CDTCAT_CREATED_BY, CDTCAT_UPDATED_BY, CDTCAT_CREATED_AT, CDTCAT_UPDATED_AT) VALUES (3, 'MB Azul 5004', NULL, NULL, NULL, NULL, NULL, NULL);
INSERT INTO CDTCAT (XID_CDTTIP_ID, CDTCAT_NAME, CDTCAT_VALID_FROM, CDTCAT_VALID_TO, CDTCAT_CREATED_BY, CDTCAT_UPDATED_BY, CDTCAT_CREATED_AT, CDTCAT_UPDATED_AT) VALUES (3, 'MB Azul 5007', NULL, NULL, NULL, NULL, NULL, NULL);
INSERT INTO CDTCAT (XID_CDTTIP_ID, CDTCAT_NAME, CDTCAT_VALID_FROM, CDTCAT_VALID_TO, CDTCAT_CREATED_BY, CDTCAT_UPDATED_BY, CDTCAT_CREATED_AT, CDTCAT_UPDATED_AT) VALUES (3, 'MB Azul 5009', NULL, NULL, NULL, NULL, NULL, NULL);
INSERT INTO CDTCAT (XID_CDTTIP_ID, CDTCAT_NAME, CDTCAT_VALID_FROM, CDTCAT_VALID_TO, CDTCAT_CREATED_BY, CDTCAT_UPDATED_BY, CDTCAT_CREATED_AT, CDTCAT_UPDATED_AT) VALUES (3, 'MB AZUL 5780', NULL, NULL, NULL, NULL, NULL, NULL);
INSERT INTO CDTCAT (XID_CDTTIP_ID, CDTCAT_NAME, CDTCAT_VALID_FROM, CDTCAT_VALID_TO, CDTCAT_CREATED_BY, CDTCAT_UPDATED_BY, CDTCAT_CREATED_AT, CDTCAT_UPDATED_AT) VALUES (3, 'MB AZUL 5780', NULL, NULL, NULL, NULL, NULL, NULL);
INSERT INTO CDTCAT (XID_CDTTIP_ID, CDTCAT_NAME, CDTCAT_VALID_FROM, CDTCAT_VALID_TO, CDTCAT_CREATED_BY, CDTCAT_UPDATED_BY, CDTCAT_CREATED_AT, CDTCAT_UPDATED_AT) VALUES (3, 'MB Azul 5781', NULL, NULL, NULL, NULL, NULL, NULL);
INSERT INTO CDTCAT (XID_CDTTIP_ID, CDTCAT_NAME, CDTCAT_VALID_FROM, CDTCAT_VALID_TO, CDTCAT_CREATED_BY, CDTCAT_UPDATED_BY, CDTCAT_CREATED_AT, CDTCAT_UPDATED_AT) VALUES (3, 'MB Azul 5831', NULL, NULL, NULL, NULL, NULL, NULL);
INSERT INTO CDTCAT (XID_CDTTIP_ID, CDTCAT_NAME, CDTCAT_VALID_FROM, CDTCAT_VALID_TO, CDTCAT_CREATED_BY, CDTCAT_UPDATED_BY, CDTCAT_CREATED_AT, CDTCAT_UPDATED_AT) VALUES (3, 'MB Azul 5832', NULL, NULL, NULL, NULL, NULL, NULL);
INSERT INTO CDTCAT (XID_CDTTIP_ID, CDTCAT_NAME, CDTCAT_VALID_FROM, CDTCAT_VALID_TO, CDTCAT_CREATED_BY, CDTCAT_UPDATED_BY, CDTCAT_CREATED_AT, CDTCAT_UPDATED_AT) VALUES (3, 'MB BLANCO 7056', NULL, NULL, NULL, NULL, NULL, NULL);
INSERT INTO CDTCAT (XID_CDTTIP_ID, CDTCAT_NAME, CDTCAT_VALID_FROM, CDTCAT_VALID_TO, CDTCAT_CREATED_BY, CDTCAT_UPDATED_BY, CDTCAT_CREATED_AT, CDTCAT_UPDATED_AT) VALUES (3, 'MB BLANCO 7070 G', NULL, NULL, NULL, NULL, NULL, NULL);
INSERT INTO CDTCAT (XID_CDTTIP_ID, CDTCAT_NAME, CDTCAT_VALID_FROM, CDTCAT_VALID_TO, CDTCAT_CREATED_BY, CDTCAT_UPDATED_BY, CDTCAT_CREATED_AT, CDTCAT_UPDATED_AT) VALUES (3, 'MB BLANCO 7072', NULL, NULL, NULL, NULL, NULL, NULL);
INSERT INTO CDTCAT (XID_CDTTIP_ID, CDTCAT_NAME, CDTCAT_VALID_FROM, CDTCAT_VALID_TO, CDTCAT_CREATED_BY, CDTCAT_UPDATED_BY, CDTCAT_CREATED_AT, CDTCAT_UPDATED_AT) VALUES (3, 'MB BLANCO 7073 G', NULL, NULL, NULL, NULL, NULL, NULL);
INSERT INTO CDTCAT (XID_CDTTIP_ID, CDTCAT_NAME, CDTCAT_VALID_FROM, CDTCAT_VALID_TO, CDTCAT_CREATED_BY, CDTCAT_UPDATED_BY, CDTCAT_CREATED_AT, CDTCAT_UPDATED_AT) VALUES (3, 'MB CA-60-PP', NULL, NULL, NULL, NULL, NULL, NULL);
INSERT INTO CDTCAT (XID_CDTTIP_ID, CDTCAT_NAME, CDTCAT_VALID_FROM, CDTCAT_VALID_TO, CDTCAT_CREATED_BY, CDTCAT_UPDATED_BY, CDTCAT_CREATED_AT, CDTCAT_UPDATED_AT) VALUES (3, 'MB CELESTE 5351 IN', NULL, NULL, NULL, NULL, NULL, NULL);
INSERT INTO CDTCAT (XID_CDTTIP_ID, CDTCAT_NAME, CDTCAT_VALID_FROM, CDTCAT_VALID_TO, CDTCAT_CREATED_BY, CDTCAT_UPDATED_BY, CDTCAT_CREATED_AT, CDTCAT_UPDATED_AT) VALUES (3, 'MB Celeste 5420', NULL, NULL, NULL, NULL, NULL, NULL);
INSERT INTO CDTCAT (XID_CDTTIP_ID, CDTCAT_NAME, CDTCAT_VALID_FROM, CDTCAT_VALID_TO, CDTCAT_CREATED_BY, CDTCAT_UPDATED_BY, CDTCAT_CREATED_AT, CDTCAT_UPDATED_AT) VALUES (3, 'MB Celeste 5610', NULL, NULL, NULL, NULL, NULL, NULL);
INSERT INTO CDTCAT (XID_CDTTIP_ID, CDTCAT_NAME, CDTCAT_VALID_FROM, CDTCAT_VALID_TO, CDTCAT_CREATED_BY, CDTCAT_UPDATED_BY, CDTCAT_CREATED_AT, CDTCAT_UPDATED_AT) VALUES (3, 'MB FUCSIA 9012', NULL, NULL, NULL, NULL, NULL, NULL);
INSERT INTO CDTCAT (XID_CDTTIP_ID, CDTCAT_NAME, CDTCAT_VALID_FROM, CDTCAT_VALID_TO, CDTCAT_CREATED_BY, CDTCAT_UPDATED_BY, CDTCAT_CREATED_AT, CDTCAT_UPDATED_AT) VALUES (3, 'MB GRANIC G0742', NULL, NULL, NULL, NULL, NULL, NULL);
INSERT INTO CDTCAT (XID_CDTTIP_ID, CDTCAT_NAME, CDTCAT_VALID_FROM, CDTCAT_VALID_TO, CDTCAT_CREATED_BY, CDTCAT_UPDATED_BY, CDTCAT_CREATED_AT, CDTCAT_UPDATED_AT) VALUES (3, 'MB GRANIC 1042S', NULL, NULL, NULL, NULL, NULL, NULL);
INSERT INTO CDTCAT (XID_CDTTIP_ID, CDTCAT_NAME, CDTCAT_VALID_FROM, CDTCAT_VALID_TO, CDTCAT_CREATED_BY, CDTCAT_UPDATED_BY, CDTCAT_CREATED_AT, CDTCAT_UPDATED_AT) VALUES (3, 'MB GRANIC 1081S', NULL, NULL, NULL, NULL, NULL, NULL);
INSERT INTO CDTCAT (XID_CDTTIP_ID, CDTCAT_NAME, CDTCAT_VALID_FROM, CDTCAT_VALID_TO, CDTCAT_CREATED_BY, CDTCAT_UPDATED_BY, CDTCAT_CREATED_AT, CDTCAT_UPDATED_AT) VALUES (3, 'MB GRANIC 535S', NULL, NULL, NULL, NULL, NULL, NULL);
INSERT INTO CDTCAT (XID_CDTTIP_ID, CDTCAT_NAME, CDTCAT_VALID_FROM, CDTCAT_VALID_TO, CDTCAT_CREATED_BY, CDTCAT_UPDATED_BY, CDTCAT_CREATED_AT, CDTCAT_UPDATED_AT) VALUES (3, 'MB GRANIC 742S', NULL, NULL, NULL, NULL, NULL, NULL);
INSERT INTO CDTCAT (XID_CDTTIP_ID, CDTCAT_NAME, CDTCAT_VALID_FROM, CDTCAT_VALID_TO, CDTCAT_CREATED_BY, CDTCAT_UPDATED_BY, CDTCAT_CREATED_AT, CDTCAT_UPDATED_AT) VALUES (3, 'MB GRANIC G00WACS', NULL, NULL, NULL, NULL, NULL, NULL);
INSERT INTO CDTCAT (XID_CDTTIP_ID, CDTCAT_NAME, CDTCAT_VALID_FROM, CDTCAT_VALID_TO, CDTCAT_CREATED_BY, CDTCAT_UPDATED_BY, CDTCAT_CREATED_AT, CDTCAT_UPDATED_AT) VALUES (3, 'MB HABANO 8016', NULL, NULL, NULL, NULL, NULL, NULL);
INSERT INTO CDTCAT (XID_CDTTIP_ID, CDTCAT_NAME, CDTCAT_VALID_FROM, CDTCAT_VALID_TO, CDTCAT_CREATED_BY, CDTCAT_UPDATED_BY, CDTCAT_CREATED_AT, CDTCAT_UPDATED_AT) VALUES (3, 'MB NARANJA 9594 FG', NULL, NULL, NULL, NULL, NULL, NULL);
INSERT INTO CDTCAT (XID_CDTTIP_ID, CDTCAT_NAME, CDTCAT_VALID_FROM, CDTCAT_VALID_TO, CDTCAT_CREATED_BY, CDTCAT_UPDATED_BY, CDTCAT_CREATED_AT, CDTCAT_UPDATED_AT) VALUES (3, 'MB NARANJA 9595 FG', NULL, NULL, NULL, NULL, NULL, NULL);
INSERT INTO CDTCAT (XID_CDTTIP_ID, CDTCAT_NAME, CDTCAT_VALID_FROM, CDTCAT_VALID_TO, CDTCAT_CREATED_BY, CDTCAT_UPDATED_BY, CDTCAT_CREATED_AT, CDTCAT_UPDATED_AT) VALUES (3, 'MB NEGRO 1350', NULL, NULL, NULL, NULL, NULL, NULL);
INSERT INTO CDTCAT (XID_CDTTIP_ID, CDTCAT_NAME, CDTCAT_VALID_FROM, CDTCAT_VALID_TO, CDTCAT_CREATED_BY, CDTCAT_UPDATED_BY, CDTCAT_CREATED_AT, CDTCAT_UPDATED_AT) VALUES (3, 'MB NEGRO 1600', NULL, NULL, NULL, NULL, NULL, NULL);
INSERT INTO CDTCAT (XID_CDTTIP_ID, CDTCAT_NAME, CDTCAT_VALID_FROM, CDTCAT_VALID_TO, CDTCAT_CREATED_BY, CDTCAT_UPDATED_BY, CDTCAT_CREATED_AT, CDTCAT_UPDATED_AT) VALUES (3, 'MB Negro 2105', NULL, NULL, NULL, NULL, NULL, NULL);
INSERT INTO CDTCAT (XID_CDTTIP_ID, CDTCAT_NAME, CDTCAT_VALID_FROM, CDTCAT_VALID_TO, CDTCAT_CREATED_BY, CDTCAT_UPDATED_BY, CDTCAT_CREATED_AT, CDTCAT_UPDATED_AT) VALUES (3, 'MB Negro 9000 U', NULL, NULL, NULL, NULL, NULL, NULL);
INSERT INTO CDTCAT (XID_CDTTIP_ID, CDTCAT_NAME, CDTCAT_VALID_FROM, CDTCAT_VALID_TO, CDTCAT_CREATED_BY, CDTCAT_UPDATED_BY, CDTCAT_CREATED_AT, CDTCAT_UPDATED_AT) VALUES (3, 'MB Negro PPB 116 Hubron', NULL, NULL, NULL, NULL, NULL, NULL);
INSERT INTO CDTCAT (XID_CDTTIP_ID, CDTCAT_NAME, CDTCAT_VALID_FROM, CDTCAT_VALID_TO, CDTCAT_CREATED_BY, CDTCAT_UPDATED_BY, CDTCAT_CREATED_AT, CDTCAT_UPDATED_AT) VALUES (3, 'MB Plata 3430', NULL, NULL, NULL, NULL, NULL, NULL);
INSERT INTO CDTCAT (XID_CDTTIP_ID, CDTCAT_NAME, CDTCAT_VALID_FROM, CDTCAT_VALID_TO, CDTCAT_CREATED_BY, CDTCAT_UPDATED_BY, CDTCAT_CREATED_AT, CDTCAT_UPDATED_AT) VALUES (3, 'MB POLYWHITE 8000 WMX ', NULL, NULL, NULL, NULL, NULL, NULL);
INSERT INTO CDTCAT (XID_CDTTIP_ID, CDTCAT_NAME, CDTCAT_VALID_FROM, CDTCAT_VALID_TO, CDTCAT_CREATED_BY, CDTCAT_UPDATED_BY, CDTCAT_CREATED_AT, CDTCAT_UPDATED_AT) VALUES (3, 'MB POLYWHITE 8004 W WHITE', NULL, NULL, NULL, NULL, NULL, NULL);
INSERT INTO CDTCAT (XID_CDTTIP_ID, CDTCAT_NAME, CDTCAT_VALID_FROM, CDTCAT_VALID_TO, CDTCAT_CREATED_BY, CDTCAT_UPDATED_BY, CDTCAT_CREATED_AT, CDTCAT_UPDATED_AT) VALUES (3, 'MB POLYWHITE 8166 WMX WHITE', NULL, NULL, NULL, NULL, NULL, NULL);
INSERT INTO CDTCAT (XID_CDTTIP_ID, CDTCAT_NAME, CDTCAT_VALID_FROM, CDTCAT_VALID_TO, CDTCAT_CREATED_BY, CDTCAT_UPDATED_BY, CDTCAT_CREATED_AT, CDTCAT_UPDATED_AT) VALUES (3, 'MB ROJO 9350', NULL, NULL, NULL, NULL, NULL, NULL);
INSERT INTO CDTCAT (XID_CDTTIP_ID, CDTCAT_NAME, CDTCAT_VALID_FROM, CDTCAT_VALID_TO, CDTCAT_CREATED_BY, CDTCAT_UPDATED_BY, CDTCAT_CREATED_AT, CDTCAT_UPDATED_AT) VALUES (3, 'MB ROJO 9469', NULL, NULL, NULL, NULL, NULL, NULL);
INSERT INTO CDTCAT (XID_CDTTIP_ID, CDTCAT_NAME, CDTCAT_VALID_FROM, CDTCAT_VALID_TO, CDTCAT_CREATED_BY, CDTCAT_UPDATED_BY, CDTCAT_CREATED_AT, CDTCAT_UPDATED_AT) VALUES (3, 'MB Rojo 9475', NULL, NULL, NULL, NULL, NULL, NULL);
INSERT INTO CDTCAT (XID_CDTTIP_ID, CDTCAT_NAME, CDTCAT_VALID_FROM, CDTCAT_VALID_TO, CDTCAT_CREATED_BY, CDTCAT_UPDATED_BY, CDTCAT_CREATED_AT, CDTCAT_UPDATED_AT) VALUES (3, 'MB Rojo 9485', NULL, NULL, NULL, NULL, NULL, NULL);
INSERT INTO CDTCAT (XID_CDTTIP_ID, CDTCAT_NAME, CDTCAT_VALID_FROM, CDTCAT_VALID_TO, CDTCAT_CREATED_BY, CDTCAT_UPDATED_BY, CDTCAT_CREATED_AT, CDTCAT_UPDATED_AT) VALUES (3, 'MB Rojo 9493', NULL, NULL, NULL, NULL, NULL, NULL);
INSERT INTO CDTCAT (XID_CDTTIP_ID, CDTCAT_NAME, CDTCAT_VALID_FROM, CDTCAT_VALID_TO, CDTCAT_CREATED_BY, CDTCAT_UPDATED_BY, CDTCAT_CREATED_AT, CDTCAT_UPDATED_AT) VALUES (3, 'MB Rojo 9800', NULL, NULL, NULL, NULL, NULL, NULL);
INSERT INTO CDTCAT (XID_CDTTIP_ID, CDTCAT_NAME, CDTCAT_VALID_FROM, CDTCAT_VALID_TO, CDTCAT_CREATED_BY, CDTCAT_UPDATED_BY, CDTCAT_CREATED_AT, CDTCAT_UPDATED_AT) VALUES (3, 'MB Rojo 9965', NULL, NULL, NULL, NULL, NULL, NULL);
INSERT INTO CDTCAT (XID_CDTTIP_ID, CDTCAT_NAME, CDTCAT_VALID_FROM, CDTCAT_VALID_TO, CDTCAT_CREATED_BY, CDTCAT_UPDATED_BY, CDTCAT_CREATED_AT, CDTCAT_UPDATED_AT) VALUES (3, 'MB TURQUESA 6705', NULL, NULL, NULL, NULL, NULL, NULL);
INSERT INTO CDTCAT (XID_CDTTIP_ID, CDTCAT_NAME, CDTCAT_VALID_FROM, CDTCAT_VALID_TO, CDTCAT_CREATED_BY, CDTCAT_UPDATED_BY, CDTCAT_CREATED_AT, CDTCAT_UPDATED_AT) VALUES (3, 'MB UV145 NF', NULL, NULL, NULL, NULL, NULL, NULL);
INSERT INTO CDTCAT (XID_CDTTIP_ID, CDTCAT_NAME, CDTCAT_VALID_FROM, CDTCAT_VALID_TO, CDTCAT_CREATED_BY, CDTCAT_UPDATED_BY, CDTCAT_CREATED_AT, CDTCAT_UPDATED_AT) VALUES (3, 'MB UV231', NULL, NULL, NULL, NULL, NULL, NULL);
INSERT INTO CDTCAT (XID_CDTTIP_ID, CDTCAT_NAME, CDTCAT_VALID_FROM, CDTCAT_VALID_TO, CDTCAT_CREATED_BY, CDTCAT_UPDATED_BY, CDTCAT_CREATED_AT, CDTCAT_UPDATED_AT) VALUES (3, 'MB UV270', NULL, NULL, NULL, NULL, NULL, NULL);
INSERT INTO CDTCAT (XID_CDTTIP_ID, CDTCAT_NAME, CDTCAT_VALID_FROM, CDTCAT_VALID_TO, CDTCAT_CREATED_BY, CDTCAT_UPDATED_BY, CDTCAT_CREATED_AT, CDTCAT_UPDATED_AT) VALUES (3, 'MB verde 6040', NULL, NULL, NULL, NULL, NULL, NULL);
INSERT INTO CDTCAT (XID_CDTTIP_ID, CDTCAT_NAME, CDTCAT_VALID_FROM, CDTCAT_VALID_TO, CDTCAT_CREATED_BY, CDTCAT_UPDATED_BY, CDTCAT_CREATED_AT, CDTCAT_UPDATED_AT) VALUES (3, 'MB VERDE 6074', NULL, NULL, NULL, NULL, NULL, NULL);
INSERT INTO CDTCAT (XID_CDTTIP_ID, CDTCAT_NAME, CDTCAT_VALID_FROM, CDTCAT_VALID_TO, CDTCAT_CREATED_BY, CDTCAT_UPDATED_BY, CDTCAT_CREATED_AT, CDTCAT_UPDATED_AT) VALUES (3, 'MB VERDE 6999', NULL, NULL, NULL, NULL, NULL, NULL);
INSERT INTO CDTCAT (XID_CDTTIP_ID, CDTCAT_NAME, CDTCAT_VALID_FROM, CDTCAT_VALID_TO, CDTCAT_CREATED_BY, CDTCAT_UPDATED_BY, CDTCAT_CREATED_AT, CDTCAT_UPDATED_AT) VALUES (3, 'MB Verde AP', NULL, NULL, NULL, NULL, NULL, NULL);
INSERT INTO CDTCAT (XID_CDTTIP_ID, CDTCAT_NAME, CDTCAT_VALID_FROM, CDTCAT_VALID_TO, CDTCAT_CREATED_BY, CDTCAT_UPDATED_BY, CDTCAT_CREATED_AT, CDTCAT_UPDATED_AT) VALUES (3, 'MB VIOLETA 4200', NULL, NULL, NULL, NULL, NULL, NULL);
INSERT INTO CDTCAT (XID_CDTTIP_ID, CDTCAT_NAME, CDTCAT_VALID_FROM, CDTCAT_VALID_TO, CDTCAT_CREATED_BY, CDTCAT_UPDATED_BY, CDTCAT_CREATED_AT, CDTCAT_UPDATED_AT) VALUES (3, 'MB MOD-5PP', NULL, NULL, NULL, NULL, NULL, NULL);
INSERT INTO CDTCAT (XID_CDTTIP_ID, CDTCAT_NAME, CDTCAT_VALID_FROM, CDTCAT_VALID_TO, CDTCAT_CREATED_BY, CDTCAT_UPDATED_BY, CDTCAT_CREATED_AT, CDTCAT_UPDATED_AT) VALUES (3, 'MB MOD-6PP', NULL, NULL, NULL, NULL, NULL, NULL);
INSERT INTO CDTCAT (XID_CDTTIP_ID, CDTCAT_NAME, CDTCAT_VALID_FROM, CDTCAT_VALID_TO, CDTCAT_CREATED_BY, CDTCAT_UPDATED_BY, CDTCAT_CREATED_AT, CDTCAT_UPDATED_AT) VALUES (4, 'Pelletizado Blanco (Xp)', NULL, NULL, NULL, NULL, NULL, NULL);
INSERT INTO CDTCAT (XID_CDTTIP_ID, CDTCAT_NAME, CDTCAT_VALID_FROM, CDTCAT_VALID_TO, CDTCAT_CREATED_BY, CDTCAT_UPDATED_BY, CDTCAT_CREATED_AT, CDTCAT_UPDATED_AT) VALUES (4, 'Pelletizado Negro', NULL, NULL, NULL, NULL, NULL, NULL);
INSERT INTO CDTCAT (XID_CDTTIP_ID, CDTCAT_NAME, CDTCAT_VALID_FROM, CDTCAT_VALID_TO, CDTCAT_CREATED_BY, CDTCAT_UPDATED_BY, CDTCAT_CREATED_AT, CDTCAT_UPDATED_AT) VALUES (4, 'Pelletizado Blanco', NULL, NULL, NULL, NULL, NULL, NULL);
INSERT INTO CDTCAT (XID_CDTTIP_ID, CDTCAT_NAME, CDTCAT_VALID_FROM, CDTCAT_VALID_TO, CDTCAT_CREATED_BY, CDTCAT_UPDATED_BY, CDTCAT_CREATED_AT, CDTCAT_UPDATED_AT) VALUES (4, 'Pelletizado (XP)', NULL, NULL, NULL, NULL, NULL, NULL);
INSERT INTO CDTCAT (XID_CDTTIP_ID, CDTCAT_NAME, CDTCAT_VALID_FROM, CDTCAT_VALID_TO, CDTCAT_CREATED_BY, CDTCAT_UPDATED_BY, CDTCAT_CREATED_AT, CDTCAT_UPDATED_AT) VALUES (4, 'Pelletizado Naranja (Xp)', NULL, NULL, NULL, NULL, NULL, NULL);
INSERT INTO CDTCAT (XID_CDTTIP_ID, CDTCAT_NAME, CDTCAT_VALID_FROM, CDTCAT_VALID_TO, CDTCAT_CREATED_BY, CDTCAT_UPDATED_BY, CDTCAT_CREATED_AT, CDTCAT_UPDATED_AT) VALUES (4, 'Pelletizado Blanco (Xp) RP', NULL, NULL, NULL, NULL, NULL, NULL);
INSERT INTO CDTCAT (XID_CDTTIP_ID, CDTCAT_NAME, CDTCAT_VALID_FROM, CDTCAT_VALID_TO, CDTCAT_CREATED_BY, CDTCAT_UPDATED_BY, CDTCAT_CREATED_AT, CDTCAT_UPDATED_AT) VALUES (4, 'Pelletizado (XP) RP', NULL, NULL, NULL, NULL, NULL, NULL);
INSERT INTO CDTCAT (XID_CDTTIP_ID, CDTCAT_NAME, CDTCAT_VALID_FROM, CDTCAT_VALID_TO, CDTCAT_CREATED_BY, CDTCAT_UPDATED_BY, CDTCAT_CREATED_AT, CDTCAT_UPDATED_AT) VALUES (4, 'Pelletizado Negro RP', NULL, NULL, NULL, NULL, NULL, NULL);
INSERT INTO CDTCAT (XID_CDTTIP_ID, CDTCAT_NAME, CDTCAT_VALID_FROM, CDTCAT_VALID_TO, CDTCAT_CREATED_BY, CDTCAT_UPDATED_BY, CDTCAT_CREATED_AT, CDTCAT_UPDATED_AT) VALUES (4, 'Pelletizado Blanco RP', NULL, NULL, NULL, NULL, NULL, NULL);
INSERT INTO CDTCAT (XID_CDTTIP_ID, CDTCAT_NAME, CDTCAT_VALID_FROM, CDTCAT_VALID_TO, CDTCAT_CREATED_BY, CDTCAT_UPDATED_BY, CDTCAT_CREATED_AT, CDTCAT_UPDATED_AT) VALUES (4, 'Pelletizado Azul RP', NULL, NULL, NULL, NULL, NULL, NULL);
INSERT INTO CDTCAT (XID_CDTTIP_ID, CDTCAT_NAME, CDTCAT_VALID_FROM, CDTCAT_VALID_TO, CDTCAT_CREATED_BY, CDTCAT_UPDATED_BY, CDTCAT_CREATED_AT, CDTCAT_UPDATED_AT) VALUES (4, 'Pelletizado RP', NULL, NULL, NULL, NULL, NULL, NULL);
INSERT INTO CDTCAT (XID_CDTTIP_ID, CDTCAT_NAME, CDTCAT_VALID_FROM, CDTCAT_VALID_TO, CDTCAT_CREATED_BY, CDTCAT_UPDATED_BY, CDTCAT_CREATED_AT, CDTCAT_UPDATED_AT) VALUES (4, 'Pelletizado Blanco (Xp) RA', NULL, NULL, NULL, NULL, NULL, NULL);
INSERT INTO CDTCAT (XID_CDTTIP_ID, CDTCAT_NAME, CDTCAT_VALID_FROM, CDTCAT_VALID_TO, CDTCAT_CREATED_BY, CDTCAT_UPDATED_BY, CDTCAT_CREATED_AT, CDTCAT_UPDATED_AT) VALUES (4, 'Pelletizado Naranja (Xp) RP', NULL, NULL, NULL, NULL, NULL, NULL);
INSERT INTO CDTCAT (XID_CDTTIP_ID, CDTCAT_NAME, CDTCAT_VALID_FROM, CDTCAT_VALID_TO, CDTCAT_CREATED_BY, CDTCAT_UPDATED_BY, CDTCAT_CREATED_AT, CDTCAT_UPDATED_AT) VALUES (4, 'Pelletizado', NULL, NULL, NULL, NULL, NULL, NULL);
INSERT INTO CDTCAT (XID_CDTTIP_ID, CDTCAT_NAME, CDTCAT_VALID_FROM, CDTCAT_VALID_TO, CDTCAT_CREATED_BY, CDTCAT_UPDATED_BY, CDTCAT_CREATED_AT, CDTCAT_UPDATED_AT) VALUES (4, '1.Pelletizado Blanco (Xp)', NULL, NULL, NULL, NULL, NULL, NULL);
INSERT INTO CDTCAT (XID_CDTTIP_ID, CDTCAT_NAME, CDTCAT_VALID_FROM, CDTCAT_VALID_TO, CDTCAT_CREATED_BY, CDTCAT_UPDATED_BY, CDTCAT_CREATED_AT, CDTCAT_UPDATED_AT) VALUES (4, '1.Pelletizado Negro', NULL, NULL, NULL, NULL, NULL, NULL);
INSERT INTO CDTCAT (XID_CDTTIP_ID, CDTCAT_NAME, CDTCAT_VALID_FROM, CDTCAT_VALID_TO, CDTCAT_CREATED_BY, CDTCAT_UPDATED_BY, CDTCAT_CREATED_AT, CDTCAT_UPDATED_AT) VALUES (4, '1.Pelletizado Blanco', NULL, NULL, NULL, NULL, NULL, NULL);
INSERT INTO CDTCAT (XID_CDTTIP_ID, CDTCAT_NAME, CDTCAT_VALID_FROM, CDTCAT_VALID_TO, CDTCAT_CREATED_BY, CDTCAT_UPDATED_BY, CDTCAT_CREATED_AT, CDTCAT_UPDATED_AT) VALUES (4, '1.Pelletizado (XP)', NULL, NULL, NULL, NULL, NULL, NULL);
INSERT INTO CDTCAT (XID_CDTTIP_ID, CDTCAT_NAME, CDTCAT_VALID_FROM, CDTCAT_VALID_TO, CDTCAT_CREATED_BY, CDTCAT_UPDATED_BY, CDTCAT_CREATED_AT, CDTCAT_UPDATED_AT) VALUES (4, '1.Pelletizado Naranja (Xp)', NULL, NULL, NULL, NULL, NULL, NULL);
INSERT INTO CDTCAT (XID_CDTTIP_ID, CDTCAT_NAME, CDTCAT_VALID_FROM, CDTCAT_VALID_TO, CDTCAT_CREATED_BY, CDTCAT_UPDATED_BY, CDTCAT_CREATED_AT, CDTCAT_UPDATED_AT) VALUES (4, '1.Pelletizado', NULL, NULL, NULL, NULL, NULL, NULL);
INSERT INTO CDTCAT (XID_CDTTIP_ID, CDTCAT_NAME, CDTCAT_VALID_FROM, CDTCAT_VALID_TO, CDTCAT_CREATED_BY, CDTCAT_UPDATED_BY, CDTCAT_CREATED_AT, CDTCAT_UPDATED_AT) VALUES (5, 'MZ GEN', NULL, NULL, NULL, NULL, NULL, NULL);
INSERT INTO CDTCAT (XID_CDTTIP_ID, CDTCAT_NAME, CDTCAT_VALID_FROM, CDTCAT_VALID_TO, CDTCAT_CREATED_BY, CDTCAT_UPDATED_BY, CDTCAT_CREATED_AT, CDTCAT_UPDATED_AT) VALUES (5, 'QW1', NULL, NULL, NULL, NULL, NULL, NULL);
INSERT INTO CDTCAT (XID_CDTTIP_ID, CDTCAT_NAME, CDTCAT_VALID_FROM, CDTCAT_VALID_TO, CDTCAT_CREATED_BY, CDTCAT_UPDATED_BY, CDTCAT_CREATED_AT, CDTCAT_UPDATED_AT) VALUES (5, 'QL1W4 (Xp)', NULL, NULL, NULL, NULL, NULL, NULL);
INSERT INTO CDTCAT (XID_CDTTIP_ID, CDTCAT_NAME, CDTCAT_VALID_FROM, CDTCAT_VALID_TO, CDTCAT_CREATED_BY, CDTCAT_UPDATED_BY, CDTCAT_CREATED_AT, CDTCAT_UPDATED_AT) VALUES (5, 'QB2', NULL, NULL, NULL, NULL, NULL, NULL);
INSERT INTO CDTCAT (XID_CDTTIP_ID, CDTCAT_NAME, CDTCAT_VALID_FROM, CDTCAT_VALID_TO, CDTCAT_CREATED_BY, CDTCAT_UPDATED_BY, CDTCAT_CREATED_AT, CDTCAT_UPDATED_AT) VALUES (5, 'QW3', NULL, NULL, NULL, NULL, NULL, NULL);
INSERT INTO CDTCAT (XID_CDTTIP_ID, CDTCAT_NAME, CDTCAT_VALID_FROM, CDTCAT_VALID_TO, CDTCAT_CREATED_BY, CDTCAT_UPDATED_BY, CDTCAT_CREATED_AT, CDTCAT_UPDATED_AT) VALUES (5, 'QL1W4', NULL, NULL, NULL, NULL, NULL, NULL);
INSERT INTO CDTCAT (XID_CDTTIP_ID, CDTCAT_NAME, CDTCAT_VALID_FROM, CDTCAT_VALID_TO, CDTCAT_CREATED_BY, CDTCAT_UPDATED_BY, CDTCAT_CREATED_AT, CDTCAT_UPDATED_AT) VALUES (5, 'QW1 (Xp)', NULL, NULL, NULL, NULL, NULL, NULL);
INSERT INTO CDTCAT (XID_CDTTIP_ID, CDTCAT_NAME, CDTCAT_VALID_FROM, CDTCAT_VALID_TO, CDTCAT_CREATED_BY, CDTCAT_UPDATED_BY, CDTCAT_CREATED_AT, CDTCAT_UPDATED_AT) VALUES (5, 'QZ3', NULL, NULL, NULL, NULL, NULL, NULL);
INSERT INTO CDTCAT (XID_CDTTIP_ID, CDTCAT_NAME, CDTCAT_VALID_FROM, CDTCAT_VALID_TO, CDTCAT_CREATED_BY, CDTCAT_UPDATED_BY, CDTCAT_CREATED_AT, CDTCAT_UPDATED_AT) VALUES (5, 'QW1K', NULL, NULL, NULL, NULL, NULL, NULL);
INSERT INTO CDTCAT (XID_CDTTIP_ID, CDTCAT_NAME, CDTCAT_VALID_FROM, CDTCAT_VALID_TO, CDTCAT_CREATED_BY, CDTCAT_UPDATED_BY, CDTCAT_CREATED_AT, CDTCAT_UPDATED_AT) VALUES (5, 'QG2', NULL, NULL, NULL, NULL, NULL, NULL);
INSERT INTO CDTCAT (XID_CDTTIP_ID, CDTCAT_NAME, CDTCAT_VALID_FROM, CDTCAT_VALID_TO, CDTCAT_CREATED_BY, CDTCAT_UPDATED_BY, CDTCAT_CREATED_AT, CDTCAT_UPDATED_AT) VALUES (5, 'QG2 (Xp)', NULL, NULL, NULL, NULL, NULL, NULL);
INSERT INTO CDTCAT (XID_CDTTIP_ID, CDTCAT_NAME, CDTCAT_VALID_FROM, CDTCAT_VALID_TO, CDTCAT_CREATED_BY, CDTCAT_UPDATED_BY, CDTCAT_CREATED_AT, CDTCAT_UPDATED_AT) VALUES (5, 'QZ8', NULL, NULL, NULL, NULL, NULL, NULL);
INSERT INTO CDTCAT (XID_CDTTIP_ID, CDTCAT_NAME, CDTCAT_VALID_FROM, CDTCAT_VALID_TO, CDTCAT_CREATED_BY, CDTCAT_UPDATED_BY, CDTCAT_CREATED_AT, CDTCAT_UPDATED_AT) VALUES (5, 'QY4', NULL, NULL, NULL, NULL, NULL, NULL);
INSERT INTO CDTCAT (XID_CDTTIP_ID, CDTCAT_NAME, CDTCAT_VALID_FROM, CDTCAT_VALID_TO, CDTCAT_CREATED_BY, CDTCAT_UPDATED_BY, CDTCAT_CREATED_AT, CDTCAT_UPDATED_AT) VALUES (5, 'QG3', NULL, NULL, NULL, NULL, NULL, NULL);
INSERT INTO CDTCAT (XID_CDTTIP_ID, CDTCAT_NAME, CDTCAT_VALID_FROM, CDTCAT_VALID_TO, CDTCAT_CREATED_BY, CDTCAT_UPDATED_BY, CDTCAT_CREATED_AT, CDTCAT_UPDATED_AT) VALUES (5, 'QR5', NULL, NULL, NULL, NULL, NULL, NULL);
INSERT INTO CDTCAT (XID_CDTTIP_ID, CDTCAT_NAME, CDTCAT_VALID_FROM, CDTCAT_VALID_TO, CDTCAT_CREATED_BY, CDTCAT_UPDATED_BY, CDTCAT_CREATED_AT, CDTCAT_UPDATED_AT) VALUES (5, 'QZ9', NULL, NULL, NULL, NULL, NULL, NULL);
INSERT INTO CDTCAT (XID_CDTTIP_ID, CDTCAT_NAME, CDTCAT_VALID_FROM, CDTCAT_VALID_TO, CDTCAT_CREATED_BY, CDTCAT_UPDATED_BY, CDTCAT_CREATED_AT, CDTCAT_UPDATED_AT) VALUES (5, 'QR6', NULL, NULL, NULL, NULL, NULL, NULL);
INSERT INTO CDTCAT (XID_CDTTIP_ID, CDTCAT_NAME, CDTCAT_VALID_FROM, CDTCAT_VALID_TO, CDTCAT_CREATED_BY, CDTCAT_UPDATED_BY, CDTCAT_CREATED_AT, CDTCAT_UPDATED_AT) VALUES (5, 'QL1R7 (Xp)', NULL, NULL, NULL, NULL, NULL, NULL);
INSERT INTO CDTCAT (XID_CDTTIP_ID, CDTCAT_NAME, CDTCAT_VALID_FROM, CDTCAT_VALID_TO, CDTCAT_CREATED_BY, CDTCAT_UPDATED_BY, CDTCAT_CREATED_AT, CDTCAT_UPDATED_AT) VALUES (5, 'QY4 (Xp)', NULL, NULL, NULL, NULL, NULL, NULL);
INSERT INTO CDTCAT (XID_CDTTIP_ID, CDTCAT_NAME, CDTCAT_VALID_FROM, CDTCAT_VALID_TO, CDTCAT_CREATED_BY, CDTCAT_UPDATED_BY, CDTCAT_CREATED_AT, CDTCAT_UPDATED_AT) VALUES (5, 'QZ8 (Xp)', NULL, NULL, NULL, NULL, NULL, NULL);
INSERT INTO CDTCAT (XID_CDTTIP_ID, CDTCAT_NAME, CDTCAT_VALID_FROM, CDTCAT_VALID_TO, CDTCAT_CREATED_BY, CDTCAT_UPDATED_BY, CDTCAT_CREATED_AT, CDTCAT_UPDATED_AT) VALUES (5, 'QY5', NULL, NULL, NULL, NULL, NULL, NULL);
INSERT INTO CDTCAT (XID_CDTTIP_ID, CDTCAT_NAME, CDTCAT_VALID_FROM, CDTCAT_VALID_TO, CDTCAT_CREATED_BY, CDTCAT_UPDATED_BY, CDTCAT_CREATED_AT, CDTCAT_UPDATED_AT) VALUES (5, 'QL1R7', NULL, NULL, NULL, NULL, NULL, NULL);
INSERT INTO CDTCAT (XID_CDTTIP_ID, CDTCAT_NAME, CDTCAT_VALID_FROM, CDTCAT_VALID_TO, CDTCAT_CREATED_BY, CDTCAT_UPDATED_BY, CDTCAT_CREATED_AT, CDTCAT_UPDATED_AT) VALUES (5, 'QR8', NULL, NULL, NULL, NULL, NULL, NULL);
INSERT INTO CDTCAT (XID_CDTTIP_ID, CDTCAT_NAME, CDTCAT_VALID_FROM, CDTCAT_VALID_TO, CDTCAT_CREATED_BY, CDTCAT_UPDATED_BY, CDTCAT_CREATED_AT, CDTCAT_UPDATED_AT) VALUES (5, 'QY3', NULL, NULL, NULL, NULL, NULL, NULL);
INSERT INTO CDTCAT (XID_CDTTIP_ID, CDTCAT_NAME, CDTCAT_VALID_FROM, CDTCAT_VALID_TO, CDTCAT_CREATED_BY, CDTCAT_UPDATED_BY, CDTCAT_CREATED_AT, CDTCAT_UPDATED_AT) VALUES (5, 'QZ10', NULL, NULL, NULL, NULL, NULL, NULL);
INSERT INTO CDTCAT (XID_CDTTIP_ID, CDTCAT_NAME, CDTCAT_VALID_FROM, CDTCAT_VALID_TO, CDTCAT_CREATED_BY, CDTCAT_UPDATED_BY, CDTCAT_CREATED_AT, CDTCAT_UPDATED_AT) VALUES (5, 'QZ4', NULL, NULL, NULL, NULL, NULL, NULL);
INSERT INTO CDTCAT (XID_CDTTIP_ID, CDTCAT_NAME, CDTCAT_VALID_FROM, CDTCAT_VALID_TO, CDTCAT_CREATED_BY, CDTCAT_UPDATED_BY, CDTCAT_CREATED_AT, CDTCAT_UPDATED_AT) VALUES (6, 'REPUESTO', NULL, NULL, NULL, NULL, NULL, NULL);
INSERT INTO CDTCAT (XID_CDTTIP_ID, CDTCAT_NAME, CDTCAT_VALID_FROM, CDTCAT_VALID_TO, CDTCAT_CREATED_BY, CDTCAT_UPDATED_BY, CDTCAT_CREATED_AT, CDTCAT_UPDATED_AT) VALUES (6, 'REPUESTO EXTRUSORA', NULL, NULL, NULL, NULL, NULL, NULL);
INSERT INTO CDTCAT (XID_CDTTIP_ID, CDTCAT_NAME, CDTCAT_VALID_FROM, CDTCAT_VALID_TO, CDTCAT_CREATED_BY, CDTCAT_UPDATED_BY, CDTCAT_CREATED_AT, CDTCAT_UPDATED_AT) VALUES (6, 'REPUESTO TROQUELADORA', NULL, NULL, NULL, NULL, NULL, NULL);
INSERT INTO CDTCAT (XID_CDTTIP_ID, CDTCAT_NAME, CDTCAT_VALID_FROM, CDTCAT_VALID_TO, CDTCAT_CREATED_BY, CDTCAT_UPDATED_BY, CDTCAT_CREATED_AT, CDTCAT_UPDATED_AT) VALUES (6, 'PALLETS CARTON PLASTICO', NULL, NULL, NULL, NULL, NULL, NULL);
INSERT INTO CDTCAT (XID_CDTTIP_ID, CDTCAT_NAME, CDTCAT_VALID_FROM, CDTCAT_VALID_TO, CDTCAT_CREATED_BY, CDTCAT_UPDATED_BY, CDTCAT_CREATED_AT, CDTCAT_UPDATED_AT) VALUES (6, 'TROQUEL F78-PURE EDGE', NULL, NULL, NULL, NULL, NULL, NULL);
INSERT INTO CDTCAT (XID_CDTTIP_ID, CDTCAT_NAME, CDTCAT_VALID_FROM, CDTCAT_VALID_TO, CDTCAT_CREATED_BY, CDTCAT_UPDATED_BY, CDTCAT_CREATED_AT, CDTCAT_UPDATED_AT) VALUES (6, 'TROQUEL PURE EDGE DENTADO', NULL, NULL, NULL, NULL, NULL, NULL);
INSERT INTO CDTCAT (XID_CDTTIP_ID, CDTCAT_NAME, CDTCAT_VALID_FROM, CDTCAT_VALID_TO, CDTCAT_CREATED_BY, CDTCAT_UPDATED_BY, CDTCAT_CREATED_AT, CDTCAT_UPDATED_AT) VALUES (6, 'MARBACH', NULL, NULL, NULL, NULL, NULL, NULL);
INSERT INTO CDTCAT (XID_CDTTIP_ID, CDTCAT_NAME, CDTCAT_VALID_FROM, CDTCAT_VALID_TO, CDTCAT_CREATED_BY, CDTCAT_UPDATED_BY, CDTCAT_CREATED_AT, CDTCAT_UPDATED_AT) VALUES (6, 'REPUJADOR DE LOGO', NULL, NULL, NULL, NULL, NULL, NULL);
INSERT INTO CDTCAT (XID_CDTTIP_ID, CDTCAT_NAME, CDTCAT_VALID_FROM, CDTCAT_VALID_TO, CDTCAT_CREATED_BY, CDTCAT_UPDATED_BY, CDTCAT_CREATED_AT, CDTCAT_UPDATED_AT) VALUES (6, 'TROQUEL F89', NULL, NULL, NULL, NULL, NULL, NULL);
INSERT INTO CDTCAT (XID_CDTTIP_ID, CDTCAT_NAME, CDTCAT_VALID_FROM, CDTCAT_VALID_TO, CDTCAT_CREATED_BY, CDTCAT_UPDATED_BY, CDTCAT_CREATED_AT, CDTCAT_UPDATED_AT) VALUES (6, 'TROQUEL F78x2', NULL, NULL, NULL, NULL, NULL, NULL);
INSERT INTO CDTCAT (XID_CDTTIP_ID, CDTCAT_NAME, CDTCAT_VALID_FROM, CDTCAT_VALID_TO, CDTCAT_CREATED_BY, CDTCAT_UPDATED_BY, CDTCAT_CREATED_AT, CDTCAT_UPDATED_AT) VALUES (6, 'TROQUEL', NULL, NULL, NULL, NULL, NULL, NULL);
INSERT INTO CDTCAT (XID_CDTTIP_ID, CDTCAT_NAME, CDTCAT_VALID_FROM, CDTCAT_VALID_TO, CDTCAT_CREATED_BY, CDTCAT_UPDATED_BY, CDTCAT_CREATED_AT, CDTCAT_UPDATED_AT) VALUES (6, 'MAQUINARIA', NULL, NULL, NULL, NULL, NULL, NULL);
INSERT INTO CDTCAT (XID_CDTTIP_ID, CDTCAT_NAME, CDTCAT_VALID_FROM, CDTCAT_VALID_TO, CDTCAT_CREATED_BY, CDTCAT_UPDATED_BY, CDTCAT_CREATED_AT, CDTCAT_UPDATED_AT) VALUES (6, 'MEMORY CARD', NULL, NULL, NULL, NULL, NULL, NULL);
INSERT INTO CDTCAT (XID_CDTTIP_ID, CDTCAT_NAME, CDTCAT_VALID_FROM, CDTCAT_VALID_TO, CDTCAT_CREATED_BY, CDTCAT_UPDATED_BY, CDTCAT_CREATED_AT, CDTCAT_UPDATED_AT) VALUES (6, 'TROQUEL T083', NULL, NULL, NULL, NULL, NULL, NULL);
INSERT INTO CDTCAT (XID_CDTTIP_ID, CDTCAT_NAME, CDTCAT_VALID_FROM, CDTCAT_VALID_TO, CDTCAT_CREATED_BY, CDTCAT_UPDATED_BY, CDTCAT_CREATED_AT, CDTCAT_UPDATED_AT) VALUES (6, 'TROQUEL F108', NULL, NULL, NULL, NULL, NULL, NULL);
INSERT INTO CDTCAT (XID_CDTTIP_ID, CDTCAT_NAME, CDTCAT_VALID_FROM, CDTCAT_VALID_TO, CDTCAT_CREATED_BY, CDTCAT_UPDATED_BY, CDTCAT_CREATED_AT, CDTCAT_UPDATED_AT) VALUES (6, 'CAJA HOT MELT', NULL, NULL, NULL, NULL, NULL, NULL);
INSERT INTO CDTCAT (XID_CDTTIP_ID, CDTCAT_NAME, CDTCAT_VALID_FROM, CDTCAT_VALID_TO, CDTCAT_CREATED_BY, CDTCAT_UPDATED_BY, CDTCAT_CREATED_AT, CDTCAT_UPDATED_AT) VALUES (6, 'TAPA F40', NULL, NULL, NULL, NULL, NULL, NULL);
INSERT INTO CDTCAT (XID_CDTTIP_ID, CDTCAT_NAME, CDTCAT_VALID_FROM, CDTCAT_VALID_TO, CDTCAT_CREATED_BY, CDTCAT_UPDATED_BY, CDTCAT_CREATED_AT, CDTCAT_UPDATED_AT) VALUES (7, 'ANULADO', NULL, NULL, NULL, NULL, NULL, NULL);

/*TO MENU*/
UPDATE CBTMEN SET CBTMEN_ORDER = 2 WHERE CBTMEN_CODE = 42;
INSERT INTO CBTMEN (CBTMEN_CODE, CBT_CBTMEN_CODE, CBTMEN_LABEL, CBTMEN_DATA, CBTMEN_ICON, CBTMEN_URL, CBTMEN_ROLE, CBTMEN_CONDITION, CBTMEN_ORDER, CBTMEN_VALID_FROM, CBTMEN_VALID_TO, CBTMEN_CREATED_BY, CBTMEN_UPDATED_BY, CBTMEN_CREATED_AT, CBTMEN_UPDATED_AT) VALUES (43, 40, 'Materia Prima', 'Materia Prima', 'pi pi-fw pi-inbox', '/home/material', 'realm-supervisor', null, 1, '2022-05-15 01:41:03', null, null, null, '2022-05-15 01:41:03', null);

INSERT INTO CBTPER (CBTMEN_CODE, CBTPER_ROLE, CBTPER_VALID_FROM, CBTPER_VALID_TO, CBTPER_CREATED_BY, CBTPER_UPDATED_BY, CBTPER_CREATED_AT, CBTPER_UPDATED_AT) VALUES (43, 'realm-admin', NULL, NULL, NULL, NULL, NULL, NULL);
INSERT INTO CBTPER (CBTMEN_CODE, CBTPER_ROLE, CBTPER_VALID_FROM, CBTPER_VALID_TO, CBTPER_CREATED_BY, CBTPER_UPDATED_BY, CBTPER_CREATED_AT, CBTPER_UPDATED_AT) VALUES (43, 'realm-supervisor', NULL, NULL, NULL, NULL, NULL, NULL);
INSERT INTO CBTPER (CBTMEN_CODE, CBTPER_ROLE, CBTPER_VALID_FROM, CBTPER_VALID_TO, CBTPER_CREATED_BY, CBTPER_UPDATED_BY, CBTPER_CREATED_AT, CBTPER_UPDATED_AT) VALUES (43, 'realm-user', NULL, NULL, NULL, NULL, NULL, NULL);

INSERT INTO CBTPER_TYPE (XID_CBTPER_CAT_CODE, XID_CBTPER_CODE, CBTPER_TYPE_FLAG, CBTPER_TYPE_VALID_FROM, CBTPER_TYPE_VALID_TO, CBTPER_TYPE_CREATED_BY, CBTPER_TYPE_UPDATED_BY, CBTPER_TYPE_CREATED_AT, CBTPER_TYPE_UPDATED_AT) VALUES (1, 64, 1, '2022-05-21 17:22:07', null, null, null, '2022-05-21 17:22:07', '2022-05-21 17:22:07');
INSERT INTO CBTPER_TYPE (XID_CBTPER_CAT_CODE, XID_CBTPER_CODE, CBTPER_TYPE_FLAG, CBTPER_TYPE_VALID_FROM, CBTPER_TYPE_VALID_TO, CBTPER_TYPE_CREATED_BY, CBTPER_TYPE_UPDATED_BY, CBTPER_TYPE_CREATED_AT, CBTPER_TYPE_UPDATED_AT) VALUES (2, 64, 1, '2022-05-21 17:22:07', null, null, null, '2022-05-21 17:22:07', '2022-05-21 17:22:07');
INSERT INTO CBTPER_TYPE (XID_CBTPER_CAT_CODE, XID_CBTPER_CODE, CBTPER_TYPE_FLAG, CBTPER_TYPE_VALID_FROM, CBTPER_TYPE_VALID_TO, CBTPER_TYPE_CREATED_BY, CBTPER_TYPE_UPDATED_BY, CBTPER_TYPE_CREATED_AT, CBTPER_TYPE_UPDATED_AT) VALUES (3, 64, 1, '2022-05-21 17:22:07', null, null, null, '2022-05-21 17:22:07', '2022-05-21 17:22:07');
INSERT INTO CBTPER_TYPE (XID_CBTPER_CAT_CODE, XID_CBTPER_CODE, CBTPER_TYPE_FLAG, CBTPER_TYPE_VALID_FROM, CBTPER_TYPE_VALID_TO, CBTPER_TYPE_CREATED_BY, CBTPER_TYPE_UPDATED_BY, CBTPER_TYPE_CREATED_AT, CBTPER_TYPE_UPDATED_AT) VALUES (4, 64, 1, '2022-05-21 17:22:07', null, null, null, '2022-05-21 17:22:07', '2022-05-21 17:22:07');
INSERT INTO CBTPER_TYPE (XID_CBTPER_CAT_CODE, XID_CBTPER_CODE, CBTPER_TYPE_FLAG, CBTPER_TYPE_VALID_FROM, CBTPER_TYPE_VALID_TO, CBTPER_TYPE_CREATED_BY, CBTPER_TYPE_UPDATED_BY, CBTPER_TYPE_CREATED_AT, CBTPER_TYPE_UPDATED_AT) VALUES (5, 64, 1, '2022-05-21 17:22:07', null, null, null, '2022-05-21 17:22:07', '2022-05-21 17:22:07');
INSERT INTO CBTPER_TYPE (XID_CBTPER_CAT_CODE, XID_CBTPER_CODE, CBTPER_TYPE_FLAG, CBTPER_TYPE_VALID_FROM, CBTPER_TYPE_VALID_TO, CBTPER_TYPE_CREATED_BY, CBTPER_TYPE_UPDATED_BY, CBTPER_TYPE_CREATED_AT, CBTPER_TYPE_UPDATED_AT) VALUES (1, 65, 0, '2022-05-21 17:22:07', null, null, null, '2022-05-21 17:22:07', '2022-05-21 17:22:07');
INSERT INTO CBTPER_TYPE (XID_CBTPER_CAT_CODE, XID_CBTPER_CODE, CBTPER_TYPE_FLAG, CBTPER_TYPE_VALID_FROM, CBTPER_TYPE_VALID_TO, CBTPER_TYPE_CREATED_BY, CBTPER_TYPE_UPDATED_BY, CBTPER_TYPE_CREATED_AT, CBTPER_TYPE_UPDATED_AT) VALUES (2, 65, 0, '2022-05-21 17:22:07', null, null, null, '2022-05-21 17:22:07', '2022-05-21 17:22:07');
INSERT INTO CBTPER_TYPE (XID_CBTPER_CAT_CODE, XID_CBTPER_CODE, CBTPER_TYPE_FLAG, CBTPER_TYPE_VALID_FROM, CBTPER_TYPE_VALID_TO, CBTPER_TYPE_CREATED_BY, CBTPER_TYPE_UPDATED_BY, CBTPER_TYPE_CREATED_AT, CBTPER_TYPE_UPDATED_AT) VALUES (3, 65, 0, '2022-05-21 17:22:07', null, null, null, '2022-05-21 17:22:07', '2022-05-21 17:22:07');
INSERT INTO CBTPER_TYPE (XID_CBTPER_CAT_CODE, XID_CBTPER_CODE, CBTPER_TYPE_FLAG, CBTPER_TYPE_VALID_FROM, CBTPER_TYPE_VALID_TO, CBTPER_TYPE_CREATED_BY, CBTPER_TYPE_UPDATED_BY, CBTPER_TYPE_CREATED_AT, CBTPER_TYPE_UPDATED_AT) VALUES (4, 65, 0, '2022-05-21 17:22:07', null, null, null, '2022-05-21 17:22:07', '2022-05-21 17:22:07');
INSERT INTO CBTPER_TYPE (XID_CBTPER_CAT_CODE, XID_CBTPER_CODE, CBTPER_TYPE_FLAG, CBTPER_TYPE_VALID_FROM, CBTPER_TYPE_VALID_TO, CBTPER_TYPE_CREATED_BY, CBTPER_TYPE_UPDATED_BY, CBTPER_TYPE_CREATED_AT, CBTPER_TYPE_UPDATED_AT) VALUES (5, 65, 0, '2022-05-21 17:22:07', null, null, null, '2022-05-21 17:22:07', '2022-05-21 17:22:07');
INSERT INTO CBTPER_TYPE (XID_CBTPER_CAT_CODE, XID_CBTPER_CODE, CBTPER_TYPE_FLAG, CBTPER_TYPE_VALID_FROM, CBTPER_TYPE_VALID_TO, CBTPER_TYPE_CREATED_BY, CBTPER_TYPE_UPDATED_BY, CBTPER_TYPE_CREATED_AT, CBTPER_TYPE_UPDATED_AT) VALUES (1, 66, 0, '2022-05-21 17:22:07', null, null, null, '2022-05-21 17:22:07', '2022-05-21 17:22:07');
INSERT INTO CBTPER_TYPE (XID_CBTPER_CAT_CODE, XID_CBTPER_CODE, CBTPER_TYPE_FLAG, CBTPER_TYPE_VALID_FROM, CBTPER_TYPE_VALID_TO, CBTPER_TYPE_CREATED_BY, CBTPER_TYPE_UPDATED_BY, CBTPER_TYPE_CREATED_AT, CBTPER_TYPE_UPDATED_AT) VALUES (2, 66, 0, '2022-05-21 17:22:07', null, null, null, '2022-05-21 17:22:07', '2022-05-21 17:22:07');
INSERT INTO CBTPER_TYPE (XID_CBTPER_CAT_CODE, XID_CBTPER_CODE, CBTPER_TYPE_FLAG, CBTPER_TYPE_VALID_FROM, CBTPER_TYPE_VALID_TO, CBTPER_TYPE_CREATED_BY, CBTPER_TYPE_UPDATED_BY, CBTPER_TYPE_CREATED_AT, CBTPER_TYPE_UPDATED_AT) VALUES (3, 66, 0, '2022-05-21 17:22:07', null, null, null, '2022-05-21 17:22:07', '2022-05-21 17:22:07');
INSERT INTO CBTPER_TYPE (XID_CBTPER_CAT_CODE, XID_CBTPER_CODE, CBTPER_TYPE_FLAG, CBTPER_TYPE_VALID_FROM, CBTPER_TYPE_VALID_TO, CBTPER_TYPE_CREATED_BY, CBTPER_TYPE_UPDATED_BY, CBTPER_TYPE_CREATED_AT, CBTPER_TYPE_UPDATED_AT) VALUES (4, 66, 0, '2022-05-21 17:22:07', null, null, null, '2022-05-21 17:22:07', '2022-05-21 17:22:07');
INSERT INTO CBTPER_TYPE (XID_CBTPER_CAT_CODE, XID_CBTPER_CODE, CBTPER_TYPE_FLAG, CBTPER_TYPE_VALID_FROM, CBTPER_TYPE_VALID_TO, CBTPER_TYPE_CREATED_BY, CBTPER_TYPE_UPDATED_BY, CBTPER_TYPE_CREATED_AT, CBTPER_TYPE_UPDATED_AT) VALUES (5, 66, 0, '2022-05-21 17:22:07', null, null, null, '2022-05-21 17:22:07', '2022-05-21 17:22:07');