/*==============================================================*/
/* Import: CATFAB Catalogos fabricantes                         */
/*==============================================================*/
INSERT INTO CATFAB (CATFAB_NAME) VALUES ('R&M');
INSERT INTO CATFAB (CATFAB_NAME) VALUES ('MBACH');

/*==============================================================*/
/* Import: CATMAQ Catalogos máquinas                            */
/*==============================================================*/
INSERT INTO CATMAQ (CATMAQ_HAS_DESB, CATMAQ_NAME) VALUES (TRUE, 'Mq01 TH');
INSERT INTO CATMAQ (CATMAQ_HAS_DESB, CATMAQ_NAME) VALUES (FALSE, 'Mq05 WI');
INSERT INTO CATMAQ (CATMAQ_HAS_DESB, CATMAQ_NAME) VALUES (FALSE, 'Mq04 DC');
INSERT INTO CATMAQ (CATMAQ_HAS_DESB, CATMAQ_NAME) VALUES (FALSE, 'Mq03 LS');
INSERT INTO CATMAQ (CATMAQ_HAS_DESB, CATMAQ_NAME) VALUES (FALSE, 'CORTE MANUAL');


/*==============================================================*/
/* Import: CATTROSTA Catalogos estados                          */
/*==============================================================*/
INSERT INTO CATSTATUS (ID_CATSTATUS_CODE, CATSTATUS_NAME, CATSTATUS_VALID_FROM, CATSTATUS_COLOR, CATSTATUS_BACKGROUND_COLOR, CATSTATUS_TYPE, CATSTATUS_VALID_TO, CATSTATUS_CREATED_BY, CATSTATUS_UPDATED_BY, CATSTATUS_CREATED_AT, CATSTATUS_UPDATED_AT) VALUES ('VI', 'VIGENTE', NULL, '#256029', '#C8E6C9', 'T', NULL, NULL, NULL, NULL, NULL);
INSERT INTO CATSTATUS (ID_CATSTATUS_CODE, CATSTATUS_NAME, CATSTATUS_VALID_FROM, CATSTATUS_COLOR, CATSTATUS_BACKGROUND_COLOR, CATSTATUS_TYPE, CATSTATUS_VALID_TO, CATSTATUS_CREATED_BY, CATSTATUS_UPDATED_BY, CATSTATUS_CREATED_AT, CATSTATUS_UPDATED_AT) VALUES ('OB', 'OBSOLETO', NULL, '#C63737', '#FFCDD2', 'T', NULL, NULL, NULL, NULL, NULL);
INSERT INTO CATSTATUS (ID_CATSTATUS_CODE, CATSTATUS_NAME, CATSTATUS_VALID_FROM, CATSTATUS_COLOR, CATSTATUS_BACKGROUND_COLOR, CATSTATUS_TYPE, CATSTATUS_VALID_TO, CATSTATUS_CREATED_BY, CATSTATUS_UPDATED_BY, CATSTATUS_CREATED_AT, CATSTATUS_UPDATED_AT) VALUES ('PE', 'PENDIENTE', NULL, '#23547B', '#B3E5FC', 'T', NULL, NULL, NULL, NULL, NULL);
INSERT INTO CATSTATUS (ID_CATSTATUS_CODE, CATSTATUS_NAME, CATSTATUS_VALID_FROM, CATSTATUS_COLOR, CATSTATUS_BACKGROUND_COLOR, CATSTATUS_TYPE, CATSTATUS_VALID_TO, CATSTATUS_CREATED_BY, CATSTATUS_UPDATED_BY, CATSTATUS_CREATED_AT, CATSTATUS_UPDATED_AT) VALUES ('IN', 'INDEFINIDO', NULL, '#805B36', '#FFD8B2', 'T', NULL, NULL, NULL, NULL, NULL);
INSERT INTO CATSTATUS (ID_CATSTATUS_CODE, CATSTATUS_NAME, CATSTATUS_VALID_FROM, CATSTATUS_COLOR, CATSTATUS_BACKGROUND_COLOR, CATSTATUS_TYPE, CATSTATUS_VALID_TO, CATSTATUS_CREATED_BY, CATSTATUS_UPDATED_BY, CATSTATUS_CREATED_AT, CATSTATUS_UPDATED_AT) VALUES ('PEP', 'PENDIENTE', NULL, NULL, NULL, 'P', NULL, NULL, NULL, NULL, NULL);
INSERT INTO CATSTATUS (ID_CATSTATUS_CODE, CATSTATUS_NAME, CATSTATUS_VALID_FROM, CATSTATUS_COLOR, CATSTATUS_BACKGROUND_COLOR, CATSTATUS_TYPE, CATSTATUS_VALID_TO, CATSTATUS_CREATED_BY, CATSTATUS_UPDATED_BY, CATSTATUS_CREATED_AT, CATSTATUS_UPDATED_AT) VALUES ('PIP', 'POR INICIAR', NULL, NULL, NULL, 'P', NULL, NULL, NULL, NULL, NULL);
INSERT INTO CATSTATUS (ID_CATSTATUS_CODE, CATSTATUS_NAME, CATSTATUS_VALID_FROM, CATSTATUS_COLOR, CATSTATUS_BACKGROUND_COLOR, CATSTATUS_TYPE, CATSTATUS_VALID_TO, CATSTATUS_CREATED_BY, CATSTATUS_UPDATED_BY, CATSTATUS_CREATED_AT, CATSTATUS_UPDATED_AT) VALUES ('TEP', 'TERMINADO', NULL, NULL, NULL, 'P', NULL, NULL, NULL, NULL, NULL);
INSERT INTO CATSTATUS (ID_CATSTATUS_CODE, CATSTATUS_NAME, CATSTATUS_VALID_FROM, CATSTATUS_COLOR, CATSTATUS_BACKGROUND_COLOR, CATSTATUS_TYPE, CATSTATUS_VALID_TO, CATSTATUS_CREATED_BY, CATSTATUS_UPDATED_BY, CATSTATUS_CREATED_AT, CATSTATUS_UPDATED_AT) VALUES ('DEP', 'DESPACHADO', NULL, NULL, NULL, 'P', NULL, NULL, NULL, NULL, NULL);
INSERT INTO CATSTATUS (ID_CATSTATUS_CODE, CATSTATUS_NAME, CATSTATUS_VALID_FROM, CATSTATUS_COLOR, CATSTATUS_BACKGROUND_COLOR, CATSTATUS_TYPE, CATSTATUS_VALID_TO, CATSTATUS_CREATED_BY, CATSTATUS_UPDATED_BY, CATSTATUS_CREATED_AT, CATSTATUS_UPDATED_AT) VALUES ('CAP', 'CANCELADO', NULL, NULL, NULL, 'P', NULL, NULL, NULL, NULL, NULL);

/*==============================================================*/
/* Import: CATMAQ Catalogos troqueles                           */
/*==============================================================*/
INSERT INTO CATTRO (CATTRO_AREA, CATTRO_BORDER_L, CATTRO_BORDER_W, CATTRO_PTROQ, CATRO_CREATED_AT, CATTRO_CREATED_BY, CATTRO_CREATED_DATE, CATTRO_DESCRIPTION, CATTRO_DSB_MULTIPLE, CATTRO_GSMDIS, CATTRO_LEAF_L, CATTRO_LEAF_W, CATTRO_LENGTH, CATTRO_NAME, CATTRO_OBSERVATIONS, CATTRO_QUANTITY, CATTRO_QUANTITY_L, CATTRO_SEPARATION_L, CATTRO_QUANTITY_W, CATTRO_SEPARATION_W, XID_CATSTATUS_CODE, CATRO_UPDATED_AT, CATRO_UPDATED_BY, CATTRO_VALID_FROM, CATTRO_VALID_TO, CATTRO_WIDTH, XID_CATFAB_CODE) VALUES (1.204, 0, 0, 'F001', NULL, NULL, '2018-01-01', 'Lam Separador 1.20x1.00', NULL, 900, 0, 0, 1200, 'N/A', NULL, 0, 0, 0, 0, 0, 'VI', NULL, NULL, NULL, NULL, 1000, NULL);
INSERT INTO CATTRO (CATTRO_AREA, CATTRO_BORDER_L, CATTRO_BORDER_W, CATTRO_PTROQ, CATRO_CREATED_AT, CATTRO_CREATED_BY, CATTRO_CREATED_DATE, CATTRO_DESCRIPTION, CATTRO_DSB_MULTIPLE, CATTRO_GSMDIS, CATTRO_LEAF_L, CATTRO_LEAF_W, CATTRO_LENGTH, CATTRO_NAME, CATTRO_OBSERVATIONS, CATTRO_QUANTITY, CATTRO_QUANTITY_L, CATTRO_SEPARATION_L, CATTRO_QUANTITY_W, CATTRO_SEPARATION_W, XID_CATSTATUS_CODE, CATRO_UPDATED_AT, CATRO_UPDATED_BY, CATTRO_VALID_FROM, CATTRO_VALID_TO, CATTRO_WIDTH, XID_CATFAB_CODE) VALUES (1.5055, 20, 4, 'F001B', NULL, NULL, '2018-01-01', 'Lam Separador 1.50x1.00', NULL, 900, 1520, 1004, 1500, 'T001B(1x)-N/A-Corte Manual', NULL, 1, 1, 0, 1, 0, 'VI', NULL, NULL, NULL, NULL, 1000, NULL);
INSERT INTO CATTRO (CATTRO_AREA, CATTRO_BORDER_L, CATTRO_BORDER_W, CATTRO_PTROQ, CATRO_CREATED_AT, CATTRO_CREATED_BY, CATTRO_CREATED_DATE, CATTRO_DESCRIPTION, CATTRO_DSB_MULTIPLE, CATTRO_GSMDIS, CATTRO_LEAF_L, CATTRO_LEAF_W, CATTRO_LENGTH, CATTRO_NAME, CATTRO_OBSERVATIONS, CATTRO_QUANTITY, CATTRO_QUANTITY_L, CATTRO_SEPARATION_L, CATTRO_QUANTITY_W, CATTRO_SEPARATION_W, XID_CATSTATUS_CODE, CATRO_UPDATED_AT, CATRO_UPDATED_BY, CATTRO_VALID_FROM, CATTRO_VALID_TO, CATTRO_WIDTH, XID_CATFAB_CODE) VALUES (0, 0, 0, 'F002', NULL, NULL, '2018-01-01', 'Bandeja pitahaya apilable 40.5x30.5x8.5', NULL, 0, 0, 0, 0, 'N/A', NULL, 0, 0, 0, 0, 0, 'OB', NULL, NULL, NULL, NULL, 0, NULL);
INSERT INTO CATTRO (CATTRO_AREA, CATTRO_BORDER_L, CATTRO_BORDER_W, CATTRO_PTROQ, CATRO_CREATED_AT, CATTRO_CREATED_BY, CATTRO_CREATED_DATE, CATTRO_DESCRIPTION, CATTRO_DSB_MULTIPLE, CATTRO_GSMDIS, CATTRO_LEAF_L, CATTRO_LEAF_W, CATTRO_LENGTH, CATTRO_NAME, CATTRO_OBSERVATIONS, CATTRO_QUANTITY, CATTRO_QUANTITY_L, CATTRO_SEPARATION_L, CATTRO_QUANTITY_W, CATTRO_SEPARATION_W, XID_CATSTATUS_CODE, CATRO_UPDATED_AT, CATRO_UPDATED_BY, CATTRO_VALID_FROM, CATTRO_VALID_TO, CATTRO_WIDTH, XID_CATFAB_CODE) VALUES (0, 0, 0, 'F003', NULL, NULL, '2018-01-01', 'BANDEJA FRUTILLAS APILABLE 49.6x28.8x7.5', NULL, 0, 0, 0, 0, 'N/A', NULL, 0, 0, 0, 0, 0, 'OB', NULL, NULL, NULL, NULL, 0, NULL);
INSERT INTO CATTRO (CATTRO_AREA, CATTRO_BORDER_L, CATTRO_BORDER_W, CATTRO_PTROQ, CATRO_CREATED_AT, CATTRO_CREATED_BY, CATTRO_CREATED_DATE, CATTRO_DESCRIPTION, CATTRO_DSB_MULTIPLE, CATTRO_GSMDIS, CATTRO_LEAF_L, CATTRO_LEAF_W, CATTRO_LENGTH, CATTRO_NAME, CATTRO_OBSERVATIONS, CATTRO_QUANTITY, CATTRO_QUANTITY_L, CATTRO_SEPARATION_L, CATTRO_QUANTITY_W, CATTRO_SEPARATION_W, XID_CATSTATUS_CODE, CATRO_UPDATED_AT, CATRO_UPDATED_BY, CATTRO_VALID_FROM, CATTRO_VALID_TO, CATTRO_WIDTH, XID_CATFAB_CODE) VALUES (0, 0, 0, 'F004', NULL, NULL, '2018-01-01', 'MEDIA CAJA 68.5x46x29', NULL, 0, 0, 0, 0, 'N/A', NULL, 0, 0, 0, 0, 0, 'OB', NULL, NULL, NULL, NULL, 0, NULL);
INSERT INTO CATTRO (CATTRO_AREA, CATTRO_BORDER_L, CATTRO_BORDER_W, CATTRO_PTROQ, CATRO_CREATED_AT, CATTRO_CREATED_BY, CATTRO_CREATED_DATE, CATTRO_DESCRIPTION, CATTRO_DSB_MULTIPLE, CATTRO_GSMDIS, CATTRO_LEAF_L, CATTRO_LEAF_W, CATTRO_LENGTH, CATTRO_NAME, CATTRO_OBSERVATIONS, CATTRO_QUANTITY, CATTRO_QUANTITY_L, CATTRO_SEPARATION_L, CATTRO_QUANTITY_W, CATTRO_SEPARATION_W, XID_CATSTATUS_CODE, CATRO_UPDATED_AT, CATRO_UPDATED_BY, CATTRO_VALID_FROM, CATTRO_VALID_TO, CATTRO_WIDTH, XID_CATFAB_CODE) VALUES (0, 0, 0, 'F005', NULL, NULL, '2018-01-01', 'BANDEJA FLORES ESPECIAL - TAPA (OBSOLETO)', NULL, 0, 0, 0, 0, 'N/A', NULL, 0, 0, 0, 0, 0, 'OB', NULL, NULL, NULL, NULL, 0, NULL);
INSERT INTO CATTRO (CATTRO_AREA, CATTRO_BORDER_L, CATTRO_BORDER_W, CATTRO_PTROQ, CATRO_CREATED_AT, CATTRO_CREATED_BY, CATTRO_CREATED_DATE, CATTRO_DESCRIPTION, CATTRO_DSB_MULTIPLE, CATTRO_GSMDIS, CATTRO_LEAF_L, CATTRO_LEAF_W, CATTRO_LENGTH, CATTRO_NAME, CATTRO_OBSERVATIONS, CATTRO_QUANTITY, CATTRO_QUANTITY_L, CATTRO_SEPARATION_L, CATTRO_QUANTITY_W, CATTRO_SEPARATION_W, XID_CATSTATUS_CODE, CATRO_UPDATED_AT, CATRO_UPDATED_BY, CATTRO_VALID_FROM, CATTRO_VALID_TO, CATTRO_WIDTH, XID_CATFAB_CODE) VALUES (0, 0, 0, 'F006', NULL, NULL, '2018-01-01', 'BANDEJA FLORES ESPECIAL - BASE (OBSOLETO)', NULL, 0, 0, 0, 0, 'N/A', NULL, 0, 0, 0, 0, 0, 'OB', NULL, NULL, NULL, NULL, 0, NULL);
INSERT INTO CATTRO (CATTRO_AREA, CATTRO_BORDER_L, CATTRO_BORDER_W, CATTRO_PTROQ, CATRO_CREATED_AT, CATTRO_CREATED_BY, CATTRO_CREATED_DATE, CATTRO_DESCRIPTION, CATTRO_DSB_MULTIPLE, CATTRO_GSMDIS, CATTRO_LEAF_L, CATTRO_LEAF_W, CATTRO_LENGTH, CATTRO_NAME, CATTRO_OBSERVATIONS, CATTRO_QUANTITY, CATTRO_QUANTITY_L, CATTRO_SEPARATION_L, CATTRO_QUANTITY_W, CATTRO_SEPARATION_W, XID_CATSTATUS_CODE, CATRO_UPDATED_AT, CATRO_UPDATED_BY, CATTRO_VALID_FROM, CATTRO_VALID_TO, CATTRO_WIDTH, XID_CATFAB_CODE) VALUES (0, 0, 0, 'F007', NULL, NULL, '2018-01-01', 'BANDEJA PERFORADA 6kg (1ra VERSION)', NULL, 0, 0, 0, 0, 'N/A', NULL, 0, 0, 0, 0, 0, 'OB', NULL, NULL, NULL, NULL, 0, NULL);
INSERT INTO CATTRO (CATTRO_AREA, CATTRO_BORDER_L, CATTRO_BORDER_W, CATTRO_PTROQ, CATRO_CREATED_AT, CATTRO_CREATED_BY, CATTRO_CREATED_DATE, CATTRO_DESCRIPTION, CATTRO_DSB_MULTIPLE, CATTRO_GSMDIS, CATTRO_LEAF_L, CATTRO_LEAF_W, CATTRO_LENGTH, CATTRO_NAME, CATTRO_OBSERVATIONS, CATTRO_QUANTITY, CATTRO_QUANTITY_L, CATTRO_SEPARATION_L, CATTRO_QUANTITY_W, CATTRO_SEPARATION_W, XID_CATSTATUS_CODE, CATRO_UPDATED_AT, CATRO_UPDATED_BY, CATTRO_VALID_FROM, CATTRO_VALID_TO, CATTRO_WIDTH, XID_CATFAB_CODE) VALUES (0, 0, 0, 'F008', NULL, NULL, '2018-01-01', 'BANDEJA CAMARON 6kg', NULL, 0, 0, 0, 0, 'N/A', NULL, 0, 0, 0, 0, 0, 'OB', NULL, NULL, NULL, NULL, 0, NULL);
INSERT INTO CATTRO (CATTRO_AREA, CATTRO_BORDER_L, CATTRO_BORDER_W, CATTRO_PTROQ, CATRO_CREATED_AT, CATTRO_CREATED_BY, CATTRO_CREATED_DATE, CATTRO_DESCRIPTION, CATTRO_DSB_MULTIPLE, CATTRO_GSMDIS, CATTRO_LEAF_L, CATTRO_LEAF_W, CATTRO_LENGTH, CATTRO_NAME, CATTRO_OBSERVATIONS, CATTRO_QUANTITY, CATTRO_QUANTITY_L, CATTRO_SEPARATION_L, CATTRO_QUANTITY_W, CATTRO_SEPARATION_W, XID_CATSTATUS_CODE, CATRO_UPDATED_AT, CATRO_UPDATED_BY, CATTRO_VALID_FROM, CATTRO_VALID_TO, CATTRO_WIDTH, XID_CATFAB_CODE) VALUES (1.1219, 0, 0, 'F009', NULL, NULL, '2018-01-01', 'Base Flores Tubular', NULL, 600, 0, 0, 945, 'N/A', NULL, 0, 0, 0, 0, 0, 'PE', NULL, NULL, NULL, NULL, 1210, NULL);
INSERT INTO CATTRO (CATTRO_AREA, CATTRO_BORDER_L, CATTRO_BORDER_W, CATTRO_PTROQ, CATRO_CREATED_AT, CATTRO_CREATED_BY, CATTRO_CREATED_DATE, CATTRO_DESCRIPTION, CATTRO_DSB_MULTIPLE, CATTRO_GSMDIS, CATTRO_LEAF_L, CATTRO_LEAF_W, CATTRO_LENGTH, CATTRO_NAME, CATTRO_OBSERVATIONS, CATTRO_QUANTITY, CATTRO_QUANTITY_L, CATTRO_SEPARATION_L, CATTRO_QUANTITY_W, CATTRO_SEPARATION_W, XID_CATSTATUS_CODE, CATRO_UPDATED_AT, CATRO_UPDATED_BY, CATTRO_VALID_FROM, CATTRO_VALID_TO, CATTRO_WIDTH, XID_CATFAB_CODE) VALUES (0.2072, 0, 0, 'F010', NULL, NULL, '2018-01-01', 'Tapa Flores Tubular', NULL, 600, 0, 0, 523.3, 'N/A', NULL, 0, 0, 0, 0, 0, 'PE', NULL, NULL, NULL, NULL, 407.7, NULL);
INSERT INTO CATTRO (CATTRO_AREA, CATTRO_BORDER_L, CATTRO_BORDER_W, CATTRO_PTROQ, CATRO_CREATED_AT, CATTRO_CREATED_BY, CATTRO_CREATED_DATE, CATTRO_DESCRIPTION, CATTRO_DSB_MULTIPLE, CATTRO_GSMDIS, CATTRO_LEAF_L, CATTRO_LEAF_W, CATTRO_LENGTH, CATTRO_NAME, CATTRO_OBSERVATIONS, CATTRO_QUANTITY, CATTRO_QUANTITY_L, CATTRO_SEPARATION_L, CATTRO_QUANTITY_W, CATTRO_SEPARATION_W, XID_CATSTATUS_CODE, CATRO_UPDATED_AT, CATRO_UPDATED_BY, CATTRO_VALID_FROM, CATTRO_VALID_TO, CATTRO_WIDTH, XID_CATFAB_CODE) VALUES (0.7979, 39, 41, 'F011', NULL, NULL, '2018-01-01', 'Base Especial', NULL, 500, 610, 1460, 571, 'T011(1x)-R&M-Mq01 TH', NULL, 1, 1, 0, 1, 0, 'VI', NULL, NULL, NULL, NULL, 1419, 1);
INSERT INTO CATTRO (CATTRO_AREA, CATTRO_BORDER_L, CATTRO_BORDER_W, CATTRO_PTROQ, CATRO_CREATED_AT, CATTRO_CREATED_BY, CATTRO_CREATED_DATE, CATTRO_DESCRIPTION, CATTRO_DSB_MULTIPLE, CATTRO_GSMDIS, CATTRO_LEAF_L, CATTRO_LEAF_W, CATTRO_LENGTH, CATTRO_NAME, CATTRO_OBSERVATIONS, CATTRO_QUANTITY, CATTRO_QUANTITY_L, CATTRO_SEPARATION_L, CATTRO_QUANTITY_W, CATTRO_SEPARATION_W, XID_CATSTATUS_CODE, CATRO_UPDATED_AT, CATRO_UPDATED_BY, CATTRO_VALID_FROM, CATTRO_VALID_TO, CATTRO_WIDTH, XID_CATFAB_CODE) VALUES (0.8289, 24, 30, 'F012', NULL, NULL, '2018-01-01', 'Tapa Especial', NULL, 500, 610, 1460, 586, 'T012(1x)-R&M-Mq01 TH', NULL, 1, 1, 0, 1, 0, 'VI', NULL, NULL, NULL, NULL, 1430, 1);
INSERT INTO CATTRO (CATTRO_AREA, CATTRO_BORDER_L, CATTRO_BORDER_W, CATTRO_PTROQ, CATRO_CREATED_AT, CATTRO_CREATED_BY, CATTRO_CREATED_DATE, CATTRO_DESCRIPTION, CATTRO_DSB_MULTIPLE, CATTRO_GSMDIS, CATTRO_LEAF_L, CATTRO_LEAF_W, CATTRO_LENGTH, CATTRO_NAME, CATTRO_OBSERVATIONS, CATTRO_QUANTITY, CATTRO_QUANTITY_L, CATTRO_SEPARATION_L, CATTRO_QUANTITY_W, CATTRO_SEPARATION_W, XID_CATSTATUS_CODE, CATRO_UPDATED_AT, CATRO_UPDATED_BY, CATTRO_VALID_FROM, CATTRO_VALID_TO, CATTRO_WIDTH, XID_CATFAB_CODE) VALUES (0.8804, 0, 0, 'F013', NULL, NULL, '2018-01-01', 'Cont. Botellas 60ml Paletizable', NULL, 400, 0, 0, 569.9, 'N/A', NULL, 0, 0, 0, 0, 0, 'PE', NULL, NULL, NULL, NULL, 1051.5, NULL);
INSERT INTO CATTRO (CATTRO_AREA, CATTRO_BORDER_L, CATTRO_BORDER_W, CATTRO_PTROQ, CATRO_CREATED_AT, CATTRO_CREATED_BY, CATTRO_CREATED_DATE, CATTRO_DESCRIPTION, CATTRO_DSB_MULTIPLE, CATTRO_GSMDIS, CATTRO_LEAF_L, CATTRO_LEAF_W, CATTRO_LENGTH, CATTRO_NAME, CATTRO_OBSERVATIONS, CATTRO_QUANTITY, CATTRO_QUANTITY_L, CATTRO_SEPARATION_L, CATTRO_QUANTITY_W, CATTRO_SEPARATION_W, XID_CATSTATUS_CODE, CATRO_UPDATED_AT, CATRO_UPDATED_BY, CATTRO_VALID_FROM, CATTRO_VALID_TO, CATTRO_WIDTH, XID_CATFAB_CODE) VALUES (0.7699, 41, 103, 'F014', NULL, NULL, '2018-01-01', 'Flores Normal - Base', NULL, 500, 610, 1460, 569, 'T014(1x)-R&M-Mq01 TH', NULL, 1, 1, 0, 1, 0, 'VI', NULL, NULL, NULL, NULL, 1357, 1);
INSERT INTO CATTRO (CATTRO_AREA, CATTRO_BORDER_L, CATTRO_BORDER_W, CATTRO_PTROQ, CATRO_CREATED_AT, CATTRO_CREATED_BY, CATTRO_CREATED_DATE, CATTRO_DESCRIPTION, CATTRO_DSB_MULTIPLE, CATTRO_GSMDIS, CATTRO_LEAF_L, CATTRO_LEAF_W, CATTRO_LENGTH, CATTRO_NAME, CATTRO_OBSERVATIONS, CATTRO_QUANTITY, CATTRO_QUANTITY_L, CATTRO_SEPARATION_L, CATTRO_QUANTITY_W, CATTRO_SEPARATION_W, XID_CATSTATUS_CODE, CATRO_UPDATED_AT, CATRO_UPDATED_BY, CATTRO_VALID_FROM, CATTRO_VALID_TO, CATTRO_WIDTH, XID_CATFAB_CODE) VALUES (0.7861, 31, 99, 'F015', NULL, NULL, '2018-01-01', 'Flores Normal - Tapa', NULL, 500, 610, 1460, 579, 'T015(1x)-R&M-Mq01 TH', NULL, 1, 1, 0, 1, 0, 'VI', NULL, NULL, NULL, NULL, 1361, 1);
INSERT INTO CATTRO (CATTRO_AREA, CATTRO_BORDER_L, CATTRO_BORDER_W, CATTRO_PTROQ, CATRO_CREATED_AT, CATTRO_CREATED_BY, CATTRO_CREATED_DATE, CATTRO_DESCRIPTION, CATTRO_DSB_MULTIPLE, CATTRO_GSMDIS, CATTRO_LEAF_L, CATTRO_LEAF_W, CATTRO_LENGTH, CATTRO_NAME, CATTRO_OBSERVATIONS, CATTRO_QUANTITY, CATTRO_QUANTITY_L, CATTRO_SEPARATION_L, CATTRO_QUANTITY_W, CATTRO_SEPARATION_W, XID_CATSTATUS_CODE, CATRO_UPDATED_AT, CATRO_UPDATED_BY, CATTRO_VALID_FROM, CATTRO_VALID_TO, CATTRO_WIDTH, XID_CATFAB_CODE) VALUES (0.1469, 0, 0, 'F016', NULL, NULL, '2018-01-01', 'Bandeja 30x25x4', NULL, 500, 0, 0, 418.8, 'N/A', NULL, 0, 0, 0, 0, 0, 'PE', NULL, NULL, NULL, NULL, 377.2, NULL);
INSERT INTO CATTRO (CATTRO_AREA, CATTRO_BORDER_L, CATTRO_BORDER_W, CATTRO_PTROQ, CATRO_CREATED_AT, CATTRO_CREATED_BY, CATTRO_CREATED_DATE, CATTRO_DESCRIPTION, CATTRO_DSB_MULTIPLE, CATTRO_GSMDIS, CATTRO_LEAF_L, CATTRO_LEAF_W, CATTRO_LENGTH, CATTRO_NAME, CATTRO_OBSERVATIONS, CATTRO_QUANTITY, CATTRO_QUANTITY_L, CATTRO_SEPARATION_L, CATTRO_QUANTITY_W, CATTRO_SEPARATION_W, XID_CATSTATUS_CODE, CATRO_UPDATED_AT, CATRO_UPDATED_BY, CATTRO_VALID_FROM, CATTRO_VALID_TO, CATTRO_WIDTH, XID_CATFAB_CODE) VALUES (0.2586, 0, 0, 'F017', NULL, NULL, '2018-01-01', 'Fondo antiderrames', NULL, 300, 0, 0, 543.6, 'N/A', NULL, 0, 0, 0, 0, 0, 'PE', NULL, NULL, NULL, NULL, 507.4, NULL);
INSERT INTO CATTRO (CATTRO_AREA, CATTRO_BORDER_L, CATTRO_BORDER_W, CATTRO_PTROQ, CATRO_CREATED_AT, CATTRO_CREATED_BY, CATTRO_CREATED_DATE, CATTRO_DESCRIPTION, CATTRO_DSB_MULTIPLE, CATTRO_GSMDIS, CATTRO_LEAF_L, CATTRO_LEAF_W, CATTRO_LENGTH, CATTRO_NAME, CATTRO_OBSERVATIONS, CATTRO_QUANTITY, CATTRO_QUANTITY_L, CATTRO_SEPARATION_L, CATTRO_QUANTITY_W, CATTRO_SEPARATION_W, XID_CATSTATUS_CODE, CATRO_UPDATED_AT, CATRO_UPDATED_BY, CATTRO_VALID_FROM, CATTRO_VALID_TO, CATTRO_WIDTH, XID_CATFAB_CODE) VALUES (0, 0, 0, 'F018', NULL, NULL, '2018-01-01', 'Bandeja perf 6Kg V3', NULL, 0, 0, 0, 0, 'N/A', NULL, 0, 0, 0, 0, 0, 'OB', NULL, NULL, NULL, NULL, 0, NULL);
INSERT INTO CATTRO (CATTRO_AREA, CATTRO_BORDER_L, CATTRO_BORDER_W, CATTRO_PTROQ, CATRO_CREATED_AT, CATTRO_CREATED_BY, CATTRO_CREATED_DATE, CATTRO_DESCRIPTION, CATTRO_DSB_MULTIPLE, CATTRO_GSMDIS, CATTRO_LEAF_L, CATTRO_LEAF_W, CATTRO_LENGTH, CATTRO_NAME, CATTRO_OBSERVATIONS, CATTRO_QUANTITY, CATTRO_QUANTITY_L, CATTRO_SEPARATION_L, CATTRO_QUANTITY_W, CATTRO_SEPARATION_W, XID_CATSTATUS_CODE, CATRO_UPDATED_AT, CATRO_UPDATED_BY, CATTRO_VALID_FROM, CATTRO_VALID_TO, CATTRO_WIDTH, XID_CATFAB_CODE) VALUES (0.41, 26, 28, 'F018B', NULL, NULL, '2018-01-01', 'Bandeja perf 6Kg', NULL, 550, 815, 660, 788.4, 'T018B(1x)--Man1, Atm3', NULL, 1, 1, 0, 1, 0, 'PE', NULL, NULL, NULL, NULL, 632, NULL);
INSERT INTO CATTRO (CATTRO_AREA, CATTRO_BORDER_L, CATTRO_BORDER_W, CATTRO_PTROQ, CATRO_CREATED_AT, CATTRO_CREATED_BY, CATTRO_CREATED_DATE, CATTRO_DESCRIPTION, CATTRO_DSB_MULTIPLE, CATTRO_GSMDIS, CATTRO_LEAF_L, CATTRO_LEAF_W, CATTRO_LENGTH, CATTRO_NAME, CATTRO_OBSERVATIONS, CATTRO_QUANTITY, CATTRO_QUANTITY_L, CATTRO_SEPARATION_L, CATTRO_QUANTITY_W, CATTRO_SEPARATION_W, XID_CATSTATUS_CODE, CATRO_UPDATED_AT, CATRO_UPDATED_BY, CATTRO_VALID_FROM, CATTRO_VALID_TO, CATTRO_WIDTH, XID_CATFAB_CODE) VALUES (0.3778, 0, 0, 'F019', NULL, NULL, '2018-01-01', 'Base NQ (600)', NULL, 0, 0, 0, 0, 'N/A', NULL, 0, 0, 0, 0, 0, 'PE', NULL, NULL, NULL, NULL, 0, NULL);
INSERT INTO CATTRO (CATTRO_AREA, CATTRO_BORDER_L, CATTRO_BORDER_W, CATTRO_PTROQ, CATRO_CREATED_AT, CATTRO_CREATED_BY, CATTRO_CREATED_DATE, CATTRO_DESCRIPTION, CATTRO_DSB_MULTIPLE, CATTRO_GSMDIS, CATTRO_LEAF_L, CATTRO_LEAF_W, CATTRO_LENGTH, CATTRO_NAME, CATTRO_OBSERVATIONS, CATTRO_QUANTITY, CATTRO_QUANTITY_L, CATTRO_SEPARATION_L, CATTRO_QUANTITY_W, CATTRO_SEPARATION_W, XID_CATSTATUS_CODE, CATRO_UPDATED_AT, CATRO_UPDATED_BY, CATTRO_VALID_FROM, CATTRO_VALID_TO, CATTRO_WIDTH, XID_CATFAB_CODE) VALUES (0.4, 0, 0, 'F020', NULL, NULL, '2018-01-01', 'Tapa NQ (600)', NULL, 0, 0, 0, 0, 'N/A', NULL, 0, 0, 0, 0, 0, 'PE', NULL, NULL, NULL, NULL, 0, NULL);
INSERT INTO CATTRO (CATTRO_AREA, CATTRO_BORDER_L, CATTRO_BORDER_W, CATTRO_PTROQ, CATRO_CREATED_AT, CATTRO_CREATED_BY, CATTRO_CREATED_DATE, CATTRO_DESCRIPTION, CATTRO_DSB_MULTIPLE, CATTRO_GSMDIS, CATTRO_LEAF_L, CATTRO_LEAF_W, CATTRO_LENGTH, CATTRO_NAME, CATTRO_OBSERVATIONS, CATTRO_QUANTITY, CATTRO_QUANTITY_L, CATTRO_SEPARATION_L, CATTRO_QUANTITY_W, CATTRO_SEPARATION_W, XID_CATSTATUS_CODE, CATRO_UPDATED_AT, CATRO_UPDATED_BY, CATTRO_VALID_FROM, CATTRO_VALID_TO, CATTRO_WIDTH, XID_CATFAB_CODE) VALUES (0.1002, 0, 0, 'F021', NULL, NULL, '2018-01-01', 'Divisor NQ - 5', NULL, 0, 0, 0, 0, 'N/A', NULL, 0, 0, 0, 0, 0, 'PE', NULL, NULL, NULL, NULL, 0, NULL);
INSERT INTO CATTRO (CATTRO_AREA, CATTRO_BORDER_L, CATTRO_BORDER_W, CATTRO_PTROQ, CATRO_CREATED_AT, CATTRO_CREATED_BY, CATTRO_CREATED_DATE, CATTRO_DESCRIPTION, CATTRO_DSB_MULTIPLE, CATTRO_GSMDIS, CATTRO_LEAF_L, CATTRO_LEAF_W, CATTRO_LENGTH, CATTRO_NAME, CATTRO_OBSERVATIONS, CATTRO_QUANTITY, CATTRO_QUANTITY_L, CATTRO_SEPARATION_L, CATTRO_QUANTITY_W, CATTRO_SEPARATION_W, XID_CATSTATUS_CODE, CATRO_UPDATED_AT, CATRO_UPDATED_BY, CATTRO_VALID_FROM, CATTRO_VALID_TO, CATTRO_WIDTH, XID_CATFAB_CODE) VALUES (0.0926, 0, 0, 'F022', NULL, NULL, '2018-01-01', 'Divisor NQ - 6', NULL, 0, 0, 0, 0, 'N/A', NULL, 0, 0, 0, 0, 0, 'PE', NULL, NULL, NULL, NULL, 0, NULL);
INSERT INTO CATTRO (CATTRO_AREA, CATTRO_BORDER_L, CATTRO_BORDER_W, CATTRO_PTROQ, CATRO_CREATED_AT, CATTRO_CREATED_BY, CATTRO_CREATED_DATE, CATTRO_DESCRIPTION, CATTRO_DSB_MULTIPLE, CATTRO_GSMDIS, CATTRO_LEAF_L, CATTRO_LEAF_W, CATTRO_LENGTH, CATTRO_NAME, CATTRO_OBSERVATIONS, CATTRO_QUANTITY, CATTRO_QUANTITY_L, CATTRO_SEPARATION_L, CATTRO_QUANTITY_W, CATTRO_SEPARATION_W, XID_CATSTATUS_CODE, CATRO_UPDATED_AT, CATRO_UPDATED_BY, CATTRO_VALID_FROM, CATTRO_VALID_TO, CATTRO_WIDTH, XID_CATFAB_CODE) VALUES (0.4993, 0, 0, 'F023', NULL, NULL, '2018-01-01', 'Base HQ (600)', NULL, 0, 0, 0, 0, 'N/A', NULL, 0, 0, 0, 0, 0, 'PE', NULL, NULL, NULL, NULL, 0, NULL);
INSERT INTO CATTRO (CATTRO_AREA, CATTRO_BORDER_L, CATTRO_BORDER_W, CATTRO_PTROQ, CATRO_CREATED_AT, CATTRO_CREATED_BY, CATTRO_CREATED_DATE, CATTRO_DESCRIPTION, CATTRO_DSB_MULTIPLE, CATTRO_GSMDIS, CATTRO_LEAF_L, CATTRO_LEAF_W, CATTRO_LENGTH, CATTRO_NAME, CATTRO_OBSERVATIONS, CATTRO_QUANTITY, CATTRO_QUANTITY_L, CATTRO_SEPARATION_L, CATTRO_QUANTITY_W, CATTRO_SEPARATION_W, XID_CATSTATUS_CODE, CATRO_UPDATED_AT, CATRO_UPDATED_BY, CATTRO_VALID_FROM, CATTRO_VALID_TO, CATTRO_WIDTH, XID_CATFAB_CODE) VALUES (0.5174, 0, 0, 'F024', NULL, NULL, '2018-01-01', 'Tapa HQ (600)', NULL, 0, 0, 0, 0, 'N/A', NULL, 0, 0, 0, 0, 0, 'PE', NULL, NULL, NULL, NULL, 0, NULL);
INSERT INTO CATTRO (CATTRO_AREA, CATTRO_BORDER_L, CATTRO_BORDER_W, CATTRO_PTROQ, CATRO_CREATED_AT, CATTRO_CREATED_BY, CATTRO_CREATED_DATE, CATTRO_DESCRIPTION, CATTRO_DSB_MULTIPLE, CATTRO_GSMDIS, CATTRO_LEAF_L, CATTRO_LEAF_W, CATTRO_LENGTH, CATTRO_NAME, CATTRO_OBSERVATIONS, CATTRO_QUANTITY, CATTRO_QUANTITY_L, CATTRO_SEPARATION_L, CATTRO_QUANTITY_W, CATTRO_SEPARATION_W, XID_CATSTATUS_CODE, CATRO_UPDATED_AT, CATRO_UPDATED_BY, CATTRO_VALID_FROM, CATTRO_VALID_TO, CATTRO_WIDTH, XID_CATFAB_CODE) VALUES (0.1315, 0, 0, 'F025', NULL, NULL, '2018-01-01', 'Divisor HQ x 5', NULL, 0, 0, 0, 0, 'N/A', NULL, 0, 0, 0, 0, 0, 'PE', NULL, NULL, NULL, NULL, 0, NULL);
INSERT INTO CATTRO (CATTRO_AREA, CATTRO_BORDER_L, CATTRO_BORDER_W, CATTRO_PTROQ, CATRO_CREATED_AT, CATTRO_CREATED_BY, CATTRO_CREATED_DATE, CATTRO_DESCRIPTION, CATTRO_DSB_MULTIPLE, CATTRO_GSMDIS, CATTRO_LEAF_L, CATTRO_LEAF_W, CATTRO_LENGTH, CATTRO_NAME, CATTRO_OBSERVATIONS, CATTRO_QUANTITY, CATTRO_QUANTITY_L, CATTRO_SEPARATION_L, CATTRO_QUANTITY_W, CATTRO_SEPARATION_W, XID_CATSTATUS_CODE, CATRO_UPDATED_AT, CATRO_UPDATED_BY, CATTRO_VALID_FROM, CATTRO_VALID_TO, CATTRO_WIDTH, XID_CATFAB_CODE) VALUES (0.1445, 0, 0, 'F026', NULL, NULL, '2018-01-01', 'Divisor HQ x 4 (HTW)', NULL, 0, 0, 0, 0, 'N/A', NULL, 0, 0, 0, 0, 0, 'PE', NULL, NULL, NULL, NULL, 0, NULL);
INSERT INTO CATTRO (CATTRO_AREA, CATTRO_BORDER_L, CATTRO_BORDER_W, CATTRO_PTROQ, CATRO_CREATED_AT, CATTRO_CREATED_BY, CATTRO_CREATED_DATE, CATTRO_DESCRIPTION, CATTRO_DSB_MULTIPLE, CATTRO_GSMDIS, CATTRO_LEAF_L, CATTRO_LEAF_W, CATTRO_LENGTH, CATTRO_NAME, CATTRO_OBSERVATIONS, CATTRO_QUANTITY, CATTRO_QUANTITY_L, CATTRO_SEPARATION_L, CATTRO_QUANTITY_W, CATTRO_SEPARATION_W, XID_CATSTATUS_CODE, CATRO_UPDATED_AT, CATRO_UPDATED_BY, CATTRO_VALID_FROM, CATTRO_VALID_TO, CATTRO_WIDTH, XID_CATFAB_CODE) VALUES (0.2229, 48, 38, 'F027', NULL, NULL, '2021-11-29', 'Autoarmable 29x15x6.5', NULL, 300, 610, 1020, 562, 'T027(2x)-MBACH-Mq04 DC', NULL, 2, 1, -90, 2, 8, 'PE', NULL, NULL, NULL, NULL, 487, 2);
INSERT INTO CATTRO (CATTRO_AREA, CATTRO_BORDER_L, CATTRO_BORDER_W, CATTRO_PTROQ, CATRO_CREATED_AT, CATTRO_CREATED_BY, CATTRO_CREATED_DATE, CATTRO_DESCRIPTION, CATTRO_DSB_MULTIPLE, CATTRO_GSMDIS, CATTRO_LEAF_L, CATTRO_LEAF_W, CATTRO_LENGTH, CATTRO_NAME, CATTRO_OBSERVATIONS, CATTRO_QUANTITY, CATTRO_QUANTITY_L, CATTRO_SEPARATION_L, CATTRO_QUANTITY_W, CATTRO_SEPARATION_W, XID_CATSTATUS_CODE, CATRO_UPDATED_AT, CATRO_UPDATED_BY, CATTRO_VALID_FROM, CATTRO_VALID_TO, CATTRO_WIDTH, XID_CATFAB_CODE) VALUES (0, 0, 0, 'F028', NULL, NULL, '2018-01-01', 'Bandeja Perf 4kg', NULL, 0, 0, 0, 0, 'N/A', NULL, 0, 0, 0, 0, 0, 'IN', NULL, NULL, NULL, NULL, 0, NULL);
INSERT INTO CATTRO (CATTRO_AREA, CATTRO_BORDER_L, CATTRO_BORDER_W, CATTRO_PTROQ, CATRO_CREATED_AT, CATTRO_CREATED_BY, CATTRO_CREATED_DATE, CATTRO_DESCRIPTION, CATTRO_DSB_MULTIPLE, CATTRO_GSMDIS, CATTRO_LEAF_L, CATTRO_LEAF_W, CATTRO_LENGTH, CATTRO_NAME, CATTRO_OBSERVATIONS, CATTRO_QUANTITY, CATTRO_QUANTITY_L, CATTRO_SEPARATION_L, CATTRO_QUANTITY_W, CATTRO_SEPARATION_W, XID_CATSTATUS_CODE, CATRO_UPDATED_AT, CATRO_UPDATED_BY, CATTRO_VALID_FROM, CATTRO_VALID_TO, CATTRO_WIDTH, XID_CATFAB_CODE) VALUES (0, 0, 0, 'F029', NULL, NULL, '2018-01-01', 'Bandeja Perf 8kg', NULL, 0, 0, 0, 0, 'N/A', NULL, 0, 0, 0, 0, 0, 'IN', NULL, NULL, NULL, NULL, 0, NULL);
INSERT INTO CATTRO (CATTRO_AREA, CATTRO_BORDER_L, CATTRO_BORDER_W, CATTRO_PTROQ, CATRO_CREATED_AT, CATTRO_CREATED_BY, CATTRO_CREATED_DATE, CATTRO_DESCRIPTION, CATTRO_DSB_MULTIPLE, CATTRO_GSMDIS, CATTRO_LEAF_L, CATTRO_LEAF_W, CATTRO_LENGTH, CATTRO_NAME, CATTRO_OBSERVATIONS, CATTRO_QUANTITY, CATTRO_QUANTITY_L, CATTRO_SEPARATION_L, CATTRO_QUANTITY_W, CATTRO_SEPARATION_W, XID_CATSTATUS_CODE, CATRO_UPDATED_AT, CATRO_UPDATED_BY, CATTRO_VALID_FROM, CATTRO_VALID_TO, CATTRO_WIDTH, XID_CATFAB_CODE) VALUES (0.2331, 29, 29, 'F030', NULL, NULL, '2018-01-01', 'Bandeja Perforada 310x230x90', NULL, 500, 625, 515, 596, 'T030(1x)--Mq01 TH', NULL, 1, 1, 0, 1, 0, 'VI', NULL, NULL, NULL, NULL, 485.2, NULL);
INSERT INTO CATTRO (CATTRO_AREA, CATTRO_BORDER_L, CATTRO_BORDER_W, CATTRO_PTROQ, CATRO_CREATED_AT, CATTRO_CREATED_BY, CATTRO_CREATED_DATE, CATTRO_DESCRIPTION, CATTRO_DSB_MULTIPLE, CATTRO_GSMDIS, CATTRO_LEAF_L, CATTRO_LEAF_W, CATTRO_LENGTH, CATTRO_NAME, CATTRO_OBSERVATIONS, CATTRO_QUANTITY, CATTRO_QUANTITY_L, CATTRO_SEPARATION_L, CATTRO_QUANTITY_W, CATTRO_SEPARATION_W, XID_CATSTATUS_CODE, CATRO_UPDATED_AT, CATRO_UPDATED_BY, CATTRO_VALID_FROM, CATTRO_VALID_TO, CATTRO_WIDTH, XID_CATFAB_CODE) VALUES (0, 0, 0, 'F031', NULL, NULL, '2018-01-01', 'Bandeja Apilable 36x19x18', NULL, 0, 0, 0, 0, 'N/A', NULL, 0, 0, 0, 0, 0, 'IN', NULL, NULL, NULL, NULL, 0, NULL);
INSERT INTO CATTRO (CATTRO_AREA, CATTRO_BORDER_L, CATTRO_BORDER_W, CATTRO_PTROQ, CATRO_CREATED_AT, CATTRO_CREATED_BY, CATTRO_CREATED_DATE, CATTRO_DESCRIPTION, CATTRO_DSB_MULTIPLE, CATTRO_GSMDIS, CATTRO_LEAF_L, CATTRO_LEAF_W, CATTRO_LENGTH, CATTRO_NAME, CATTRO_OBSERVATIONS, CATTRO_QUANTITY, CATTRO_QUANTITY_L, CATTRO_SEPARATION_L, CATTRO_QUANTITY_W, CATTRO_SEPARATION_W, XID_CATSTATUS_CODE, CATRO_UPDATED_AT, CATRO_UPDATED_BY, CATTRO_VALID_FROM, CATTRO_VALID_TO, CATTRO_WIDTH, XID_CATFAB_CODE) VALUES (0, 0, 0, 'F032', NULL, NULL, '2018-01-01', 'Autoarmable 29x16x8.5', NULL, 0, 0, 0, 0, 'N/A', NULL, 0, 0, 0, 0, 0, 'IN', NULL, NULL, NULL, NULL, 0, NULL);
INSERT INTO CATTRO (CATTRO_AREA, CATTRO_BORDER_L, CATTRO_BORDER_W, CATTRO_PTROQ, CATRO_CREATED_AT, CATTRO_CREATED_BY, CATTRO_CREATED_DATE, CATTRO_DESCRIPTION, CATTRO_DSB_MULTIPLE, CATTRO_GSMDIS, CATTRO_LEAF_L, CATTRO_LEAF_W, CATTRO_LENGTH, CATTRO_NAME, CATTRO_OBSERVATIONS, CATTRO_QUANTITY, CATTRO_QUANTITY_L, CATTRO_SEPARATION_L, CATTRO_QUANTITY_W, CATTRO_SEPARATION_W, XID_CATSTATUS_CODE, CATRO_UPDATED_AT, CATRO_UPDATED_BY, CATTRO_VALID_FROM, CATTRO_VALID_TO, CATTRO_WIDTH, XID_CATFAB_CODE) VALUES (0, 0, 0, 'F033', NULL, NULL, '2018-01-01', 'Chupetera - Elemento Principal', NULL, 0, 0, 0, 0, 'N/A', NULL, 0, 0, 0, 0, 0, 'OB', NULL, NULL, NULL, NULL, 0, NULL);
INSERT INTO CATTRO (CATTRO_AREA, CATTRO_BORDER_L, CATTRO_BORDER_W, CATTRO_PTROQ, CATRO_CREATED_AT, CATTRO_CREATED_BY, CATTRO_CREATED_DATE, CATTRO_DESCRIPTION, CATTRO_DSB_MULTIPLE, CATTRO_GSMDIS, CATTRO_LEAF_L, CATTRO_LEAF_W, CATTRO_LENGTH, CATTRO_NAME, CATTRO_OBSERVATIONS, CATTRO_QUANTITY, CATTRO_QUANTITY_L, CATTRO_SEPARATION_L, CATTRO_QUANTITY_W, CATTRO_SEPARATION_W, XID_CATSTATUS_CODE, CATRO_UPDATED_AT, CATRO_UPDATED_BY, CATTRO_VALID_FROM, CATTRO_VALID_TO, CATTRO_WIDTH, XID_CATFAB_CODE) VALUES (0, 0, 0, 'F034', NULL, NULL, '2018-01-01', 'Chupetera - Elemento Interno', NULL, 0, 0, 0, 0, 'N/A', NULL, 0, 0, 0, 0, 0, 'OB', NULL, NULL, NULL, NULL, 0, NULL);
INSERT INTO CATTRO (CATTRO_AREA, CATTRO_BORDER_L, CATTRO_BORDER_W, CATTRO_PTROQ, CATRO_CREATED_AT, CATTRO_CREATED_BY, CATTRO_CREATED_DATE, CATTRO_DESCRIPTION, CATTRO_DSB_MULTIPLE, CATTRO_GSMDIS, CATTRO_LEAF_L, CATTRO_LEAF_W, CATTRO_LENGTH, CATTRO_NAME, CATTRO_OBSERVATIONS, CATTRO_QUANTITY, CATTRO_QUANTITY_L, CATTRO_SEPARATION_L, CATTRO_QUANTITY_W, CATTRO_SEPARATION_W, XID_CATSTATUS_CODE, CATRO_UPDATED_AT, CATRO_UPDATED_BY, CATTRO_VALID_FROM, CATTRO_VALID_TO, CATTRO_WIDTH, XID_CATFAB_CODE) VALUES (0, 0, 0, 'F035', NULL, NULL, '2018-01-01', 'Autoarmable 10 Kg', NULL, 0, 0, 0, 0, 'N/A', NULL, 0, 0, 0, 0, 0, 'IN', NULL, NULL, NULL, NULL, 0, NULL);
INSERT INTO CATTRO (CATTRO_AREA, CATTRO_BORDER_L, CATTRO_BORDER_W, CATTRO_PTROQ, CATRO_CREATED_AT, CATTRO_CREATED_BY, CATTRO_CREATED_DATE, CATTRO_DESCRIPTION, CATTRO_DSB_MULTIPLE, CATTRO_GSMDIS, CATTRO_LEAF_L, CATTRO_LEAF_W, CATTRO_LENGTH, CATTRO_NAME, CATTRO_OBSERVATIONS, CATTRO_QUANTITY, CATTRO_QUANTITY_L, CATTRO_SEPARATION_L, CATTRO_QUANTITY_W, CATTRO_SEPARATION_W, XID_CATSTATUS_CODE, CATRO_UPDATED_AT, CATRO_UPDATED_BY, CATTRO_VALID_FROM, CATTRO_VALID_TO, CATTRO_WIDTH, XID_CATFAB_CODE) VALUES (0, 0, 0, 'F036', NULL, NULL, '2018-01-01', 'Bandeja Perf 291x170x84', NULL, 0, 0, 0, 0, 'N/A', NULL, 0, 0, 0, 0, 0, 'IN', NULL, NULL, NULL, NULL, 0, NULL);
INSERT INTO CATTRO (CATTRO_AREA, CATTRO_BORDER_L, CATTRO_BORDER_W, CATTRO_PTROQ, CATRO_CREATED_AT, CATTRO_CREATED_BY, CATTRO_CREATED_DATE, CATTRO_DESCRIPTION, CATTRO_DSB_MULTIPLE, CATTRO_GSMDIS, CATTRO_LEAF_L, CATTRO_LEAF_W, CATTRO_LENGTH, CATTRO_NAME, CATTRO_OBSERVATIONS, CATTRO_QUANTITY, CATTRO_QUANTITY_L, CATTRO_SEPARATION_L, CATTRO_QUANTITY_W, CATTRO_SEPARATION_W, XID_CATSTATUS_CODE, CATRO_UPDATED_AT, CATRO_UPDATED_BY, CATTRO_VALID_FROM, CATTRO_VALID_TO, CATTRO_WIDTH, XID_CATFAB_CODE) VALUES (0, 0, 0, 'F037', NULL, NULL, '2018-01-01', 'N/A', NULL, 0, 0, 0, 0, 'N/A', NULL, 0, 0, 0, 0, 0, 'IN', NULL, NULL, NULL, NULL, 0, NULL);
INSERT INTO CATTRO (CATTRO_AREA, CATTRO_BORDER_L, CATTRO_BORDER_W, CATTRO_PTROQ, CATRO_CREATED_AT, CATTRO_CREATED_BY, CATTRO_CREATED_DATE, CATTRO_DESCRIPTION, CATTRO_DSB_MULTIPLE, CATTRO_GSMDIS, CATTRO_LEAF_L, CATTRO_LEAF_W, CATTRO_LENGTH, CATTRO_NAME, CATTRO_OBSERVATIONS, CATTRO_QUANTITY, CATTRO_QUANTITY_L, CATTRO_SEPARATION_L, CATTRO_QUANTITY_W, CATTRO_SEPARATION_W, XID_CATSTATUS_CODE, CATRO_UPDATED_AT, CATRO_UPDATED_BY, CATTRO_VALID_FROM, CATTRO_VALID_TO, CATTRO_WIDTH, XID_CATFAB_CODE) VALUES (0, 0, 0, 'F038', NULL, NULL, '2018-01-01', 'N/A', NULL, 0, 0, 0, 0, 'N/A', NULL, 0, 0, 0, 0, 0, 'IN', NULL, NULL, NULL, NULL, 0, NULL);
INSERT INTO CATTRO (CATTRO_AREA, CATTRO_BORDER_L, CATTRO_BORDER_W, CATTRO_PTROQ, CATRO_CREATED_AT, CATTRO_CREATED_BY, CATTRO_CREATED_DATE, CATTRO_DESCRIPTION, CATTRO_DSB_MULTIPLE, CATTRO_GSMDIS, CATTRO_LEAF_L, CATTRO_LEAF_W, CATTRO_LENGTH, CATTRO_NAME, CATTRO_OBSERVATIONS, CATTRO_QUANTITY, CATTRO_QUANTITY_L, CATTRO_SEPARATION_L, CATTRO_QUANTITY_W, CATTRO_SEPARATION_W, XID_CATSTATUS_CODE, CATRO_UPDATED_AT, CATRO_UPDATED_BY, CATTRO_VALID_FROM, CATTRO_VALID_TO, CATTRO_WIDTH, XID_CATFAB_CODE) VALUES (0, 0, 0, 'F039', NULL, NULL, '2018-01-01', 'N/A', NULL, 0, 0, 0, 0, 'N/A', NULL, 0, 0, 0, 0, 0, 'IN', NULL, NULL, NULL, NULL, 0, NULL);
INSERT INTO CATTRO (CATTRO_AREA, CATTRO_BORDER_L, CATTRO_BORDER_W, CATTRO_PTROQ, CATRO_CREATED_AT, CATTRO_CREATED_BY, CATTRO_CREATED_DATE, CATTRO_DESCRIPTION, CATTRO_DSB_MULTIPLE, CATTRO_GSMDIS, CATTRO_LEAF_L, CATTRO_LEAF_W, CATTRO_LENGTH, CATTRO_NAME, CATTRO_OBSERVATIONS, CATTRO_QUANTITY, CATTRO_QUANTITY_L, CATTRO_SEPARATION_L, CATTRO_QUANTITY_W, CATTRO_SEPARATION_W, XID_CATSTATUS_CODE, CATRO_UPDATED_AT, CATRO_UPDATED_BY, CATTRO_VALID_FROM, CATTRO_VALID_TO, CATTRO_WIDTH, XID_CATFAB_CODE) VALUES (0.1712, 30, 30, 'F040', NULL, NULL, '2018-01-01', 'Base Llena 270x170x83', '210426x3', 300, 645, 1020, 614.2, 'T040(3x)-MBACH-Mq03 LS', NULL, 3, 1, 0, 3, 0, 'VI', NULL, NULL, NULL, NULL, 329.8, 2);
INSERT INTO CATTRO (CATTRO_AREA, CATTRO_BORDER_L, CATTRO_BORDER_W, CATTRO_PTROQ, CATRO_CREATED_AT, CATTRO_CREATED_BY, CATTRO_CREATED_DATE, CATTRO_DESCRIPTION, CATTRO_DSB_MULTIPLE, CATTRO_GSMDIS, CATTRO_LEAF_L, CATTRO_LEAF_W, CATTRO_LENGTH, CATTRO_NAME, CATTRO_OBSERVATIONS, CATTRO_QUANTITY, CATTRO_QUANTITY_L, CATTRO_SEPARATION_L, CATTRO_QUANTITY_W, CATTRO_SEPARATION_W, XID_CATSTATUS_CODE, CATRO_UPDATED_AT, CATRO_UPDATED_BY, CATTRO_VALID_FROM, CATTRO_VALID_TO, CATTRO_WIDTH, XID_CATFAB_CODE) VALUES (0.1712, 30, 30, 'F040', NULL, NULL, '2018-01-01', 'Base Llena 270x170x83', NULL, 300, 645, 1020, 614.2, 'T040(3x)-R&M-Mq03 LS', NULL, 3, 1, 0, 3, 0, 'VI', NULL, NULL, NULL, NULL, 329.8, 1);
INSERT INTO CATTRO (CATTRO_AREA, CATTRO_BORDER_L, CATTRO_BORDER_W, CATTRO_PTROQ, CATRO_CREATED_AT, CATTRO_CREATED_BY, CATTRO_CREATED_DATE, CATTRO_DESCRIPTION, CATTRO_DSB_MULTIPLE, CATTRO_GSMDIS, CATTRO_LEAF_L, CATTRO_LEAF_W, CATTRO_LENGTH, CATTRO_NAME, CATTRO_OBSERVATIONS, CATTRO_QUANTITY, CATTRO_QUANTITY_L, CATTRO_SEPARATION_L, CATTRO_QUANTITY_W, CATTRO_SEPARATION_W, XID_CATSTATUS_CODE, CATRO_UPDATED_AT, CATRO_UPDATED_BY, CATTRO_VALID_FROM, CATTRO_VALID_TO, CATTRO_WIDTH, XID_CATFAB_CODE) VALUES (0.1712, 31, 30, 'F040', NULL, NULL, '2018-01-01', 'Base Llena 270x170x83', NULL, 300, 1260, 1020, 614.2, 'T040(6x)-R&M-Mq01 TH', NULL, 6, 2, 0, 3, 0, 'VI', NULL, NULL, NULL, NULL, 329.8, 1);
INSERT INTO CATTRO (CATTRO_AREA, CATTRO_BORDER_L, CATTRO_BORDER_W, CATTRO_PTROQ, CATRO_CREATED_AT, CATTRO_CREATED_BY, CATTRO_CREATED_DATE, CATTRO_DESCRIPTION, CATTRO_DSB_MULTIPLE, CATTRO_GSMDIS, CATTRO_LEAF_L, CATTRO_LEAF_W, CATTRO_LENGTH, CATTRO_NAME, CATTRO_OBSERVATIONS, CATTRO_QUANTITY, CATTRO_QUANTITY_L, CATTRO_SEPARATION_L, CATTRO_QUANTITY_W, CATTRO_SEPARATION_W, XID_CATSTATUS_CODE, CATRO_UPDATED_AT, CATRO_UPDATED_BY, CATTRO_VALID_FROM, CATTRO_VALID_TO, CATTRO_WIDTH, XID_CATFAB_CODE) VALUES (0, 0, 0, 'F041', NULL, NULL, '2018-01-01', 'N/A', NULL, 0, 0, 0, 0, 'N/A', NULL, 0, 0, 0, 0, 0, 'IN', NULL, NULL, NULL, NULL, 0, NULL);
INSERT INTO CATTRO (CATTRO_AREA, CATTRO_BORDER_L, CATTRO_BORDER_W, CATTRO_PTROQ, CATRO_CREATED_AT, CATTRO_CREATED_BY, CATTRO_CREATED_DATE, CATTRO_DESCRIPTION, CATTRO_DSB_MULTIPLE, CATTRO_GSMDIS, CATTRO_LEAF_L, CATTRO_LEAF_W, CATTRO_LENGTH, CATTRO_NAME, CATTRO_OBSERVATIONS, CATTRO_QUANTITY, CATTRO_QUANTITY_L, CATTRO_SEPARATION_L, CATTRO_QUANTITY_W, CATTRO_SEPARATION_W, XID_CATSTATUS_CODE, CATRO_UPDATED_AT, CATRO_UPDATED_BY, CATTRO_VALID_FROM, CATTRO_VALID_TO, CATTRO_WIDTH, XID_CATFAB_CODE) VALUES (0.3836, 29, 30, 'F042', NULL, NULL, '2018-01-01', 'Trapezoidal 305x200x270', NULL, 0, 1220, 400, 1191, 'T042(1x)--', NULL, 1, 1, 0, 1, 0, 'VI', NULL, NULL, NULL, NULL, 370, NULL);
INSERT INTO CATTRO (CATTRO_AREA, CATTRO_BORDER_L, CATTRO_BORDER_W, CATTRO_PTROQ, CATRO_CREATED_AT, CATTRO_CREATED_BY, CATTRO_CREATED_DATE, CATTRO_DESCRIPTION, CATTRO_DSB_MULTIPLE, CATTRO_GSMDIS, CATTRO_LEAF_L, CATTRO_LEAF_W, CATTRO_LENGTH, CATTRO_NAME, CATTRO_OBSERVATIONS, CATTRO_QUANTITY, CATTRO_QUANTITY_L, CATTRO_SEPARATION_L, CATTRO_QUANTITY_W, CATTRO_SEPARATION_W, XID_CATSTATUS_CODE, CATRO_UPDATED_AT, CATRO_UPDATED_BY, CATTRO_VALID_FROM, CATTRO_VALID_TO, CATTRO_WIDTH, XID_CATFAB_CODE) VALUES (0.3206, 30, 29, 'F043', NULL, NULL, '2018-01-01', 'Bandeja Esparragos 3.3 Kg', NULL, 600, 830, 570, 800, 'T043(1x)-R&M-Mq01 TH', NULL, 0, 0, 0, 1, 0, 'VI', NULL, NULL, NULL, NULL, 541, 1);
INSERT INTO CATTRO (CATTRO_AREA, CATTRO_BORDER_L, CATTRO_BORDER_W, CATTRO_PTROQ, CATRO_CREATED_AT, CATTRO_CREATED_BY, CATTRO_CREATED_DATE, CATTRO_DESCRIPTION, CATTRO_DSB_MULTIPLE, CATTRO_GSMDIS, CATTRO_LEAF_L, CATTRO_LEAF_W, CATTRO_LENGTH, CATTRO_NAME, CATTRO_OBSERVATIONS, CATTRO_QUANTITY, CATTRO_QUANTITY_L, CATTRO_SEPARATION_L, CATTRO_QUANTITY_W, CATTRO_SEPARATION_W, XID_CATSTATUS_CODE, CATRO_UPDATED_AT, CATRO_UPDATED_BY, CATTRO_VALID_FROM, CATTRO_VALID_TO, CATTRO_WIDTH, XID_CATFAB_CODE) VALUES (0.3206, 30, 29, 'F043', NULL, NULL, '2018-01-01', 'Bandeja Esparragos 3.3 Kg', NULL, 600, 830, 570, 800, 'T043(1x)-R&M-Mq03 LS', NULL, 1, 1, 0, 1, 0, 'VI', NULL, NULL, NULL, NULL, 541, 1);
INSERT INTO CATTRO (CATTRO_AREA, CATTRO_BORDER_L, CATTRO_BORDER_W, CATTRO_PTROQ, CATRO_CREATED_AT, CATTRO_CREATED_BY, CATTRO_CREATED_DATE, CATTRO_DESCRIPTION, CATTRO_DSB_MULTIPLE, CATTRO_GSMDIS, CATTRO_LEAF_L, CATTRO_LEAF_W, CATTRO_LENGTH, CATTRO_NAME, CATTRO_OBSERVATIONS, CATTRO_QUANTITY, CATTRO_QUANTITY_L, CATTRO_SEPARATION_L, CATTRO_QUANTITY_W, CATTRO_SEPARATION_W, XID_CATSTATUS_CODE, CATRO_UPDATED_AT, CATRO_UPDATED_BY, CATTRO_VALID_FROM, CATTRO_VALID_TO, CATTRO_WIDTH, XID_CATFAB_CODE) VALUES (0, 0, 0, 'F044', NULL, NULL, '2018-01-01', 'N/A', NULL, 0, 0, 0, 0, 'N/A', NULL, 0, 0, 0, 0, 0, 'PE', NULL, NULL, NULL, NULL, 0, NULL);
INSERT INTO CATTRO (CATTRO_AREA, CATTRO_BORDER_L, CATTRO_BORDER_W, CATTRO_PTROQ, CATRO_CREATED_AT, CATTRO_CREATED_BY, CATTRO_CREATED_DATE, CATTRO_DESCRIPTION, CATTRO_DSB_MULTIPLE, CATTRO_GSMDIS, CATTRO_LEAF_L, CATTRO_LEAF_W, CATTRO_LENGTH, CATTRO_NAME, CATTRO_OBSERVATIONS, CATTRO_QUANTITY, CATTRO_QUANTITY_L, CATTRO_SEPARATION_L, CATTRO_QUANTITY_W, CATTRO_SEPARATION_W, XID_CATSTATUS_CODE, CATRO_UPDATED_AT, CATRO_UPDATED_BY, CATTRO_VALID_FROM, CATTRO_VALID_TO, CATTRO_WIDTH, XID_CATFAB_CODE) VALUES (0, 0, 0, 'F045', NULL, NULL, '2018-01-01', 'N/A', NULL, 0, 0, 0, 0, 'N/A', NULL, 0, 0, 0, 0, 0, 'IN', NULL, NULL, NULL, NULL, 0, NULL);
INSERT INTO CATTRO (CATTRO_AREA, CATTRO_BORDER_L, CATTRO_BORDER_W, CATTRO_PTROQ, CATRO_CREATED_AT, CATTRO_CREATED_BY, CATTRO_CREATED_DATE, CATTRO_DESCRIPTION, CATTRO_DSB_MULTIPLE, CATTRO_GSMDIS, CATTRO_LEAF_L, CATTRO_LEAF_W, CATTRO_LENGTH, CATTRO_NAME, CATTRO_OBSERVATIONS, CATTRO_QUANTITY, CATTRO_QUANTITY_L, CATTRO_SEPARATION_L, CATTRO_QUANTITY_W, CATTRO_SEPARATION_W, XID_CATSTATUS_CODE, CATRO_UPDATED_AT, CATRO_UPDATED_BY, CATTRO_VALID_FROM, CATTRO_VALID_TO, CATTRO_WIDTH, XID_CATFAB_CODE) VALUES (0, 0, 0, 'F046', NULL, NULL, '2018-01-01', 'N/A', NULL, 0, 0, 0, 0, 'N/A', NULL, 0, 0, 0, 0, 0, 'IN', NULL, NULL, NULL, NULL, 0, NULL);
INSERT INTO CATTRO (CATTRO_AREA, CATTRO_BORDER_L, CATTRO_BORDER_W, CATTRO_PTROQ, CATRO_CREATED_AT, CATTRO_CREATED_BY, CATTRO_CREATED_DATE, CATTRO_DESCRIPTION, CATTRO_DSB_MULTIPLE, CATTRO_GSMDIS, CATTRO_LEAF_L, CATTRO_LEAF_W, CATTRO_LENGTH, CATTRO_NAME, CATTRO_OBSERVATIONS, CATTRO_QUANTITY, CATTRO_QUANTITY_L, CATTRO_SEPARATION_L, CATTRO_QUANTITY_W, CATTRO_SEPARATION_W, XID_CATSTATUS_CODE, CATRO_UPDATED_AT, CATRO_UPDATED_BY, CATTRO_VALID_FROM, CATTRO_VALID_TO, CATTRO_WIDTH, XID_CATFAB_CODE) VALUES (0, 0, 0, 'F047', NULL, NULL, '2018-01-01', 'N/A', NULL, 0, 0, 0, 0, 'N/A', NULL, 0, 0, 0, 0, 0, 'IN', NULL, NULL, NULL, NULL, 0, NULL);
INSERT INTO CATTRO (CATTRO_AREA, CATTRO_BORDER_L, CATTRO_BORDER_W, CATTRO_PTROQ, CATRO_CREATED_AT, CATTRO_CREATED_BY, CATTRO_CREATED_DATE, CATTRO_DESCRIPTION, CATTRO_DSB_MULTIPLE, CATTRO_GSMDIS, CATTRO_LEAF_L, CATTRO_LEAF_W, CATTRO_LENGTH, CATTRO_NAME, CATTRO_OBSERVATIONS, CATTRO_QUANTITY, CATTRO_QUANTITY_L, CATTRO_SEPARATION_L, CATTRO_QUANTITY_W, CATTRO_SEPARATION_W, XID_CATSTATUS_CODE, CATRO_UPDATED_AT, CATRO_UPDATED_BY, CATTRO_VALID_FROM, CATTRO_VALID_TO, CATTRO_WIDTH, XID_CATFAB_CODE) VALUES (0, 0, 0, 'F048', NULL, NULL, '2018-01-01', 'N/A', NULL, 0, 0, 0, 0, 'N/A', NULL, 0, 0, 0, 0, 0, 'IN', NULL, NULL, NULL, NULL, 0, NULL);
INSERT INTO CATTRO (CATTRO_AREA, CATTRO_BORDER_L, CATTRO_BORDER_W, CATTRO_PTROQ, CATRO_CREATED_AT, CATTRO_CREATED_BY, CATTRO_CREATED_DATE, CATTRO_DESCRIPTION, CATTRO_DSB_MULTIPLE, CATTRO_GSMDIS, CATTRO_LEAF_L, CATTRO_LEAF_W, CATTRO_LENGTH, CATTRO_NAME, CATTRO_OBSERVATIONS, CATTRO_QUANTITY, CATTRO_QUANTITY_L, CATTRO_SEPARATION_L, CATTRO_QUANTITY_W, CATTRO_SEPARATION_W, XID_CATSTATUS_CODE, CATRO_UPDATED_AT, CATRO_UPDATED_BY, CATTRO_VALID_FROM, CATTRO_VALID_TO, CATTRO_WIDTH, XID_CATFAB_CODE) VALUES (0.4421, 0, 0, 'F049', NULL, NULL, '2018-01-01', 'Protector 18x80cm', NULL, 300, 0, 0, 815, 'N/A', NULL, 0, 0, 0, 0, 0, 'VI', NULL, NULL, NULL, NULL, 570, NULL);
INSERT INTO CATTRO (CATTRO_AREA, CATTRO_BORDER_L, CATTRO_BORDER_W, CATTRO_PTROQ, CATRO_CREATED_AT, CATTRO_CREATED_BY, CATTRO_CREATED_DATE, CATTRO_DESCRIPTION, CATTRO_DSB_MULTIPLE, CATTRO_GSMDIS, CATTRO_LEAF_L, CATTRO_LEAF_W, CATTRO_LENGTH, CATTRO_NAME, CATTRO_OBSERVATIONS, CATTRO_QUANTITY, CATTRO_QUANTITY_L, CATTRO_SEPARATION_L, CATTRO_QUANTITY_W, CATTRO_SEPARATION_W, XID_CATSTATUS_CODE, CATRO_UPDATED_AT, CATRO_UPDATED_BY, CATTRO_VALID_FROM, CATTRO_VALID_TO, CATTRO_WIDTH, XID_CATFAB_CODE) VALUES (0, 0, 0, 'F050', NULL, NULL, '2018-01-01', 'N/A', NULL, 0, 0, 0, 0, 'N/A', NULL, 0, 0, 0, 0, 0, 'IN', NULL, NULL, NULL, NULL, 0, NULL);
INSERT INTO CATTRO (CATTRO_AREA, CATTRO_BORDER_L, CATTRO_BORDER_W, CATTRO_PTROQ, CATRO_CREATED_AT, CATTRO_CREATED_BY, CATTRO_CREATED_DATE, CATTRO_DESCRIPTION, CATTRO_DSB_MULTIPLE, CATTRO_GSMDIS, CATTRO_LEAF_L, CATTRO_LEAF_W, CATTRO_LENGTH, CATTRO_NAME, CATTRO_OBSERVATIONS, CATTRO_QUANTITY, CATTRO_QUANTITY_L, CATTRO_SEPARATION_L, CATTRO_QUANTITY_W, CATTRO_SEPARATION_W, XID_CATSTATUS_CODE, CATRO_UPDATED_AT, CATRO_UPDATED_BY, CATTRO_VALID_FROM, CATTRO_VALID_TO, CATTRO_WIDTH, XID_CATFAB_CODE) VALUES (0, 0, 0, 'F051', NULL, NULL, '2018-01-01', 'N/A', NULL, 0, 0, 0, 0, 'N/A', NULL, 0, 0, 0, 0, 0, 'IN', NULL, NULL, NULL, NULL, 0, NULL);
INSERT INTO CATTRO (CATTRO_AREA, CATTRO_BORDER_L, CATTRO_BORDER_W, CATTRO_PTROQ, CATRO_CREATED_AT, CATTRO_CREATED_BY, CATTRO_CREATED_DATE, CATTRO_DESCRIPTION, CATTRO_DSB_MULTIPLE, CATTRO_GSMDIS, CATTRO_LEAF_L, CATTRO_LEAF_W, CATTRO_LENGTH, CATTRO_NAME, CATTRO_OBSERVATIONS, CATTRO_QUANTITY, CATTRO_QUANTITY_L, CATTRO_SEPARATION_L, CATTRO_QUANTITY_W, CATTRO_SEPARATION_W, XID_CATSTATUS_CODE, CATRO_UPDATED_AT, CATRO_UPDATED_BY, CATTRO_VALID_FROM, CATTRO_VALID_TO, CATTRO_WIDTH, XID_CATFAB_CODE) VALUES (0.257, 26, 30, 'F052', NULL, NULL, '2018-01-01', 'Trapezoidal (2.5kg)', '210511x1', 500, 1010, 340, 984, 'T052(1x)-R&M-Mq01 TH', NULL, 1, 1, 0, 1, 0, 'VI', NULL, NULL, NULL, NULL, 310, 1);
INSERT INTO CATTRO (CATTRO_AREA, CATTRO_BORDER_L, CATTRO_BORDER_W, CATTRO_PTROQ, CATRO_CREATED_AT, CATTRO_CREATED_BY, CATTRO_CREATED_DATE, CATTRO_DESCRIPTION, CATTRO_DSB_MULTIPLE, CATTRO_GSMDIS, CATTRO_LEAF_L, CATTRO_LEAF_W, CATTRO_LENGTH, CATTRO_NAME, CATTRO_OBSERVATIONS, CATTRO_QUANTITY, CATTRO_QUANTITY_L, CATTRO_SEPARATION_L, CATTRO_QUANTITY_W, CATTRO_SEPARATION_W, XID_CATSTATUS_CODE, CATRO_UPDATED_AT, CATRO_UPDATED_BY, CATTRO_VALID_FROM, CATTRO_VALID_TO, CATTRO_WIDTH, XID_CATFAB_CODE) VALUES (0, 0, 0, 'F053', NULL, NULL, '2018-01-01', 'N/A', NULL, 0, 0, 0, 0, 'N/A', NULL, 0, 0, 0, 0, 0, 'IN', NULL, NULL, NULL, NULL, 0, NULL);
INSERT INTO CATTRO (CATTRO_AREA, CATTRO_BORDER_L, CATTRO_BORDER_W, CATTRO_PTROQ, CATRO_CREATED_AT, CATTRO_CREATED_BY, CATTRO_CREATED_DATE, CATTRO_DESCRIPTION, CATTRO_DSB_MULTIPLE, CATTRO_GSMDIS, CATTRO_LEAF_L, CATTRO_LEAF_W, CATTRO_LENGTH, CATTRO_NAME, CATTRO_OBSERVATIONS, CATTRO_QUANTITY, CATTRO_QUANTITY_L, CATTRO_SEPARATION_L, CATTRO_QUANTITY_W, CATTRO_SEPARATION_W, XID_CATSTATUS_CODE, CATRO_UPDATED_AT, CATRO_UPDATED_BY, CATTRO_VALID_FROM, CATTRO_VALID_TO, CATTRO_WIDTH, XID_CATFAB_CODE) VALUES (0.3745, 0, 0, 'F054', NULL, NULL, '2018-01-01', 'Base NQ (800)', '211203x1', 800, 890, 432, 890, 'T054(1x)-R&M-Mq01 TH', 'Herr Multiple', 1, 1, 0, 1, 0, 'VI', NULL, NULL, NULL, NULL, 432, 1);
INSERT INTO CATTRO (CATTRO_AREA, CATTRO_BORDER_L, CATTRO_BORDER_W, CATTRO_PTROQ, CATRO_CREATED_AT, CATTRO_CREATED_BY, CATTRO_CREATED_DATE, CATTRO_DESCRIPTION, CATTRO_DSB_MULTIPLE, CATTRO_GSMDIS, CATTRO_LEAF_L, CATTRO_LEAF_W, CATTRO_LENGTH, CATTRO_NAME, CATTRO_OBSERVATIONS, CATTRO_QUANTITY, CATTRO_QUANTITY_L, CATTRO_SEPARATION_L, CATTRO_QUANTITY_W, CATTRO_SEPARATION_W, XID_CATSTATUS_CODE, CATRO_UPDATED_AT, CATRO_UPDATED_BY, CATTRO_VALID_FROM, CATTRO_VALID_TO, CATTRO_WIDTH, XID_CATFAB_CODE) VALUES (0.397, 0, 0, 'F055', NULL, NULL, '2018-01-01', 'Tapa NQ (800)', '211203x1', 800, 918, 443, 917.2, 'T055(1x)-R&M-Mq01 TH', 'Herr Multiple', 1, 1, 0, 1, 0, 'VI', NULL, NULL, NULL, NULL, 442.4, 1);
INSERT INTO CATTRO (CATTRO_AREA, CATTRO_BORDER_L, CATTRO_BORDER_W, CATTRO_PTROQ, CATRO_CREATED_AT, CATTRO_CREATED_BY, CATTRO_CREATED_DATE, CATTRO_DESCRIPTION, CATTRO_DSB_MULTIPLE, CATTRO_GSMDIS, CATTRO_LEAF_L, CATTRO_LEAF_W, CATTRO_LENGTH, CATTRO_NAME, CATTRO_OBSERVATIONS, CATTRO_QUANTITY, CATTRO_QUANTITY_L, CATTRO_SEPARATION_L, CATTRO_QUANTITY_W, CATTRO_SEPARATION_W, XID_CATSTATUS_CODE, CATRO_UPDATED_AT, CATRO_UPDATED_BY, CATTRO_VALID_FROM, CATTRO_VALID_TO, CATTRO_WIDTH, XID_CATFAB_CODE) VALUES (0.0984, 30, 32, 'F056', NULL, NULL, '2018-01-01', 'Divisor NQ', NULL, 600, 820, 655, 158, 'T056(5x)-R&M-Mq01 TH', NULL, 5, 5, 0, 1, 0, 'VI', NULL, NULL, NULL, NULL, 623, 1);
INSERT INTO CATTRO (CATTRO_AREA, CATTRO_BORDER_L, CATTRO_BORDER_W, CATTRO_PTROQ, CATRO_CREATED_AT, CATTRO_CREATED_BY, CATTRO_CREATED_DATE, CATTRO_DESCRIPTION, CATTRO_DSB_MULTIPLE, CATTRO_GSMDIS, CATTRO_LEAF_L, CATTRO_LEAF_W, CATTRO_LENGTH, CATTRO_NAME, CATTRO_OBSERVATIONS, CATTRO_QUANTITY, CATTRO_QUANTITY_L, CATTRO_SEPARATION_L, CATTRO_QUANTITY_W, CATTRO_SEPARATION_W, XID_CATSTATUS_CODE, CATRO_UPDATED_AT, CATRO_UPDATED_BY, CATTRO_VALID_FROM, CATTRO_VALID_TO, CATTRO_WIDTH, XID_CATFAB_CODE) VALUES (0.4971, 63, 44, 'F057', NULL, NULL, '2018-01-01', 'Base HQ (800)', '211203x1', 800, 1050, 560, 987, 'T057(1x)-R&M-Mq01 TH', 'Herr Multiple', 1, 1, 0, 1, 0, 'VI', NULL, NULL, NULL, NULL, 516, 1);
INSERT INTO CATTRO (CATTRO_AREA, CATTRO_BORDER_L, CATTRO_BORDER_W, CATTRO_PTROQ, CATRO_CREATED_AT, CATTRO_CREATED_BY, CATTRO_CREATED_DATE, CATTRO_DESCRIPTION, CATTRO_DSB_MULTIPLE, CATTRO_GSMDIS, CATTRO_LEAF_L, CATTRO_LEAF_W, CATTRO_LENGTH, CATTRO_NAME, CATTRO_OBSERVATIONS, CATTRO_QUANTITY, CATTRO_QUANTITY_L, CATTRO_SEPARATION_L, CATTRO_QUANTITY_W, CATTRO_SEPARATION_W, XID_CATSTATUS_CODE, CATRO_UPDATED_AT, CATRO_UPDATED_BY, CATTRO_VALID_FROM, CATTRO_VALID_TO, CATTRO_WIDTH, XID_CATFAB_CODE) VALUES (0.5236, 35, 33, 'F058', NULL, NULL, '2018-01-01', 'Tapa HQ (800)', '211203x1', 800, 1050, 560, 1014.2, 'T058(1x)-R&M-Mq01 TH', 'Herr Multiple', 1, 1, 0, 1, 0, 'VI', NULL, NULL, NULL, NULL, 526.4, 1);
INSERT INTO CATTRO (CATTRO_AREA, CATTRO_BORDER_L, CATTRO_BORDER_W, CATTRO_PTROQ, CATRO_CREATED_AT, CATTRO_CREATED_BY, CATTRO_CREATED_DATE, CATTRO_DESCRIPTION, CATTRO_DSB_MULTIPLE, CATTRO_GSMDIS, CATTRO_LEAF_L, CATTRO_LEAF_W, CATTRO_LENGTH, CATTRO_NAME, CATTRO_OBSERVATIONS, CATTRO_QUANTITY, CATTRO_QUANTITY_L, CATTRO_SEPARATION_L, CATTRO_QUANTITY_W, CATTRO_SEPARATION_W, XID_CATSTATUS_CODE, CATRO_UPDATED_AT, CATRO_UPDATED_BY, CATTRO_VALID_FROM, CATTRO_VALID_TO, CATTRO_WIDTH, XID_CATFAB_CODE) VALUES (0.1295, 35, 32, 'F059', NULL, NULL, '2018-01-01', 'Divisor HQ', NULL, 600, 1050, 670, 203, 'T059(5x)-R&M-Mq01 TH', NULL, 5, 5, 0, 1, 0, 'VI', NULL, NULL, NULL, NULL, 638, 1);
INSERT INTO CATTRO (CATTRO_AREA, CATTRO_BORDER_L, CATTRO_BORDER_W, CATTRO_PTROQ, CATRO_CREATED_AT, CATTRO_CREATED_BY, CATTRO_CREATED_DATE, CATTRO_DESCRIPTION, CATTRO_DSB_MULTIPLE, CATTRO_GSMDIS, CATTRO_LEAF_L, CATTRO_LEAF_W, CATTRO_LENGTH, CATTRO_NAME, CATTRO_OBSERVATIONS, CATTRO_QUANTITY, CATTRO_QUANTITY_L, CATTRO_SEPARATION_L, CATTRO_QUANTITY_W, CATTRO_SEPARATION_W, XID_CATSTATUS_CODE, CATRO_UPDATED_AT, CATRO_UPDATED_BY, CATTRO_VALID_FROM, CATTRO_VALID_TO, CATTRO_WIDTH, XID_CATFAB_CODE) VALUES (0, 0, 0, 'F060', NULL, NULL, '2018-01-01', 'N/A', NULL, 0, 0, 0, 0, 'N/A', NULL, 0, 0, 0, 0, 0, 'OB', NULL, NULL, NULL, NULL, 0, NULL);
INSERT INTO CATTRO (CATTRO_AREA, CATTRO_BORDER_L, CATTRO_BORDER_W, CATTRO_PTROQ, CATRO_CREATED_AT, CATTRO_CREATED_BY, CATTRO_CREATED_DATE, CATTRO_DESCRIPTION, CATTRO_DSB_MULTIPLE, CATTRO_GSMDIS, CATTRO_LEAF_L, CATTRO_LEAF_W, CATTRO_LENGTH, CATTRO_NAME, CATTRO_OBSERVATIONS, CATTRO_QUANTITY, CATTRO_QUANTITY_L, CATTRO_SEPARATION_L, CATTRO_QUANTITY_W, CATTRO_SEPARATION_W, XID_CATSTATUS_CODE, CATRO_UPDATED_AT, CATRO_UPDATED_BY, CATTRO_VALID_FROM, CATTRO_VALID_TO, CATTRO_WIDTH, XID_CATFAB_CODE) VALUES (0, 0, 0, 'F060B', NULL, NULL, '2018-01-01', 'Bandeja Perforada 350x253x95', NULL, 0, 0, 0, 0, 'N/A', NULL, 0, 0, 0, 0, 0, 'IN', NULL, NULL, NULL, NULL, 0, NULL);
INSERT INTO CATTRO (CATTRO_AREA, CATTRO_BORDER_L, CATTRO_BORDER_W, CATTRO_PTROQ, CATRO_CREATED_AT, CATTRO_CREATED_BY, CATTRO_CREATED_DATE, CATTRO_DESCRIPTION, CATTRO_DSB_MULTIPLE, CATTRO_GSMDIS, CATTRO_LEAF_L, CATTRO_LEAF_W, CATTRO_LENGTH, CATTRO_NAME, CATTRO_OBSERVATIONS, CATTRO_QUANTITY, CATTRO_QUANTITY_L, CATTRO_SEPARATION_L, CATTRO_QUANTITY_W, CATTRO_SEPARATION_W, XID_CATSTATUS_CODE, CATRO_UPDATED_AT, CATRO_UPDATED_BY, CATTRO_VALID_FROM, CATTRO_VALID_TO, CATTRO_WIDTH, XID_CATFAB_CODE) VALUES (0, 0, 0, 'F061', NULL, NULL, '2018-01-01', 'Caja perforada 282x169x74 - TAPAS FLAP', NULL, 0, 0, 0, 0, 'N/A', NULL, 0, 0, 0, 0, 0, 'IN', NULL, NULL, NULL, NULL, 0, NULL);
INSERT INTO CATTRO (CATTRO_AREA, CATTRO_BORDER_L, CATTRO_BORDER_W, CATTRO_PTROQ, CATRO_CREATED_AT, CATTRO_CREATED_BY, CATTRO_CREATED_DATE, CATTRO_DESCRIPTION, CATTRO_DSB_MULTIPLE, CATTRO_GSMDIS, CATTRO_LEAF_L, CATTRO_LEAF_W, CATTRO_LENGTH, CATTRO_NAME, CATTRO_OBSERVATIONS, CATTRO_QUANTITY, CATTRO_QUANTITY_L, CATTRO_SEPARATION_L, CATTRO_QUANTITY_W, CATTRO_SEPARATION_W, XID_CATSTATUS_CODE, CATRO_UPDATED_AT, CATRO_UPDATED_BY, CATTRO_VALID_FROM, CATTRO_VALID_TO, CATTRO_WIDTH, XID_CATFAB_CODE) VALUES (0.4826, 27, 12, 'F062', NULL, NULL, '2018-01-01', 'Caja perforada 389x284x102 - TAPAS FLAP', NULL, 300, 830, 692, 803, 'T062(1x)--Man1, Atm3', NULL, 1, 1, 0, 1, 0, 'VI', NULL, NULL, NULL, NULL, 680, NULL);
INSERT INTO CATTRO (CATTRO_AREA, CATTRO_BORDER_L, CATTRO_BORDER_W, CATTRO_PTROQ, CATRO_CREATED_AT, CATTRO_CREATED_BY, CATTRO_CREATED_DATE, CATTRO_DESCRIPTION, CATTRO_DSB_MULTIPLE, CATTRO_GSMDIS, CATTRO_LEAF_L, CATTRO_LEAF_W, CATTRO_LENGTH, CATTRO_NAME, CATTRO_OBSERVATIONS, CATTRO_QUANTITY, CATTRO_QUANTITY_L, CATTRO_SEPARATION_L, CATTRO_QUANTITY_W, CATTRO_SEPARATION_W, XID_CATSTATUS_CODE, CATRO_UPDATED_AT, CATRO_UPDATED_BY, CATTRO_VALID_FROM, CATTRO_VALID_TO, CATTRO_WIDTH, XID_CATFAB_CODE) VALUES (0, 0, 0, 'F063A', NULL, NULL, '2018-01-01', 'BANDEJA 357x256x95 F63A', NULL, 0, 0, 0, 0, 'N/A', NULL, 0, 0, 0, 0, 0, 'OB', NULL, NULL, NULL, NULL, 0, NULL);
INSERT INTO CATTRO (CATTRO_AREA, CATTRO_BORDER_L, CATTRO_BORDER_W, CATTRO_PTROQ, CATRO_CREATED_AT, CATTRO_CREATED_BY, CATTRO_CREATED_DATE, CATTRO_DESCRIPTION, CATTRO_DSB_MULTIPLE, CATTRO_GSMDIS, CATTRO_LEAF_L, CATTRO_LEAF_W, CATTRO_LENGTH, CATTRO_NAME, CATTRO_OBSERVATIONS, CATTRO_QUANTITY, CATTRO_QUANTITY_L, CATTRO_SEPARATION_L, CATTRO_QUANTITY_W, CATTRO_SEPARATION_W, XID_CATSTATUS_CODE, CATRO_UPDATED_AT, CATRO_UPDATED_BY, CATTRO_VALID_FROM, CATTRO_VALID_TO, CATTRO_WIDTH, XID_CATFAB_CODE) VALUES (0, 0, 0, 'F063B', NULL, NULL, '2018-01-01', 'BANDEJA 357x256x95 F63B', NULL, 0, 0, 0, 0, 'N/A', NULL, 0, 0, 0, 0, 0, 'OB', NULL, NULL, NULL, NULL, 0, NULL);
INSERT INTO CATTRO (CATTRO_AREA, CATTRO_BORDER_L, CATTRO_BORDER_W, CATTRO_PTROQ, CATRO_CREATED_AT, CATTRO_CREATED_BY, CATTRO_CREATED_DATE, CATTRO_DESCRIPTION, CATTRO_DSB_MULTIPLE, CATTRO_GSMDIS, CATTRO_LEAF_L, CATTRO_LEAF_W, CATTRO_LENGTH, CATTRO_NAME, CATTRO_OBSERVATIONS, CATTRO_QUANTITY, CATTRO_QUANTITY_L, CATTRO_SEPARATION_L, CATTRO_QUANTITY_W, CATTRO_SEPARATION_W, XID_CATSTATUS_CODE, CATRO_UPDATED_AT, CATRO_UPDATED_BY, CATTRO_VALID_FROM, CATTRO_VALID_TO, CATTRO_WIDTH, XID_CATFAB_CODE) VALUES (0, 0, 0, 'F063C', NULL, NULL, '2018-01-01', 'N/A', NULL, 0, 0, 0, 0, 'N/A', NULL, 0, 0, 0, 0, 0, 'PE', NULL, NULL, NULL, NULL, 0, NULL);
INSERT INTO CATTRO (CATTRO_AREA, CATTRO_BORDER_L, CATTRO_BORDER_W, CATTRO_PTROQ, CATRO_CREATED_AT, CATTRO_CREATED_BY, CATTRO_CREATED_DATE, CATTRO_DESCRIPTION, CATTRO_DSB_MULTIPLE, CATTRO_GSMDIS, CATTRO_LEAF_L, CATTRO_LEAF_W, CATTRO_LENGTH, CATTRO_NAME, CATTRO_OBSERVATIONS, CATTRO_QUANTITY, CATTRO_QUANTITY_L, CATTRO_SEPARATION_L, CATTRO_QUANTITY_W, CATTRO_SEPARATION_W, XID_CATSTATUS_CODE, CATRO_UPDATED_AT, CATRO_UPDATED_BY, CATTRO_VALID_FROM, CATTRO_VALID_TO, CATTRO_WIDTH, XID_CATFAB_CODE) VALUES (0, 0, 0, 'F063D', NULL, NULL, '2018-01-01', 'N/A', NULL, 0, 0, 0, 0, 'N/A', NULL, 0, 0, 0, 0, 0, 'PE', NULL, NULL, NULL, NULL, 0, NULL);
INSERT INTO CATTRO (CATTRO_AREA, CATTRO_BORDER_L, CATTRO_BORDER_W, CATTRO_PTROQ, CATRO_CREATED_AT, CATTRO_CREATED_BY, CATTRO_CREATED_DATE, CATTRO_DESCRIPTION, CATTRO_DSB_MULTIPLE, CATTRO_GSMDIS, CATTRO_LEAF_L, CATTRO_LEAF_W, CATTRO_LENGTH, CATTRO_NAME, CATTRO_OBSERVATIONS, CATTRO_QUANTITY, CATTRO_QUANTITY_L, CATTRO_SEPARATION_L, CATTRO_QUANTITY_W, CATTRO_SEPARATION_W, XID_CATSTATUS_CODE, CATRO_UPDATED_AT, CATRO_UPDATED_BY, CATTRO_VALID_FROM, CATTRO_VALID_TO, CATTRO_WIDTH, XID_CATFAB_CODE) VALUES (0, 0, 0, 'F063E', NULL, NULL, '2018-01-01', 'N/A', NULL, 0, 0, 0, 0, 'N/A', NULL, 0, 0, 0, 0, 0, 'PE', NULL, NULL, NULL, NULL, 0, NULL);
INSERT INTO CATTRO (CATTRO_AREA, CATTRO_BORDER_L, CATTRO_BORDER_W, CATTRO_PTROQ, CATRO_CREATED_AT, CATTRO_CREATED_BY, CATTRO_CREATED_DATE, CATTRO_DESCRIPTION, CATTRO_DSB_MULTIPLE, CATTRO_GSMDIS, CATTRO_LEAF_L, CATTRO_LEAF_W, CATTRO_LENGTH, CATTRO_NAME, CATTRO_OBSERVATIONS, CATTRO_QUANTITY, CATTRO_QUANTITY_L, CATTRO_SEPARATION_L, CATTRO_QUANTITY_W, CATTRO_SEPARATION_W, XID_CATSTATUS_CODE, CATRO_UPDATED_AT, CATRO_UPDATED_BY, CATTRO_VALID_FROM, CATTRO_VALID_TO, CATTRO_WIDTH, XID_CATFAB_CODE) VALUES (0, 0, 0, 'F064', NULL, NULL, '2018-01-01', 'N/A', NULL, 0, 0, 0, 0, 'N/A', NULL, 0, 0, 0, 0, 0, 'OB', NULL, NULL, NULL, NULL, 0, NULL);
INSERT INTO CATTRO (CATTRO_AREA, CATTRO_BORDER_L, CATTRO_BORDER_W, CATTRO_PTROQ, CATRO_CREATED_AT, CATTRO_CREATED_BY, CATTRO_CREATED_DATE, CATTRO_DESCRIPTION, CATTRO_DSB_MULTIPLE, CATTRO_GSMDIS, CATTRO_LEAF_L, CATTRO_LEAF_W, CATTRO_LENGTH, CATTRO_NAME, CATTRO_OBSERVATIONS, CATTRO_QUANTITY, CATTRO_QUANTITY_L, CATTRO_SEPARATION_L, CATTRO_QUANTITY_W, CATTRO_SEPARATION_W, XID_CATSTATUS_CODE, CATRO_UPDATED_AT, CATRO_UPDATED_BY, CATTRO_VALID_FROM, CATTRO_VALID_TO, CATTRO_WIDTH, XID_CATFAB_CODE) VALUES (0, 0, 0, 'F065', NULL, NULL, '2018-01-01', 'N/A', NULL, 0, 0, 0, 0, 'N/A', NULL, 0, 0, 0, 0, 0, 'OB', NULL, NULL, NULL, NULL, 0, NULL);
INSERT INTO CATTRO (CATTRO_AREA, CATTRO_BORDER_L, CATTRO_BORDER_W, CATTRO_PTROQ, CATRO_CREATED_AT, CATTRO_CREATED_BY, CATTRO_CREATED_DATE, CATTRO_DESCRIPTION, CATTRO_DSB_MULTIPLE, CATTRO_GSMDIS, CATTRO_LEAF_L, CATTRO_LEAF_W, CATTRO_LENGTH, CATTRO_NAME, CATTRO_OBSERVATIONS, CATTRO_QUANTITY, CATTRO_QUANTITY_L, CATTRO_SEPARATION_L, CATTRO_QUANTITY_W, CATTRO_SEPARATION_W, XID_CATSTATUS_CODE, CATRO_UPDATED_AT, CATRO_UPDATED_BY, CATTRO_VALID_FROM, CATTRO_VALID_TO, CATTRO_WIDTH, XID_CATFAB_CODE) VALUES (0, 0, 0, 'F066', NULL, NULL, '2018-01-01', 'N/A', NULL, 0, 0, 0, 0, 'N/A', NULL, 0, 0, 0, 0, 0, 'OB', NULL, NULL, NULL, NULL, 0, NULL);
INSERT INTO CATTRO (CATTRO_AREA, CATTRO_BORDER_L, CATTRO_BORDER_W, CATTRO_PTROQ, CATRO_CREATED_AT, CATTRO_CREATED_BY, CATTRO_CREATED_DATE, CATTRO_DESCRIPTION, CATTRO_DSB_MULTIPLE, CATTRO_GSMDIS, CATTRO_LEAF_L, CATTRO_LEAF_W, CATTRO_LENGTH, CATTRO_NAME, CATTRO_OBSERVATIONS, CATTRO_QUANTITY, CATTRO_QUANTITY_L, CATTRO_SEPARATION_L, CATTRO_QUANTITY_W, CATTRO_SEPARATION_W, XID_CATSTATUS_CODE, CATRO_UPDATED_AT, CATRO_UPDATED_BY, CATTRO_VALID_FROM, CATTRO_VALID_TO, CATTRO_WIDTH, XID_CATFAB_CODE) VALUES (0, 0, 0, 'F067', NULL, NULL, '2018-01-01', 'N/A', NULL, 0, 0, 0, 0, 'N/A', NULL, 0, 0, 0, 0, 0, 'OB', NULL, NULL, NULL, NULL, 0, NULL);
INSERT INTO CATTRO (CATTRO_AREA, CATTRO_BORDER_L, CATTRO_BORDER_W, CATTRO_PTROQ, CATRO_CREATED_AT, CATTRO_CREATED_BY, CATTRO_CREATED_DATE, CATTRO_DESCRIPTION, CATTRO_DSB_MULTIPLE, CATTRO_GSMDIS, CATTRO_LEAF_L, CATTRO_LEAF_W, CATTRO_LENGTH, CATTRO_NAME, CATTRO_OBSERVATIONS, CATTRO_QUANTITY, CATTRO_QUANTITY_L, CATTRO_SEPARATION_L, CATTRO_QUANTITY_W, CATTRO_SEPARATION_W, XID_CATSTATUS_CODE, CATRO_UPDATED_AT, CATRO_UPDATED_BY, CATTRO_VALID_FROM, CATTRO_VALID_TO, CATTRO_WIDTH, XID_CATFAB_CODE) VALUES (0, 0, 0, 'F068', NULL, NULL, '2018-01-01', 'N/A', NULL, 0, 0, 0, 0, 'N/A', NULL, 0, 0, 0, 0, 0, 'OB', NULL, NULL, NULL, NULL, 0, NULL);
INSERT INTO CATTRO (CATTRO_AREA, CATTRO_BORDER_L, CATTRO_BORDER_W, CATTRO_PTROQ, CATRO_CREATED_AT, CATTRO_CREATED_BY, CATTRO_CREATED_DATE, CATTRO_DESCRIPTION, CATTRO_DSB_MULTIPLE, CATTRO_GSMDIS, CATTRO_LEAF_L, CATTRO_LEAF_W, CATTRO_LENGTH, CATTRO_NAME, CATTRO_OBSERVATIONS, CATTRO_QUANTITY, CATTRO_QUANTITY_L, CATTRO_SEPARATION_L, CATTRO_QUANTITY_W, CATTRO_SEPARATION_W, XID_CATSTATUS_CODE, CATRO_UPDATED_AT, CATRO_UPDATED_BY, CATTRO_VALID_FROM, CATTRO_VALID_TO, CATTRO_WIDTH, XID_CATFAB_CODE) VALUES (0, 0, 0, 'F069', NULL, NULL, '2018-01-01', 'N/A', NULL, 0, 0, 0, 0, 'N/A', NULL, 0, 0, 0, 0, 0, 'OB', NULL, NULL, NULL, NULL, 0, NULL);
INSERT INTO CATTRO (CATTRO_AREA, CATTRO_BORDER_L, CATTRO_BORDER_W, CATTRO_PTROQ, CATRO_CREATED_AT, CATTRO_CREATED_BY, CATTRO_CREATED_DATE, CATTRO_DESCRIPTION, CATTRO_DSB_MULTIPLE, CATTRO_GSMDIS, CATTRO_LEAF_L, CATTRO_LEAF_W, CATTRO_LENGTH, CATTRO_NAME, CATTRO_OBSERVATIONS, CATTRO_QUANTITY, CATTRO_QUANTITY_L, CATTRO_SEPARATION_L, CATTRO_QUANTITY_W, CATTRO_SEPARATION_W, XID_CATSTATUS_CODE, CATRO_UPDATED_AT, CATRO_UPDATED_BY, CATTRO_VALID_FROM, CATTRO_VALID_TO, CATTRO_WIDTH, XID_CATFAB_CODE) VALUES (0, 0, 0, 'F070', NULL, NULL, '2018-01-01', 'N/A', NULL, 0, 0, 0, 0, 'N/A', NULL, 0, 0, 0, 0, 0, 'OB', NULL, NULL, NULL, NULL, 0, NULL);
INSERT INTO CATTRO (CATTRO_AREA, CATTRO_BORDER_L, CATTRO_BORDER_W, CATTRO_PTROQ, CATRO_CREATED_AT, CATTRO_CREATED_BY, CATTRO_CREATED_DATE, CATTRO_DESCRIPTION, CATTRO_DSB_MULTIPLE, CATTRO_GSMDIS, CATTRO_LEAF_L, CATTRO_LEAF_W, CATTRO_LENGTH, CATTRO_NAME, CATTRO_OBSERVATIONS, CATTRO_QUANTITY, CATTRO_QUANTITY_L, CATTRO_SEPARATION_L, CATTRO_QUANTITY_W, CATTRO_SEPARATION_W, XID_CATSTATUS_CODE, CATRO_UPDATED_AT, CATRO_UPDATED_BY, CATTRO_VALID_FROM, CATTRO_VALID_TO, CATTRO_WIDTH, XID_CATFAB_CODE) VALUES (0, 0, 0, 'F071', NULL, NULL, '2018-01-01', 'N/A', NULL, 0, 0, 0, 0, 'N/A', NULL, 0, 0, 0, 0, 0, 'OB', NULL, NULL, NULL, NULL, 0, NULL);
INSERT INTO CATTRO (CATTRO_AREA, CATTRO_BORDER_L, CATTRO_BORDER_W, CATTRO_PTROQ, CATRO_CREATED_AT, CATTRO_CREATED_BY, CATTRO_CREATED_DATE, CATTRO_DESCRIPTION, CATTRO_DSB_MULTIPLE, CATTRO_GSMDIS, CATTRO_LEAF_L, CATTRO_LEAF_W, CATTRO_LENGTH, CATTRO_NAME, CATTRO_OBSERVATIONS, CATTRO_QUANTITY, CATTRO_QUANTITY_L, CATTRO_SEPARATION_L, CATTRO_QUANTITY_W, CATTRO_SEPARATION_W, XID_CATSTATUS_CODE, CATRO_UPDATED_AT, CATRO_UPDATED_BY, CATTRO_VALID_FROM, CATTRO_VALID_TO, CATTRO_WIDTH, XID_CATFAB_CODE) VALUES (0, 0, 0, 'F072', NULL, NULL, '2018-01-01', 'N/A', NULL, 0, 0, 0, 0, 'N/A', NULL, 0, 0, 0, 0, 0, 'OB', NULL, NULL, NULL, NULL, 0, NULL);
INSERT INTO CATTRO (CATTRO_AREA, CATTRO_BORDER_L, CATTRO_BORDER_W, CATTRO_PTROQ, CATRO_CREATED_AT, CATTRO_CREATED_BY, CATTRO_CREATED_DATE, CATTRO_DESCRIPTION, CATTRO_DSB_MULTIPLE, CATTRO_GSMDIS, CATTRO_LEAF_L, CATTRO_LEAF_W, CATTRO_LENGTH, CATTRO_NAME, CATTRO_OBSERVATIONS, CATTRO_QUANTITY, CATTRO_QUANTITY_L, CATTRO_SEPARATION_L, CATTRO_QUANTITY_W, CATTRO_SEPARATION_W, XID_CATSTATUS_CODE, CATRO_UPDATED_AT, CATRO_UPDATED_BY, CATTRO_VALID_FROM, CATTRO_VALID_TO, CATTRO_WIDTH, XID_CATFAB_CODE) VALUES (0, 0, 0, 'F073', NULL, NULL, '2018-01-01', 'Bandeja antiderrame 270x170x83', NULL, 0, 0, 0, 0, 'N/A', NULL, 0, 0, 0, 0, 0, 'PE', NULL, NULL, NULL, NULL, 0, NULL);
INSERT INTO CATTRO (CATTRO_AREA, CATTRO_BORDER_L, CATTRO_BORDER_W, CATTRO_PTROQ, CATRO_CREATED_AT, CATTRO_CREATED_BY, CATTRO_CREATED_DATE, CATTRO_DESCRIPTION, CATTRO_DSB_MULTIPLE, CATTRO_GSMDIS, CATTRO_LEAF_L, CATTRO_LEAF_W, CATTRO_LENGTH, CATTRO_NAME, CATTRO_OBSERVATIONS, CATTRO_QUANTITY, CATTRO_QUANTITY_L, CATTRO_SEPARATION_L, CATTRO_QUANTITY_W, CATTRO_SEPARATION_W, XID_CATSTATUS_CODE, CATRO_UPDATED_AT, CATRO_UPDATED_BY, CATTRO_VALID_FROM, CATTRO_VALID_TO, CATTRO_WIDTH, XID_CATFAB_CODE) VALUES (0.1412, 0, 0, 'F074', NULL, NULL, '2018-01-01', 'Divisor HTW', NULL, 600, 0, 0, 222, 'T074(0x)-R&M-Mq01 TH', NULL, 0, 0, 0, 0, 0, 'VI', NULL, NULL, NULL, NULL, 636, 1);
INSERT INTO CATTRO (CATTRO_AREA, CATTRO_BORDER_L, CATTRO_BORDER_W, CATTRO_PTROQ, CATRO_CREATED_AT, CATTRO_CREATED_BY, CATTRO_CREATED_DATE, CATTRO_DESCRIPTION, CATTRO_DSB_MULTIPLE, CATTRO_GSMDIS, CATTRO_LEAF_L, CATTRO_LEAF_W, CATTRO_LENGTH, CATTRO_NAME, CATTRO_OBSERVATIONS, CATTRO_QUANTITY, CATTRO_QUANTITY_L, CATTRO_SEPARATION_L, CATTRO_QUANTITY_W, CATTRO_SEPARATION_W, XID_CATSTATUS_CODE, CATRO_UPDATED_AT, CATRO_UPDATED_BY, CATTRO_VALID_FROM, CATTRO_VALID_TO, CATTRO_WIDTH, XID_CATFAB_CODE) VALUES (0, 0, 0, 'F075', NULL, NULL, '2018-01-01', 'Bandeja Perf 350x253x95', NULL, 0, 0, 0, 0, 'N/A', NULL, 0, 0, 0, 0, 0, 'OB', NULL, NULL, NULL, NULL, 0, NULL);
INSERT INTO CATTRO (CATTRO_AREA, CATTRO_BORDER_L, CATTRO_BORDER_W, CATTRO_PTROQ, CATRO_CREATED_AT, CATTRO_CREATED_BY, CATTRO_CREATED_DATE, CATTRO_DESCRIPTION, CATTRO_DSB_MULTIPLE, CATTRO_GSMDIS, CATTRO_LEAF_L, CATTRO_LEAF_W, CATTRO_LENGTH, CATTRO_NAME, CATTRO_OBSERVATIONS, CATTRO_QUANTITY, CATTRO_QUANTITY_L, CATTRO_SEPARATION_L, CATTRO_QUANTITY_W, CATTRO_SEPARATION_W, XID_CATSTATUS_CODE, CATRO_UPDATED_AT, CATRO_UPDATED_BY, CATTRO_VALID_FROM, CATTRO_VALID_TO, CATTRO_WIDTH, XID_CATFAB_CODE) VALUES (0.3111, 33, 24, 'F075C', NULL, NULL, '2019-07-19', 'Bandeja Perf 350x253x95 (Crudo)', NULL, 300, 670, 680, 636.8, 'T075C(1x)-ND-Mq03 LS', NULL, 1, 1, 0, 1, 0, 'VI', NULL, NULL, NULL, NULL, 655.8, NULL);
INSERT INTO CATTRO (CATTRO_AREA, CATTRO_BORDER_L, CATTRO_BORDER_W, CATTRO_PTROQ, CATRO_CREATED_AT, CATTRO_CREATED_BY, CATTRO_CREATED_DATE, CATTRO_DESCRIPTION, CATTRO_DSB_MULTIPLE, CATTRO_GSMDIS, CATTRO_LEAF_L, CATTRO_LEAF_W, CATTRO_LENGTH, CATTRO_NAME, CATTRO_OBSERVATIONS, CATTRO_QUANTITY, CATTRO_QUANTITY_L, CATTRO_SEPARATION_L, CATTRO_QUANTITY_W, CATTRO_SEPARATION_W, XID_CATSTATUS_CODE, CATRO_UPDATED_AT, CATRO_UPDATED_BY, CATTRO_VALID_FROM, CATTRO_VALID_TO, CATTRO_WIDTH, XID_CATFAB_CODE) VALUES (0.3111, 33, 24, 'F075C', NULL, NULL, '2019-07-19', 'Bandeja Perf 350x253x95 (Crudo)', NULL, 300, 670, 680, 636.8, 'T075C(1x)-ND-Mq04 DC', NULL, 1, 1, 0, 1, 0, 'VI', NULL, NULL, NULL, NULL, 655.8, NULL);
INSERT INTO CATTRO (CATTRO_AREA, CATTRO_BORDER_L, CATTRO_BORDER_W, CATTRO_PTROQ, CATRO_CREATED_AT, CATTRO_CREATED_BY, CATTRO_CREATED_DATE, CATTRO_DESCRIPTION, CATTRO_DSB_MULTIPLE, CATTRO_GSMDIS, CATTRO_LEAF_L, CATTRO_LEAF_W, CATTRO_LENGTH, CATTRO_NAME, CATTRO_OBSERVATIONS, CATTRO_QUANTITY, CATTRO_QUANTITY_L, CATTRO_SEPARATION_L, CATTRO_QUANTITY_W, CATTRO_SEPARATION_W, XID_CATSTATUS_CODE, CATRO_UPDATED_AT, CATRO_UPDATED_BY, CATTRO_VALID_FROM, CATTRO_VALID_TO, CATTRO_WIDTH, XID_CATFAB_CODE) VALUES (0.198, 33, 32, 'F076', NULL, NULL, '2018-01-01', 'Bandeja Perf 291x170x84', NULL, 300, 680, 1040, 646.2, 'T076(3x)--', NULL, 3, 1, 0, 3, 0, 'VI', NULL, NULL, NULL, NULL, 336, NULL);
INSERT INTO CATTRO (CATTRO_AREA, CATTRO_BORDER_L, CATTRO_BORDER_W, CATTRO_PTROQ, CATRO_CREATED_AT, CATTRO_CREATED_BY, CATTRO_CREATED_DATE, CATTRO_DESCRIPTION, CATTRO_DSB_MULTIPLE, CATTRO_GSMDIS, CATTRO_LEAF_L, CATTRO_LEAF_W, CATTRO_LENGTH, CATTRO_NAME, CATTRO_OBSERVATIONS, CATTRO_QUANTITY, CATTRO_QUANTITY_L, CATTRO_SEPARATION_L, CATTRO_QUANTITY_W, CATTRO_SEPARATION_W, XID_CATSTATUS_CODE, CATRO_UPDATED_AT, CATRO_UPDATED_BY, CATTRO_VALID_FROM, CATTRO_VALID_TO, CATTRO_WIDTH, XID_CATFAB_CODE) VALUES (0, 0, 0, 'F077A', NULL, NULL, '2018-01-01', 'Bandeja Perf 342x256x95', NULL, 0, 0, 0, 0, 'N/A', NULL, 0, 0, 0, 0, 0, 'IN', NULL, NULL, NULL, NULL, 0, NULL);
INSERT INTO CATTRO (CATTRO_AREA, CATTRO_BORDER_L, CATTRO_BORDER_W, CATTRO_PTROQ, CATRO_CREATED_AT, CATTRO_CREATED_BY, CATTRO_CREATED_DATE, CATTRO_DESCRIPTION, CATTRO_DSB_MULTIPLE, CATTRO_GSMDIS, CATTRO_LEAF_L, CATTRO_LEAF_W, CATTRO_LENGTH, CATTRO_NAME, CATTRO_OBSERVATIONS, CATTRO_QUANTITY, CATTRO_QUANTITY_L, CATTRO_SEPARATION_L, CATTRO_QUANTITY_W, CATTRO_SEPARATION_W, XID_CATSTATUS_CODE, CATRO_UPDATED_AT, CATRO_UPDATED_BY, CATTRO_VALID_FROM, CATTRO_VALID_TO, CATTRO_WIDTH, XID_CATFAB_CODE) VALUES (0, 0, 0, 'F077B', NULL, NULL, '2018-01-01', 'Bandeja Perf 342x256x95', NULL, 0, 0, 0, 0, 'N/A', NULL, 0, 0, 0, 0, 0, 'IN', NULL, NULL, NULL, NULL, 0, NULL);
INSERT INTO CATTRO (CATTRO_AREA, CATTRO_BORDER_L, CATTRO_BORDER_W, CATTRO_PTROQ, CATRO_CREATED_AT, CATTRO_CREATED_BY, CATTRO_CREATED_DATE, CATTRO_DESCRIPTION, CATTRO_DSB_MULTIPLE, CATTRO_GSMDIS, CATTRO_LEAF_L, CATTRO_LEAF_W, CATTRO_LENGTH, CATTRO_NAME, CATTRO_OBSERVATIONS, CATTRO_QUANTITY, CATTRO_QUANTITY_L, CATTRO_SEPARATION_L, CATTRO_QUANTITY_W, CATTRO_SEPARATION_W, XID_CATSTATUS_CODE, CATRO_UPDATED_AT, CATRO_UPDATED_BY, CATTRO_VALID_FROM, CATTRO_VALID_TO, CATTRO_WIDTH, XID_CATFAB_CODE) VALUES (0, 0, 0, 'F078', NULL, NULL, '2018-01-01', 'Bandeja Perf 342x256x95 (Cocido)', NULL, 0, 0, 0, 0, 'T078(0x)--', NULL, 0, 0, 0, 0, 0, 'OB', NULL, NULL, NULL, NULL, 0, NULL);
INSERT INTO CATTRO (CATTRO_AREA, CATTRO_BORDER_L, CATTRO_BORDER_W, CATTRO_PTROQ, CATRO_CREATED_AT, CATTRO_CREATED_BY, CATTRO_CREATED_DATE, CATTRO_DESCRIPTION, CATTRO_DSB_MULTIPLE, CATTRO_GSMDIS, CATTRO_LEAF_L, CATTRO_LEAF_W, CATTRO_LENGTH, CATTRO_NAME, CATTRO_OBSERVATIONS, CATTRO_QUANTITY, CATTRO_QUANTITY_L, CATTRO_SEPARATION_L, CATTRO_QUANTITY_W, CATTRO_SEPARATION_W, XID_CATSTATUS_CODE, CATRO_UPDATED_AT, CATRO_UPDATED_BY, CATTRO_VALID_FROM, CATTRO_VALID_TO, CATTRO_WIDTH, XID_CATFAB_CODE) VALUES (0, 0, 0, 'F079', NULL, NULL, '2018-01-01', 'Bandeja sencilla 290x190x65 int', NULL, 0, 0, 0, 0, 'N/A', NULL, 0, 0, 0, 0, 0, 'IN', NULL, NULL, NULL, NULL, 0, NULL);
INSERT INTO CATTRO (CATTRO_AREA, CATTRO_BORDER_L, CATTRO_BORDER_W, CATTRO_PTROQ, CATRO_CREATED_AT, CATTRO_CREATED_BY, CATTRO_CREATED_DATE, CATTRO_DESCRIPTION, CATTRO_DSB_MULTIPLE, CATTRO_GSMDIS, CATTRO_LEAF_L, CATTRO_LEAF_W, CATTRO_LENGTH, CATTRO_NAME, CATTRO_OBSERVATIONS, CATTRO_QUANTITY, CATTRO_QUANTITY_L, CATTRO_SEPARATION_L, CATTRO_QUANTITY_W, CATTRO_SEPARATION_W, XID_CATSTATUS_CODE, CATRO_UPDATED_AT, CATRO_UPDATED_BY, CATTRO_VALID_FROM, CATTRO_VALID_TO, CATTRO_WIDTH, XID_CATFAB_CODE) VALUES (0, 0, 0, 'F080', NULL, NULL, '2018-01-01', 'Bandeja Perf 290x190x65 int', NULL, 0, 0, 0, 0, 'N/A', NULL, 0, 0, 0, 0, 0, 'IN', NULL, NULL, NULL, NULL, 0, NULL);
INSERT INTO CATTRO (CATTRO_AREA, CATTRO_BORDER_L, CATTRO_BORDER_W, CATTRO_PTROQ, CATRO_CREATED_AT, CATTRO_CREATED_BY, CATTRO_CREATED_DATE, CATTRO_DESCRIPTION, CATTRO_DSB_MULTIPLE, CATTRO_GSMDIS, CATTRO_LEAF_L, CATTRO_LEAF_W, CATTRO_LENGTH, CATTRO_NAME, CATTRO_OBSERVATIONS, CATTRO_QUANTITY, CATTRO_QUANTITY_L, CATTRO_SEPARATION_L, CATTRO_QUANTITY_W, CATTRO_SEPARATION_W, XID_CATSTATUS_CODE, CATRO_UPDATED_AT, CATRO_UPDATED_BY, CATTRO_VALID_FROM, CATTRO_VALID_TO, CATTRO_WIDTH, XID_CATFAB_CODE) VALUES (0, 0, 0, 'F081', NULL, NULL, '2018-01-01', 'Liner 125x75x41', NULL, 0, 0, 0, 0, 'N/A', NULL, 0, 0, 0, 0, 0, 'IN', NULL, NULL, NULL, NULL, 0, NULL);
INSERT INTO CATTRO (CATTRO_AREA, CATTRO_BORDER_L, CATTRO_BORDER_W, CATTRO_PTROQ, CATRO_CREATED_AT, CATTRO_CREATED_BY, CATTRO_CREATED_DATE, CATTRO_DESCRIPTION, CATTRO_DSB_MULTIPLE, CATTRO_GSMDIS, CATTRO_LEAF_L, CATTRO_LEAF_W, CATTRO_LENGTH, CATTRO_NAME, CATTRO_OBSERVATIONS, CATTRO_QUANTITY, CATTRO_QUANTITY_L, CATTRO_SEPARATION_L, CATTRO_QUANTITY_W, CATTRO_SEPARATION_W, XID_CATSTATUS_CODE, CATRO_UPDATED_AT, CATRO_UPDATED_BY, CATTRO_VALID_FROM, CATTRO_VALID_TO, CATTRO_WIDTH, XID_CATFAB_CODE) VALUES (0.3031, 29, 32, 'F082', NULL, NULL, '2018-01-01', 'Caja Perf 367x245x92', '210315x1', 500, 760, 635, 731, 'T082(1x)-R&M-Mq01 TH', NULL, 1, 1, 0, 1, 0, 'VI', NULL, NULL, NULL, NULL, 603, NULL);
INSERT INTO CATTRO (CATTRO_AREA, CATTRO_BORDER_L, CATTRO_BORDER_W, CATTRO_PTROQ, CATRO_CREATED_AT, CATTRO_CREATED_BY, CATTRO_CREATED_DATE, CATTRO_DESCRIPTION, CATTRO_DSB_MULTIPLE, CATTRO_GSMDIS, CATTRO_LEAF_L, CATTRO_LEAF_W, CATTRO_LENGTH, CATTRO_NAME, CATTRO_OBSERVATIONS, CATTRO_QUANTITY, CATTRO_QUANTITY_L, CATTRO_SEPARATION_L, CATTRO_QUANTITY_W, CATTRO_SEPARATION_W, XID_CATSTATUS_CODE, CATRO_UPDATED_AT, CATRO_UPDATED_BY, CATTRO_VALID_FROM, CATTRO_VALID_TO, CATTRO_WIDTH, XID_CATFAB_CODE) VALUES (0.1595, 33, 23, 'F083', NULL, NULL, '2018-01-01', 'Bandeja Perforada 278x175x82', NULL, 300, 650, 690, 616.2, 'T083(2x)-ND-ND', 'Confirmar', 2, 1, 0, 2, 0, 'VI', NULL, NULL, NULL, NULL, 333.2, NULL);
INSERT INTO CATTRO (CATTRO_AREA, CATTRO_BORDER_L, CATTRO_BORDER_W, CATTRO_PTROQ, CATRO_CREATED_AT, CATTRO_CREATED_BY, CATTRO_CREATED_DATE, CATTRO_DESCRIPTION, CATTRO_DSB_MULTIPLE, CATTRO_GSMDIS, CATTRO_LEAF_L, CATTRO_LEAF_W, CATTRO_LENGTH, CATTRO_NAME, CATTRO_OBSERVATIONS, CATTRO_QUANTITY, CATTRO_QUANTITY_L, CATTRO_SEPARATION_L, CATTRO_QUANTITY_W, CATTRO_SEPARATION_W, XID_CATSTATUS_CODE, CATRO_UPDATED_AT, CATRO_UPDATED_BY, CATTRO_VALID_FROM, CATTRO_VALID_TO, CATTRO_WIDTH, XID_CATFAB_CODE) VALUES (0.1595, 28, 25, 'F083', NULL, NULL, '2018-01-01', 'Bandeja Perforada 278x175x82', NULL, 300, 645, 1025, 616.2, 'T083(3x)-ND-ND', 'Confirmar', 3, 1, 0, 3, 0, 'VI', NULL, NULL, NULL, NULL, 333.2, NULL);
INSERT INTO CATTRO (CATTRO_AREA, CATTRO_BORDER_L, CATTRO_BORDER_W, CATTRO_PTROQ, CATRO_CREATED_AT, CATTRO_CREATED_BY, CATTRO_CREATED_DATE, CATTRO_DESCRIPTION, CATTRO_DSB_MULTIPLE, CATTRO_GSMDIS, CATTRO_LEAF_L, CATTRO_LEAF_W, CATTRO_LENGTH, CATTRO_NAME, CATTRO_OBSERVATIONS, CATTRO_QUANTITY, CATTRO_QUANTITY_L, CATTRO_SEPARATION_L, CATTRO_QUANTITY_W, CATTRO_SEPARATION_W, XID_CATSTATUS_CODE, CATRO_UPDATED_AT, CATRO_UPDATED_BY, CATTRO_VALID_FROM, CATTRO_VALID_TO, CATTRO_WIDTH, XID_CATFAB_CODE) VALUES (0.1678, 28, 28, 'F084', NULL, NULL, '2018-01-01', 'Fenix 2kg - China', NULL, 300, 640, 1045, 611.2, 'T084(3x)--', NULL, 3, 1, 0, 3, 0, 'VI', NULL, NULL, NULL, NULL, 339, NULL);
INSERT INTO CATTRO (CATTRO_AREA, CATTRO_BORDER_L, CATTRO_BORDER_W, CATTRO_PTROQ, CATRO_CREATED_AT, CATTRO_CREATED_BY, CATTRO_CREATED_DATE, CATTRO_DESCRIPTION, CATTRO_DSB_MULTIPLE, CATTRO_GSMDIS, CATTRO_LEAF_L, CATTRO_LEAF_W, CATTRO_LENGTH, CATTRO_NAME, CATTRO_OBSERVATIONS, CATTRO_QUANTITY, CATTRO_QUANTITY_L, CATTRO_SEPARATION_L, CATTRO_QUANTITY_W, CATTRO_SEPARATION_W, XID_CATSTATUS_CODE, CATRO_UPDATED_AT, CATRO_UPDATED_BY, CATTRO_VALID_FROM, CATTRO_VALID_TO, CATTRO_WIDTH, XID_CATFAB_CODE) VALUES (0.1638, 29, 33, 'F085', NULL, NULL, '2018-01-01', 'Fenix 2kg - Corea', NULL, 300, 590, 990, 560.2, 'T085(3x)--', NULL, 3, 1, 0, 3, 0, 'VI', NULL, NULL, NULL, NULL, 319, NULL);
INSERT INTO CATTRO (CATTRO_AREA, CATTRO_BORDER_L, CATTRO_BORDER_W, CATTRO_PTROQ, CATRO_CREATED_AT, CATTRO_CREATED_BY, CATTRO_CREATED_DATE, CATTRO_DESCRIPTION, CATTRO_DSB_MULTIPLE, CATTRO_GSMDIS, CATTRO_LEAF_L, CATTRO_LEAF_W, CATTRO_LENGTH, CATTRO_NAME, CATTRO_OBSERVATIONS, CATTRO_QUANTITY, CATTRO_QUANTITY_L, CATTRO_SEPARATION_L, CATTRO_QUANTITY_W, CATTRO_SEPARATION_W, XID_CATSTATUS_CODE, CATRO_UPDATED_AT, CATRO_UPDATED_BY, CATTRO_VALID_FROM, CATTRO_VALID_TO, CATTRO_WIDTH, XID_CATFAB_CODE) VALUES (0.1404, 0, 0, 'F086', NULL, NULL, '2018-01-01', 'Tapa Soldada (acc F040)', NULL, 300, 0, 0, 439, 'T086(0x)--', NULL, 0, 0, 0, 0, 0, 'VI', NULL, NULL, NULL, NULL, 334.8, NULL);
INSERT INTO CATTRO (CATTRO_AREA, CATTRO_BORDER_L, CATTRO_BORDER_W, CATTRO_PTROQ, CATRO_CREATED_AT, CATTRO_CREATED_BY, CATTRO_CREATED_DATE, CATTRO_DESCRIPTION, CATTRO_DSB_MULTIPLE, CATTRO_GSMDIS, CATTRO_LEAF_L, CATTRO_LEAF_W, CATTRO_LENGTH, CATTRO_NAME, CATTRO_OBSERVATIONS, CATTRO_QUANTITY, CATTRO_QUANTITY_L, CATTRO_SEPARATION_L, CATTRO_QUANTITY_W, CATTRO_SEPARATION_W, XID_CATSTATUS_CODE, CATRO_UPDATED_AT, CATRO_UPDATED_BY, CATTRO_VALID_FROM, CATTRO_VALID_TO, CATTRO_WIDTH, XID_CATFAB_CODE) VALUES (0.5776, 27, 31, 'F087', NULL, NULL, '2018-01-01', 'Bandeja doble tapa 389x284x133', NULL, 500, 950, 785, 923, 'T087(1x)--', NULL, 1, 1, 0, 1, 0, 'VI', NULL, NULL, NULL, NULL, 753.4, NULL);
INSERT INTO CATTRO (CATTRO_AREA, CATTRO_BORDER_L, CATTRO_BORDER_W, CATTRO_PTROQ, CATRO_CREATED_AT, CATTRO_CREATED_BY, CATTRO_CREATED_DATE, CATTRO_DESCRIPTION, CATTRO_DSB_MULTIPLE, CATTRO_GSMDIS, CATTRO_LEAF_L, CATTRO_LEAF_W, CATTRO_LENGTH, CATTRO_NAME, CATTRO_OBSERVATIONS, CATTRO_QUANTITY, CATTRO_QUANTITY_L, CATTRO_SEPARATION_L, CATTRO_QUANTITY_W, CATTRO_SEPARATION_W, XID_CATSTATUS_CODE, CATRO_UPDATED_AT, CATRO_UPDATED_BY, CATTRO_VALID_FROM, CATTRO_VALID_TO, CATTRO_WIDTH, XID_CATFAB_CODE) VALUES (0, 0, 0, 'F088', NULL, NULL, '2018-01-01', 'Bandeja Perf 278x175x82', NULL, 0, 0, 0, 0, 'N/A', NULL, 0, 0, 0, 0, 0, 'OB', NULL, NULL, NULL, NULL, 0, NULL);
INSERT INTO CATTRO (CATTRO_AREA, CATTRO_BORDER_L, CATTRO_BORDER_W, CATTRO_PTROQ, CATRO_CREATED_AT, CATTRO_CREATED_BY, CATTRO_CREATED_DATE, CATTRO_DESCRIPTION, CATTRO_DSB_MULTIPLE, CATTRO_GSMDIS, CATTRO_LEAF_L, CATTRO_LEAF_W, CATTRO_LENGTH, CATTRO_NAME, CATTRO_OBSERVATIONS, CATTRO_QUANTITY, CATTRO_QUANTITY_L, CATTRO_SEPARATION_L, CATTRO_QUANTITY_W, CATTRO_SEPARATION_W, XID_CATSTATUS_CODE, CATRO_UPDATED_AT, CATRO_UPDATED_BY, CATTRO_VALID_FROM, CATTRO_VALID_TO, CATTRO_WIDTH, XID_CATFAB_CODE) VALUES (0.1843, 0, 0, 'F089', NULL, NULL, '2018-01-01', 'Bandeja Perf 265x175x95 (Cocido 2kg)', NULL, 300, 0, 0, 0, 'N/A', NULL, 0, 0, 0, 0, 0, 'VI', NULL, NULL, NULL, NULL, 0, NULL);
INSERT INTO CATTRO (CATTRO_AREA, CATTRO_BORDER_L, CATTRO_BORDER_W, CATTRO_PTROQ, CATRO_CREATED_AT, CATTRO_CREATED_BY, CATTRO_CREATED_DATE, CATTRO_DESCRIPTION, CATTRO_DSB_MULTIPLE, CATTRO_GSMDIS, CATTRO_LEAF_L, CATTRO_LEAF_W, CATTRO_LENGTH, CATTRO_NAME, CATTRO_OBSERVATIONS, CATTRO_QUANTITY, CATTRO_QUANTITY_L, CATTRO_SEPARATION_L, CATTRO_QUANTITY_W, CATTRO_SEPARATION_W, XID_CATSTATUS_CODE, CATRO_UPDATED_AT, CATRO_UPDATED_BY, CATTRO_VALID_FROM, CATTRO_VALID_TO, CATTRO_WIDTH, XID_CATFAB_CODE) VALUES (0.3248, 39, 47, 'F090', NULL, NULL, '2018-01-01', 'Bandeja pitahaya apilable 367x245x102', NULL, 500, 810, 670, 771, 'T090(1x)--', NULL, 1, 1, 0, 1, 0, 'VI', NULL, NULL, NULL, NULL, 623, NULL);
INSERT INTO CATTRO (CATTRO_AREA, CATTRO_BORDER_L, CATTRO_BORDER_W, CATTRO_PTROQ, CATRO_CREATED_AT, CATTRO_CREATED_BY, CATTRO_CREATED_DATE, CATTRO_DESCRIPTION, CATTRO_DSB_MULTIPLE, CATTRO_GSMDIS, CATTRO_LEAF_L, CATTRO_LEAF_W, CATTRO_LENGTH, CATTRO_NAME, CATTRO_OBSERVATIONS, CATTRO_QUANTITY, CATTRO_QUANTITY_L, CATTRO_SEPARATION_L, CATTRO_QUANTITY_W, CATTRO_SEPARATION_W, XID_CATSTATUS_CODE, CATRO_UPDATED_AT, CATRO_UPDATED_BY, CATTRO_VALID_FROM, CATTRO_VALID_TO, CATTRO_WIDTH, XID_CATFAB_CODE) VALUES (0.1103, 30, 18, 'F091', NULL, NULL, '2018-01-01', 'Bandeja perf 280x155x50 (1kg)', NULL, 300, 518, 518, 487.6, 'T091(2x)--', NULL, 2, 1, 0, 2, 0, 'PE', NULL, NULL, NULL, NULL, 250, NULL);
INSERT INTO CATTRO (CATTRO_AREA, CATTRO_BORDER_L, CATTRO_BORDER_W, CATTRO_PTROQ, CATRO_CREATED_AT, CATTRO_CREATED_BY, CATTRO_CREATED_DATE, CATTRO_DESCRIPTION, CATTRO_DSB_MULTIPLE, CATTRO_GSMDIS, CATTRO_LEAF_L, CATTRO_LEAF_W, CATTRO_LENGTH, CATTRO_NAME, CATTRO_OBSERVATIONS, CATTRO_QUANTITY, CATTRO_QUANTITY_L, CATTRO_SEPARATION_L, CATTRO_QUANTITY_W, CATTRO_SEPARATION_W, XID_CATSTATUS_CODE, CATRO_UPDATED_AT, CATRO_UPDATED_BY, CATTRO_VALID_FROM, CATTRO_VALID_TO, CATTRO_WIDTH, XID_CATFAB_CODE) VALUES (0.3712, 30, 24, 'F092', NULL, NULL, '2018-01-01', 'Bandeja doble tapa 382x260x98 ', '211208x1', 500, 800, 680, 770, 'T092(1x)--', NULL, 1, 1, 0, 1, 0, 'VI', NULL, NULL, NULL, NULL, 656, NULL);
INSERT INTO CATTRO (CATTRO_AREA, CATTRO_BORDER_L, CATTRO_BORDER_W, CATTRO_PTROQ, CATRO_CREATED_AT, CATTRO_CREATED_BY, CATTRO_CREATED_DATE, CATTRO_DESCRIPTION, CATTRO_DSB_MULTIPLE, CATTRO_GSMDIS, CATTRO_LEAF_L, CATTRO_LEAF_W, CATTRO_LENGTH, CATTRO_NAME, CATTRO_OBSERVATIONS, CATTRO_QUANTITY, CATTRO_QUANTITY_L, CATTRO_SEPARATION_L, CATTRO_QUANTITY_W, CATTRO_SEPARATION_W, XID_CATSTATUS_CODE, CATRO_UPDATED_AT, CATRO_UPDATED_BY, CATTRO_VALID_FROM, CATTRO_VALID_TO, CATTRO_WIDTH, XID_CATFAB_CODE) VALUES (0.0311, 20, 29, 'F093', NULL, NULL, '2018-01-01', 'Division Larga 3 espacios (acc F092)', NULL, 300, 560, 390, 90, 'T093(6x)--', NULL, 6, 6, 0, 1, 0, 'VI', NULL, NULL, NULL, NULL, 361, NULL);
INSERT INTO CATTRO (CATTRO_AREA, CATTRO_BORDER_L, CATTRO_BORDER_W, CATTRO_PTROQ, CATRO_CREATED_AT, CATTRO_CREATED_BY, CATTRO_CREATED_DATE, CATTRO_DESCRIPTION, CATTRO_DSB_MULTIPLE, CATTRO_GSMDIS, CATTRO_LEAF_L, CATTRO_LEAF_W, CATTRO_LENGTH, CATTRO_NAME, CATTRO_OBSERVATIONS, CATTRO_QUANTITY, CATTRO_QUANTITY_L, CATTRO_SEPARATION_L, CATTRO_QUANTITY_W, CATTRO_SEPARATION_W, XID_CATSTATUS_CODE, CATRO_UPDATED_AT, CATRO_UPDATED_BY, CATTRO_VALID_FROM, CATTRO_VALID_TO, CATTRO_WIDTH, XID_CATFAB_CODE) VALUES (0.0306, 20, 29, 'F094', NULL, NULL, '2018-01-01', 'Division Larga 4 espacios  (acc F092)', NULL, 300, 560, 390, 90, 'T094(6x)--', NULL, 6, 6, 0, 1, 0, 'VI', NULL, NULL, NULL, NULL, 361, NULL);
INSERT INTO CATTRO (CATTRO_AREA, CATTRO_BORDER_L, CATTRO_BORDER_W, CATTRO_PTROQ, CATRO_CREATED_AT, CATTRO_CREATED_BY, CATTRO_CREATED_DATE, CATTRO_DESCRIPTION, CATTRO_DSB_MULTIPLE, CATTRO_GSMDIS, CATTRO_LEAF_L, CATTRO_LEAF_W, CATTRO_LENGTH, CATTRO_NAME, CATTRO_OBSERVATIONS, CATTRO_QUANTITY, CATTRO_QUANTITY_L, CATTRO_SEPARATION_L, CATTRO_QUANTITY_W, CATTRO_SEPARATION_W, XID_CATSTATUS_CODE, CATRO_UPDATED_AT, CATRO_UPDATED_BY, CATTRO_VALID_FROM, CATTRO_VALID_TO, CATTRO_WIDTH, XID_CATFAB_CODE) VALUES (0.0212, 20, 13, 'F095', NULL, NULL, '2018-01-01', 'Division Corta  (acc F092)', NULL, 300, 560, 515, 90, 'T095(12x)--', NULL, 12, 6, 0, 2, 0, 'VI', NULL, NULL, NULL, NULL, 251, NULL);
INSERT INTO CATTRO (CATTRO_AREA, CATTRO_BORDER_L, CATTRO_BORDER_W, CATTRO_PTROQ, CATRO_CREATED_AT, CATTRO_CREATED_BY, CATTRO_CREATED_DATE, CATTRO_DESCRIPTION, CATTRO_DSB_MULTIPLE, CATTRO_GSMDIS, CATTRO_LEAF_L, CATTRO_LEAF_W, CATTRO_LENGTH, CATTRO_NAME, CATTRO_OBSERVATIONS, CATTRO_QUANTITY, CATTRO_QUANTITY_L, CATTRO_SEPARATION_L, CATTRO_QUANTITY_W, CATTRO_SEPARATION_W, XID_CATSTATUS_CODE, CATRO_UPDATED_AT, CATRO_UPDATED_BY, CATTRO_VALID_FROM, CATTRO_VALID_TO, CATTRO_WIDTH, XID_CATFAB_CODE) VALUES (0.3467, 0, 0, 'F096', NULL, NULL, '2018-01-01', 'Base Perf 342x256x95 (Cocido)', NULL, 300, 0, 0, 651.2, 'N/A', NULL, 0, 0, 0, 0, 0, 'VI', NULL, NULL, NULL, NULL, 731.8, NULL);
INSERT INTO CATTRO (CATTRO_AREA, CATTRO_BORDER_L, CATTRO_BORDER_W, CATTRO_PTROQ, CATRO_CREATED_AT, CATTRO_CREATED_BY, CATTRO_CREATED_DATE, CATTRO_DESCRIPTION, CATTRO_DSB_MULTIPLE, CATTRO_GSMDIS, CATTRO_LEAF_L, CATTRO_LEAF_W, CATTRO_LENGTH, CATTRO_NAME, CATTRO_OBSERVATIONS, CATTRO_QUANTITY, CATTRO_QUANTITY_L, CATTRO_SEPARATION_L, CATTRO_QUANTITY_W, CATTRO_SEPARATION_W, XID_CATSTATUS_CODE, CATRO_UPDATED_AT, CATRO_UPDATED_BY, CATTRO_VALID_FROM, CATTRO_VALID_TO, CATTRO_WIDTH, XID_CATFAB_CODE) VALUES (0.3467, 28, 18, 'F096S', NULL, NULL, '2019-07-16', 'Base Perf 342x256x95 (Cocido Sellado)', NULL, 300, 680, 750, 651.2, 'T096S(1x)-MBACH-Mq04 DC', 'Sellado 1', 1, 1, 0, 1, 0, 'VI', NULL, NULL, NULL, NULL, 731.8, 2);
INSERT INTO CATTRO (CATTRO_AREA, CATTRO_BORDER_L, CATTRO_BORDER_W, CATTRO_PTROQ, CATRO_CREATED_AT, CATTRO_CREATED_BY, CATTRO_CREATED_DATE, CATTRO_DESCRIPTION, CATTRO_DSB_MULTIPLE, CATTRO_GSMDIS, CATTRO_LEAF_L, CATTRO_LEAF_W, CATTRO_LENGTH, CATTRO_NAME, CATTRO_OBSERVATIONS, CATTRO_QUANTITY, CATTRO_QUANTITY_L, CATTRO_SEPARATION_L, CATTRO_QUANTITY_W, CATTRO_SEPARATION_W, XID_CATSTATUS_CODE, CATRO_UPDATED_AT, CATRO_UPDATED_BY, CATTRO_VALID_FROM, CATTRO_VALID_TO, CATTRO_WIDTH, XID_CATFAB_CODE) VALUES (0.3467, 28, 18, 'F096S', NULL, NULL, '2019-07-16', 'Base Perf 342x256x95 (Cocido Sellado)', NULL, 300, 680, 750, 651.2, 'T096S(1x)-MBACH-Mq04 DC', 'Sellado 2', 1, 1, 0, 1, 0, 'VI', NULL, NULL, NULL, NULL, 731.8, 2);
INSERT INTO CATTRO (CATTRO_AREA, CATTRO_BORDER_L, CATTRO_BORDER_W, CATTRO_PTROQ, CATRO_CREATED_AT, CATTRO_CREATED_BY, CATTRO_CREATED_DATE, CATTRO_DESCRIPTION, CATTRO_DSB_MULTIPLE, CATTRO_GSMDIS, CATTRO_LEAF_L, CATTRO_LEAF_W, CATTRO_LENGTH, CATTRO_NAME, CATTRO_OBSERVATIONS, CATTRO_QUANTITY, CATTRO_QUANTITY_L, CATTRO_SEPARATION_L, CATTRO_QUANTITY_W, CATTRO_SEPARATION_W, XID_CATSTATUS_CODE, CATRO_UPDATED_AT, CATRO_UPDATED_BY, CATTRO_VALID_FROM, CATTRO_VALID_TO, CATTRO_WIDTH, XID_CATFAB_CODE) VALUES (0.0168, 0, 0, 'F097', NULL, NULL, '2018-01-01', 'División Corta 2 esp (acc F082)', NULL, 300, 0, 0, 85, 'T097(0x)--', NULL, 0, 0, 0, 0, 0, 'VI', NULL, NULL, NULL, NULL, 200, NULL);
INSERT INTO CATTRO (CATTRO_AREA, CATTRO_BORDER_L, CATTRO_BORDER_W, CATTRO_PTROQ, CATRO_CREATED_AT, CATTRO_CREATED_BY, CATTRO_CREATED_DATE, CATTRO_DESCRIPTION, CATTRO_DSB_MULTIPLE, CATTRO_GSMDIS, CATTRO_LEAF_L, CATTRO_LEAF_W, CATTRO_LENGTH, CATTRO_NAME, CATTRO_OBSERVATIONS, CATTRO_QUANTITY, CATTRO_QUANTITY_L, CATTRO_SEPARATION_L, CATTRO_QUANTITY_W, CATTRO_SEPARATION_W, XID_CATSTATUS_CODE, CATRO_UPDATED_AT, CATRO_UPDATED_BY, CATTRO_VALID_FROM, CATTRO_VALID_TO, CATTRO_WIDTH, XID_CATFAB_CODE) VALUES (0.0175, 0, 0, 'F098', NULL, NULL, '2018-01-01', 'División Corte 3 esp (acc F082)', NULL, 300, 0, 0, 85, 'T098(0x)--', NULL, 0, 0, 0, 0, 0, 'VI', NULL, NULL, NULL, NULL, 210, NULL);
INSERT INTO CATTRO (CATTRO_AREA, CATTRO_BORDER_L, CATTRO_BORDER_W, CATTRO_PTROQ, CATRO_CREATED_AT, CATTRO_CREATED_BY, CATTRO_CREATED_DATE, CATTRO_DESCRIPTION, CATTRO_DSB_MULTIPLE, CATTRO_GSMDIS, CATTRO_LEAF_L, CATTRO_LEAF_W, CATTRO_LENGTH, CATTRO_NAME, CATTRO_OBSERVATIONS, CATTRO_QUANTITY, CATTRO_QUANTITY_L, CATTRO_SEPARATION_L, CATTRO_QUANTITY_W, CATTRO_SEPARATION_W, XID_CATSTATUS_CODE, CATRO_UPDATED_AT, CATRO_UPDATED_BY, CATTRO_VALID_FROM, CATTRO_VALID_TO, CATTRO_WIDTH, XID_CATFAB_CODE) VALUES (0.0274, 0, 0, 'F099', NULL, NULL, '2018-01-01', 'División Larga 3 esp (acc F082)', NULL, 300, 0, 0, 85, 'T099(0x)--', NULL, 0, 0, 0, 0, 0, 'VI', NULL, NULL, NULL, NULL, 326, NULL);
INSERT INTO CATTRO (CATTRO_AREA, CATTRO_BORDER_L, CATTRO_BORDER_W, CATTRO_PTROQ, CATRO_CREATED_AT, CATTRO_CREATED_BY, CATTRO_CREATED_DATE, CATTRO_DESCRIPTION, CATTRO_DSB_MULTIPLE, CATTRO_GSMDIS, CATTRO_LEAF_L, CATTRO_LEAF_W, CATTRO_LENGTH, CATTRO_NAME, CATTRO_OBSERVATIONS, CATTRO_QUANTITY, CATTRO_QUANTITY_L, CATTRO_SEPARATION_L, CATTRO_QUANTITY_W, CATTRO_SEPARATION_W, XID_CATSTATUS_CODE, CATRO_UPDATED_AT, CATRO_UPDATED_BY, CATTRO_VALID_FROM, CATTRO_VALID_TO, CATTRO_WIDTH, XID_CATFAB_CODE) VALUES (0.0271, 0, 0, 'F100', NULL, NULL, '2018-01-01', 'División Larga 4 esp (acc F082)', NULL, 300, 0, 0, 85, 'T100(0x)--', NULL, 0, 0, 0, 0, 0, 'VI', NULL, NULL, NULL, NULL, 326, NULL);
INSERT INTO CATTRO (CATTRO_AREA, CATTRO_BORDER_L, CATTRO_BORDER_W, CATTRO_PTROQ, CATRO_CREATED_AT, CATTRO_CREATED_BY, CATTRO_CREATED_DATE, CATTRO_DESCRIPTION, CATTRO_DSB_MULTIPLE, CATTRO_GSMDIS, CATTRO_LEAF_L, CATTRO_LEAF_W, CATTRO_LENGTH, CATTRO_NAME, CATTRO_OBSERVATIONS, CATTRO_QUANTITY, CATTRO_QUANTITY_L, CATTRO_SEPARATION_L, CATTRO_QUANTITY_W, CATTRO_SEPARATION_W, XID_CATSTATUS_CODE, CATRO_UPDATED_AT, CATRO_UPDATED_BY, CATTRO_VALID_FROM, CATTRO_VALID_TO, CATTRO_WIDTH, XID_CATFAB_CODE) VALUES (0, 0, 0, 'F101', NULL, NULL, '2018-01-01', 'Bandeja 299x158x48', NULL, 0, 0, 0, 0, 'N/A', NULL, 0, 0, 0, 0, 0, 'IN', NULL, NULL, NULL, NULL, 0, NULL);
INSERT INTO CATTRO (CATTRO_AREA, CATTRO_BORDER_L, CATTRO_BORDER_W, CATTRO_PTROQ, CATRO_CREATED_AT, CATTRO_CREATED_BY, CATTRO_CREATED_DATE, CATTRO_DESCRIPTION, CATTRO_DSB_MULTIPLE, CATTRO_GSMDIS, CATTRO_LEAF_L, CATTRO_LEAF_W, CATTRO_LENGTH, CATTRO_NAME, CATTRO_OBSERVATIONS, CATTRO_QUANTITY, CATTRO_QUANTITY_L, CATTRO_SEPARATION_L, CATTRO_QUANTITY_W, CATTRO_SEPARATION_W, XID_CATSTATUS_CODE, CATRO_UPDATED_AT, CATRO_UPDATED_BY, CATTRO_VALID_FROM, CATTRO_VALID_TO, CATTRO_WIDTH, XID_CATFAB_CODE) VALUES (0.1016, 31, 10, 'F102', NULL, NULL, '2018-01-01', 'Bandeja 0.6 kg', NULL, 300, 475, 522, 444, 'T102(2x)-R&M-Mq01 TH', NULL, 2, 1, 0, 2, 0, 'VI', NULL, NULL, NULL, NULL, 255.8, 1);
INSERT INTO CATTRO (CATTRO_AREA, CATTRO_BORDER_L, CATTRO_BORDER_W, CATTRO_PTROQ, CATRO_CREATED_AT, CATTRO_CREATED_BY, CATTRO_CREATED_DATE, CATTRO_DESCRIPTION, CATTRO_DSB_MULTIPLE, CATTRO_GSMDIS, CATTRO_LEAF_L, CATTRO_LEAF_W, CATTRO_LENGTH, CATTRO_NAME, CATTRO_OBSERVATIONS, CATTRO_QUANTITY, CATTRO_QUANTITY_L, CATTRO_SEPARATION_L, CATTRO_QUANTITY_W, CATTRO_SEPARATION_W, XID_CATSTATUS_CODE, CATRO_UPDATED_AT, CATRO_UPDATED_BY, CATTRO_VALID_FROM, CATTRO_VALID_TO, CATTRO_WIDTH, XID_CATFAB_CODE) VALUES (0, 0, 0, 'F103', NULL, NULL, '2018-01-01', 'SlipSheet', NULL, 0, 0, 0, 0, 'N/A', NULL, 0, 0, 0, 0, 0, 'IN', NULL, NULL, NULL, NULL, 0, NULL);
INSERT INTO CATTRO (CATTRO_AREA, CATTRO_BORDER_L, CATTRO_BORDER_W, CATTRO_PTROQ, CATRO_CREATED_AT, CATTRO_CREATED_BY, CATTRO_CREATED_DATE, CATTRO_DESCRIPTION, CATTRO_DSB_MULTIPLE, CATTRO_GSMDIS, CATTRO_LEAF_L, CATTRO_LEAF_W, CATTRO_LENGTH, CATTRO_NAME, CATTRO_OBSERVATIONS, CATTRO_QUANTITY, CATTRO_QUANTITY_L, CATTRO_SEPARATION_L, CATTRO_QUANTITY_W, CATTRO_SEPARATION_W, XID_CATSTATUS_CODE, CATRO_UPDATED_AT, CATRO_UPDATED_BY, CATTRO_VALID_FROM, CATTRO_VALID_TO, CATTRO_WIDTH, XID_CATFAB_CODE) VALUES (0.144, 0, 0, 'F104', NULL, NULL, '2018-01-01', 'Bandeja Perf 299x152x70', NULL, 300, 0, 0, 587.2, 'N/A', NULL, 0, 0, 0, 0, 0, 'PE', NULL, NULL, NULL, NULL, 289.1, NULL);
INSERT INTO CATTRO (CATTRO_AREA, CATTRO_BORDER_L, CATTRO_BORDER_W, CATTRO_PTROQ, CATRO_CREATED_AT, CATTRO_CREATED_BY, CATTRO_CREATED_DATE, CATTRO_DESCRIPTION, CATTRO_DSB_MULTIPLE, CATTRO_GSMDIS, CATTRO_LEAF_L, CATTRO_LEAF_W, CATTRO_LENGTH, CATTRO_NAME, CATTRO_OBSERVATIONS, CATTRO_QUANTITY, CATTRO_QUANTITY_L, CATTRO_SEPARATION_L, CATTRO_QUANTITY_W, CATTRO_SEPARATION_W, XID_CATSTATUS_CODE, CATRO_UPDATED_AT, CATRO_UPDATED_BY, CATTRO_VALID_FROM, CATTRO_VALID_TO, CATTRO_WIDTH, XID_CATFAB_CODE) VALUES (0, 0, 0, 'F105', NULL, NULL, '2018-01-01', 'Bandeja Perf 267x167x79', NULL, 0, 0, 0, 0, 'T105(0x)--', NULL, 0, 0, 0, 0, 0, 'OB', NULL, NULL, NULL, NULL, 0, NULL);
INSERT INTO CATTRO (CATTRO_AREA, CATTRO_BORDER_L, CATTRO_BORDER_W, CATTRO_PTROQ, CATRO_CREATED_AT, CATTRO_CREATED_BY, CATTRO_CREATED_DATE, CATTRO_DESCRIPTION, CATTRO_DSB_MULTIPLE, CATTRO_GSMDIS, CATTRO_LEAF_L, CATTRO_LEAF_W, CATTRO_LENGTH, CATTRO_NAME, CATTRO_OBSERVATIONS, CATTRO_QUANTITY, CATTRO_QUANTITY_L, CATTRO_SEPARATION_L, CATTRO_QUANTITY_W, CATTRO_SEPARATION_W, XID_CATSTATUS_CODE, CATRO_UPDATED_AT, CATRO_UPDATED_BY, CATTRO_VALID_FROM, CATTRO_VALID_TO, CATTRO_WIDTH, XID_CATFAB_CODE) VALUES (0.168, 28, 28, 'F105B', NULL, NULL, '2019-06-26', 'Bandeja Perf 262x167x79', NULL, 300, 635, 1020, 607, 'T105B(3x)-MBACH-Mq04 DC', NULL, 3, 1, 0, 3, 0, 'VI', NULL, NULL, NULL, NULL, 330.6, 2);
INSERT INTO CATTRO (CATTRO_AREA, CATTRO_BORDER_L, CATTRO_BORDER_W, CATTRO_PTROQ, CATRO_CREATED_AT, CATTRO_CREATED_BY, CATTRO_CREATED_DATE, CATTRO_DESCRIPTION, CATTRO_DSB_MULTIPLE, CATTRO_GSMDIS, CATTRO_LEAF_L, CATTRO_LEAF_W, CATTRO_LENGTH, CATTRO_NAME, CATTRO_OBSERVATIONS, CATTRO_QUANTITY, CATTRO_QUANTITY_L, CATTRO_SEPARATION_L, CATTRO_QUANTITY_W, CATTRO_SEPARATION_W, XID_CATSTATUS_CODE, CATRO_UPDATED_AT, CATRO_UPDATED_BY, CATTRO_VALID_FROM, CATTRO_VALID_TO, CATTRO_WIDTH, XID_CATFAB_CODE) VALUES (0.2697, 27, 23, 'F106', NULL, NULL, '2018-01-01', 'Bandeja Apilable 339x259x74', '211207x1', 400, 1135, 680, 554, 'T106(2x)--Mq01 TH', NULL, 2, 2, 0, 1, 0, 'VI', NULL, NULL, NULL, NULL, 657, NULL);
INSERT INTO CATTRO (CATTRO_AREA, CATTRO_BORDER_L, CATTRO_BORDER_W, CATTRO_PTROQ, CATRO_CREATED_AT, CATTRO_CREATED_BY, CATTRO_CREATED_DATE, CATTRO_DESCRIPTION, CATTRO_DSB_MULTIPLE, CATTRO_GSMDIS, CATTRO_LEAF_L, CATTRO_LEAF_W, CATTRO_LENGTH, CATTRO_NAME, CATTRO_OBSERVATIONS, CATTRO_QUANTITY, CATTRO_QUANTITY_L, CATTRO_SEPARATION_L, CATTRO_QUANTITY_W, CATTRO_SEPARATION_W, XID_CATSTATUS_CODE, CATRO_UPDATED_AT, CATRO_UPDATED_BY, CATTRO_VALID_FROM, CATTRO_VALID_TO, CATTRO_WIDTH, XID_CATFAB_CODE) VALUES (0.3306, 0, 0, 'F107', NULL, NULL, '2018-01-01', 'Protector 18x60cm', NULL, 300, 0, 0, 615, 'T107(0x)--', NULL, 0, 0, 0, 0, 0, 'VI', NULL, NULL, NULL, NULL, 570, NULL);
INSERT INTO CATTRO (CATTRO_AREA, CATTRO_BORDER_L, CATTRO_BORDER_W, CATTRO_PTROQ, CATRO_CREATED_AT, CATTRO_CREATED_BY, CATTRO_CREATED_DATE, CATTRO_DESCRIPTION, CATTRO_DSB_MULTIPLE, CATTRO_GSMDIS, CATTRO_LEAF_L, CATTRO_LEAF_W, CATTRO_LENGTH, CATTRO_NAME, CATTRO_OBSERVATIONS, CATTRO_QUANTITY, CATTRO_QUANTITY_L, CATTRO_SEPARATION_L, CATTRO_QUANTITY_W, CATTRO_SEPARATION_W, XID_CATSTATUS_CODE, CATRO_UPDATED_AT, CATRO_UPDATED_BY, CATTRO_VALID_FROM, CATTRO_VALID_TO, CATTRO_WIDTH, XID_CATFAB_CODE) VALUES (0.2303, 25, 25, 'F108', NULL, NULL, '2019-07-26', 'Base Rfrz Perf 261x175x95 (Cocido 2kg)', NULL, 300, 680, 590, 655, 'T108(1x)-MBACH-Mq04 DC', NULL, 1, 1, 0, 1, 0, 'VI', NULL, NULL, NULL, NULL, 564.8, 2);
INSERT INTO CATTRO (CATTRO_AREA, CATTRO_BORDER_L, CATTRO_BORDER_W, CATTRO_PTROQ, CATRO_CREATED_AT, CATTRO_CREATED_BY, CATTRO_CREATED_DATE, CATTRO_DESCRIPTION, CATTRO_DSB_MULTIPLE, CATTRO_GSMDIS, CATTRO_LEAF_L, CATTRO_LEAF_W, CATTRO_LENGTH, CATTRO_NAME, CATTRO_OBSERVATIONS, CATTRO_QUANTITY, CATTRO_QUANTITY_L, CATTRO_SEPARATION_L, CATTRO_QUANTITY_W, CATTRO_SEPARATION_W, XID_CATSTATUS_CODE, CATRO_UPDATED_AT, CATRO_UPDATED_BY, CATTRO_VALID_FROM, CATTRO_VALID_TO, CATTRO_WIDTH, XID_CATFAB_CODE) VALUES (0.1586, 31, 30, 'F109', NULL, NULL, '2018-01-01', 'Base Perforada 270x170x83', NULL, 300, 1260, 1020, 614.2, 'T109(6x)-R&M-Mq01 TH', NULL, 6, 2, 0, 3, 0, 'VI', NULL, NULL, NULL, NULL, 329.8, 1);
INSERT INTO CATTRO (CATTRO_AREA, CATTRO_BORDER_L, CATTRO_BORDER_W, CATTRO_PTROQ, CATRO_CREATED_AT, CATTRO_CREATED_BY, CATTRO_CREATED_DATE, CATTRO_DESCRIPTION, CATTRO_DSB_MULTIPLE, CATTRO_GSMDIS, CATTRO_LEAF_L, CATTRO_LEAF_W, CATTRO_LENGTH, CATTRO_NAME, CATTRO_OBSERVATIONS, CATTRO_QUANTITY, CATTRO_QUANTITY_L, CATTRO_SEPARATION_L, CATTRO_QUANTITY_W, CATTRO_SEPARATION_W, XID_CATSTATUS_CODE, CATRO_UPDATED_AT, CATRO_UPDATED_BY, CATTRO_VALID_FROM, CATTRO_VALID_TO, CATTRO_WIDTH, XID_CATFAB_CODE) VALUES (0.1712, 30, 30, 'F110', NULL, NULL, '2018-01-01', 'Base LogoSP 270x170x83', NULL, 300, 645, 1020, 614.2, 'T110(3x)--', NULL, 3, 1, 0, 3, 0, 'VI', NULL, NULL, NULL, NULL, 329.8, NULL);
INSERT INTO CATTRO (CATTRO_AREA, CATTRO_BORDER_L, CATTRO_BORDER_W, CATTRO_PTROQ, CATRO_CREATED_AT, CATTRO_CREATED_BY, CATTRO_CREATED_DATE, CATTRO_DESCRIPTION, CATTRO_DSB_MULTIPLE, CATTRO_GSMDIS, CATTRO_LEAF_L, CATTRO_LEAF_W, CATTRO_LENGTH, CATTRO_NAME, CATTRO_OBSERVATIONS, CATTRO_QUANTITY, CATTRO_QUANTITY_L, CATTRO_SEPARATION_L, CATTRO_QUANTITY_W, CATTRO_SEPARATION_W, XID_CATSTATUS_CODE, CATRO_UPDATED_AT, CATRO_UPDATED_BY, CATTRO_VALID_FROM, CATTRO_VALID_TO, CATTRO_WIDTH, XID_CATFAB_CODE) VALUES (0, 0, 0, 'F111', NULL, NULL, '2018-01-01', 'Pendiente Definir', NULL, 0, 0, 0, 0, 'N/A', NULL, 0, 0, 0, 0, 0, 'IN', NULL, NULL, NULL, NULL, 0, NULL);
INSERT INTO CATTRO (CATTRO_AREA, CATTRO_BORDER_L, CATTRO_BORDER_W, CATTRO_PTROQ, CATRO_CREATED_AT, CATTRO_CREATED_BY, CATTRO_CREATED_DATE, CATTRO_DESCRIPTION, CATTRO_DSB_MULTIPLE, CATTRO_GSMDIS, CATTRO_LEAF_L, CATTRO_LEAF_W, CATTRO_LENGTH, CATTRO_NAME, CATTRO_OBSERVATIONS, CATTRO_QUANTITY, CATTRO_QUANTITY_L, CATTRO_SEPARATION_L, CATTRO_QUANTITY_W, CATTRO_SEPARATION_W, XID_CATSTATUS_CODE, CATRO_UPDATED_AT, CATRO_UPDATED_BY, CATTRO_VALID_FROM, CATTRO_VALID_TO, CATTRO_WIDTH, XID_CATFAB_CODE) VALUES (0.5342, 27, 22, 'F112', NULL, NULL, '2020-01-01', 'Cuerpo Piram. Esparragos 28 lbs', '210413x1', 670, 905, 680, 878, 'T112(1x)-R&M-Mq01 TH', NULL, 1, 1, 0, 1, 0, 'VI', NULL, NULL, NULL, NULL, 658, 1);
INSERT INTO CATTRO (CATTRO_AREA, CATTRO_BORDER_L, CATTRO_BORDER_W, CATTRO_PTROQ, CATRO_CREATED_AT, CATTRO_CREATED_BY, CATTRO_CREATED_DATE, CATTRO_DESCRIPTION, CATTRO_DSB_MULTIPLE, CATTRO_GSMDIS, CATTRO_LEAF_L, CATTRO_LEAF_W, CATTRO_LENGTH, CATTRO_NAME, CATTRO_OBSERVATIONS, CATTRO_QUANTITY, CATTRO_QUANTITY_L, CATTRO_SEPARATION_L, CATTRO_QUANTITY_W, CATTRO_SEPARATION_W, XID_CATSTATUS_CODE, CATRO_UPDATED_AT, CATRO_UPDATED_BY, CATTRO_VALID_FROM, CATTRO_VALID_TO, CATTRO_WIDTH, XID_CATFAB_CODE) VALUES (0.323, 29, 32, 'F113', NULL, NULL, '2020-01-01', 'Base Piram. Esparragos 28 lbs', '210413x1', 620, 675, 595, 646, 'T113(1x)-R&M-Mq01 TH', NULL, 1, 1, 0, 1, 0, 'VI', NULL, NULL, NULL, NULL, 563, 1);
INSERT INTO CATTRO (CATTRO_AREA, CATTRO_BORDER_L, CATTRO_BORDER_W, CATTRO_PTROQ, CATRO_CREATED_AT, CATTRO_CREATED_BY, CATTRO_CREATED_DATE, CATTRO_DESCRIPTION, CATTRO_DSB_MULTIPLE, CATTRO_GSMDIS, CATTRO_LEAF_L, CATTRO_LEAF_W, CATTRO_LENGTH, CATTRO_NAME, CATTRO_OBSERVATIONS, CATTRO_QUANTITY, CATTRO_QUANTITY_L, CATTRO_SEPARATION_L, CATTRO_QUANTITY_W, CATTRO_SEPARATION_W, XID_CATSTATUS_CODE, CATRO_UPDATED_AT, CATRO_UPDATED_BY, CATTRO_VALID_FROM, CATTRO_VALID_TO, CATTRO_WIDTH, XID_CATFAB_CODE) VALUES (0.3634, 34, 11, 'F114', NULL, NULL, '2020-07-14', 'Bandeja Perf. 381x267x127 (Arm. Maq.)', '210505x1', 300, 915, 520, 881, 'T114(1x)-R&M-Mq01 TH', NULL, 1, 1, 0, 1, 0, 'VI', NULL, NULL, NULL, NULL, 509, 1);
INSERT INTO CATTRO (CATTRO_AREA, CATTRO_BORDER_L, CATTRO_BORDER_W, CATTRO_PTROQ, CATRO_CREATED_AT, CATTRO_CREATED_BY, CATTRO_CREATED_DATE, CATTRO_DESCRIPTION, CATTRO_DSB_MULTIPLE, CATTRO_GSMDIS, CATTRO_LEAF_L, CATTRO_LEAF_W, CATTRO_LENGTH, CATTRO_NAME, CATTRO_OBSERVATIONS, CATTRO_QUANTITY, CATTRO_QUANTITY_L, CATTRO_SEPARATION_L, CATTRO_QUANTITY_W, CATTRO_SEPARATION_W, XID_CATSTATUS_CODE, CATRO_UPDATED_AT, CATRO_UPDATED_BY, CATTRO_VALID_FROM, CATTRO_VALID_TO, CATTRO_WIDTH, XID_CATFAB_CODE) VALUES (0.2914, 28, 29, 'F115', NULL, NULL, '2020-07-10', 'Bandeja Perforada 4kg 350x278x85', '210803x1', 300, 650, 665, 621.4, 'T115(1x)-R&M-Mq01 TH', NULL, 1, 1, 0, 1, 0, 'VI', NULL, NULL, NULL, NULL, 636, 1);
INSERT INTO CATTRO (CATTRO_AREA, CATTRO_BORDER_L, CATTRO_BORDER_W, CATTRO_PTROQ, CATRO_CREATED_AT, CATTRO_CREATED_BY, CATTRO_CREATED_DATE, CATTRO_DESCRIPTION, CATTRO_DSB_MULTIPLE, CATTRO_GSMDIS, CATTRO_LEAF_L, CATTRO_LEAF_W, CATTRO_LENGTH, CATTRO_NAME, CATTRO_OBSERVATIONS, CATTRO_QUANTITY, CATTRO_QUANTITY_L, CATTRO_SEPARATION_L, CATTRO_QUANTITY_W, CATTRO_SEPARATION_W, XID_CATSTATUS_CODE, CATRO_UPDATED_AT, CATRO_UPDATED_BY, CATTRO_VALID_FROM, CATTRO_VALID_TO, CATTRO_WIDTH, XID_CATFAB_CODE) VALUES (0.2649, 27, 29, 'F116', NULL, NULL, '2020-01-01', 'Base BQ - Inicio ', NULL, 600, 870, 670, 843, 'T116(2x)--Mq01 TH', NULL, 2, 1, 0, 2, 0, 'VI', NULL, NULL, NULL, NULL, 320.5, NULL);
INSERT INTO CATTRO (CATTRO_AREA, CATTRO_BORDER_L, CATTRO_BORDER_W, CATTRO_PTROQ, CATRO_CREATED_AT, CATTRO_CREATED_BY, CATTRO_CREATED_DATE, CATTRO_DESCRIPTION, CATTRO_DSB_MULTIPLE, CATTRO_GSMDIS, CATTRO_LEAF_L, CATTRO_LEAF_W, CATTRO_LENGTH, CATTRO_NAME, CATTRO_OBSERVATIONS, CATTRO_QUANTITY, CATTRO_QUANTITY_L, CATTRO_SEPARATION_L, CATTRO_QUANTITY_W, CATTRO_SEPARATION_W, XID_CATSTATUS_CODE, CATRO_UPDATED_AT, CATRO_UPDATED_BY, CATTRO_VALID_FROM, CATTRO_VALID_TO, CATTRO_WIDTH, XID_CATFAB_CODE) VALUES (0.2756, 28, 26, 'F117', NULL, NULL, '2020-01-01', 'Tapa BQ - Flechas ', NULL, 600, 890, 675, 862, 'T117(2x)--Mq01 TH', NULL, 2, 1, 0, 2, 0, 'VI', NULL, NULL, NULL, NULL, 324.5, NULL);
INSERT INTO CATTRO (CATTRO_AREA, CATTRO_BORDER_L, CATTRO_BORDER_W, CATTRO_PTROQ, CATRO_CREATED_AT, CATTRO_CREATED_BY, CATTRO_CREATED_DATE, CATTRO_DESCRIPTION, CATTRO_DSB_MULTIPLE, CATTRO_GSMDIS, CATTRO_LEAF_L, CATTRO_LEAF_W, CATTRO_LENGTH, CATTRO_NAME, CATTRO_OBSERVATIONS, CATTRO_QUANTITY, CATTRO_QUANTITY_L, CATTRO_SEPARATION_L, CATTRO_QUANTITY_W, CATTRO_SEPARATION_W, XID_CATSTATUS_CODE, CATRO_UPDATED_AT, CATRO_UPDATED_BY, CATTRO_VALID_FROM, CATTRO_VALID_TO, CATTRO_WIDTH, XID_CATFAB_CODE) VALUES (0.076, 30, 27, 'F118', NULL, NULL, '2020-01-01', 'Separador BQ 623x44x41', NULL, 600, 640, 650, 122, 'T118(5x)--Mq01 TH', NULL, 5, 5, 0, 1, 0, 'VI', NULL, NULL, NULL, NULL, 623, NULL);
INSERT INTO CATTRO (CATTRO_AREA, CATTRO_BORDER_L, CATTRO_BORDER_W, CATTRO_PTROQ, CATRO_CREATED_AT, CATTRO_CREATED_BY, CATTRO_CREATED_DATE, CATTRO_DESCRIPTION, CATTRO_DSB_MULTIPLE, CATTRO_GSMDIS, CATTRO_LEAF_L, CATTRO_LEAF_W, CATTRO_LENGTH, CATTRO_NAME, CATTRO_OBSERVATIONS, CATTRO_QUANTITY, CATTRO_QUANTITY_L, CATTRO_SEPARATION_L, CATTRO_QUANTITY_W, CATTRO_SEPARATION_W, XID_CATSTATUS_CODE, CATRO_UPDATED_AT, CATRO_UPDATED_BY, CATTRO_VALID_FROM, CATTRO_VALID_TO, CATTRO_WIDTH, XID_CATFAB_CODE) VALUES (0.499, 24, 31, 'F119', NULL, NULL, '2020-09-11', 'Caja 10lbs 423x252x136', NULL, 550, 1000, 690, 976, 'T119(1x)-R&M-Mq01 TH', NULL, 1, 1, 0, 1, 0, 'VI', NULL, NULL, NULL, NULL, 659, 1);
INSERT INTO CATTRO (CATTRO_AREA, CATTRO_BORDER_L, CATTRO_BORDER_W, CATTRO_PTROQ, CATRO_CREATED_AT, CATTRO_CREATED_BY, CATTRO_CREATED_DATE, CATTRO_DESCRIPTION, CATTRO_DSB_MULTIPLE, CATTRO_GSMDIS, CATTRO_LEAF_L, CATTRO_LEAF_W, CATTRO_LENGTH, CATTRO_NAME, CATTRO_OBSERVATIONS, CATTRO_QUANTITY, CATTRO_QUANTITY_L, CATTRO_SEPARATION_L, CATTRO_QUANTITY_W, CATTRO_SEPARATION_W, XID_CATSTATUS_CODE, CATRO_UPDATED_AT, CATRO_UPDATED_BY, CATTRO_VALID_FROM, CATTRO_VALID_TO, CATTRO_WIDTH, XID_CATFAB_CODE) VALUES (0.3425, 24, 57, 'F120', NULL, NULL, '2020-09-15', 'Bandeja Apilable 367x245x102 Refzd', NULL, 600, 795, 680, 771, 'T120(1x)-R&M-Mq01 TH', NULL, 1, 1, 0, 1, 0, 'VI', NULL, NULL, NULL, NULL, 623, 1);
INSERT INTO CATTRO (CATTRO_AREA, CATTRO_BORDER_L, CATTRO_BORDER_W, CATTRO_PTROQ, CATRO_CREATED_AT, CATTRO_CREATED_BY, CATTRO_CREATED_DATE, CATTRO_DESCRIPTION, CATTRO_DSB_MULTIPLE, CATTRO_GSMDIS, CATTRO_LEAF_L, CATTRO_LEAF_W, CATTRO_LENGTH, CATTRO_NAME, CATTRO_OBSERVATIONS, CATTRO_QUANTITY, CATTRO_QUANTITY_L, CATTRO_SEPARATION_L, CATTRO_QUANTITY_W, CATTRO_SEPARATION_W, XID_CATSTATUS_CODE, CATRO_UPDATED_AT, CATRO_UPDATED_BY, CATTRO_VALID_FROM, CATTRO_VALID_TO, CATTRO_WIDTH, XID_CATFAB_CODE) VALUES (0.5337, 26, 15, 'F121', NULL, NULL, '2021-01-21', 'Bandeja doble tapa 389x284x133', '210302x1', 500, 940, 695, 914, 'T121(1x)-R&M-Mq01 TH', 'HERR. COMPARTIDO 121B', 1, 1, 0, 1, 0, 'VI', NULL, NULL, NULL, NULL, 680, 1);
INSERT INTO CATTRO (CATTRO_AREA, CATTRO_BORDER_L, CATTRO_BORDER_W, CATTRO_PTROQ, CATRO_CREATED_AT, CATTRO_CREATED_BY, CATTRO_CREATED_DATE, CATTRO_DESCRIPTION, CATTRO_DSB_MULTIPLE, CATTRO_GSMDIS, CATTRO_LEAF_L, CATTRO_LEAF_W, CATTRO_LENGTH, CATTRO_NAME, CATTRO_OBSERVATIONS, CATTRO_QUANTITY, CATTRO_QUANTITY_L, CATTRO_SEPARATION_L, CATTRO_QUANTITY_W, CATTRO_SEPARATION_W, XID_CATSTATUS_CODE, CATRO_UPDATED_AT, CATRO_UPDATED_BY, CATTRO_VALID_FROM, CATTRO_VALID_TO, CATTRO_WIDTH, XID_CATFAB_CODE) VALUES (0.5306, 26, 15, 'F121B', NULL, NULL, '2021-01-21', 'Bandeja doble tapa 389x284x133', '210302x1', 500, 940, 695, 914, 'T121B(1x)-R&M-Mq01 TH', 'HERR. COMPARTIDO 121', 1, 1, 0, 1, 0, 'VI', NULL, NULL, NULL, NULL, 680, 1);
INSERT INTO CATTRO (CATTRO_AREA, CATTRO_BORDER_L, CATTRO_BORDER_W, CATTRO_PTROQ, CATRO_CREATED_AT, CATTRO_CREATED_BY, CATTRO_CREATED_DATE, CATTRO_DESCRIPTION, CATTRO_DSB_MULTIPLE, CATTRO_GSMDIS, CATTRO_LEAF_L, CATTRO_LEAF_W, CATTRO_LENGTH, CATTRO_NAME, CATTRO_OBSERVATIONS, CATTRO_QUANTITY, CATTRO_QUANTITY_L, CATTRO_SEPARATION_L, CATTRO_QUANTITY_W, CATTRO_SEPARATION_W, XID_CATSTATUS_CODE, CATRO_UPDATED_AT, CATRO_UPDATED_BY, CATTRO_VALID_FROM, CATTRO_VALID_TO, CATTRO_WIDTH, XID_CATFAB_CODE) VALUES (0.3242, 32, 31, 'F122', NULL, NULL, '2021-01-01', 'Bandeja Apilable 367x245x95 Refzd', NULL, 600, 775, 640, 743, 'T122(1x)-R&M-Mq01 TH', NULL, 1, 1, 0, 1, 0, 'VI', NULL, NULL, NULL, NULL, 609, 1);
INSERT INTO CATTRO (CATTRO_AREA, CATTRO_BORDER_L, CATTRO_BORDER_W, CATTRO_PTROQ, CATRO_CREATED_AT, CATTRO_CREATED_BY, CATTRO_CREATED_DATE, CATTRO_DESCRIPTION, CATTRO_DSB_MULTIPLE, CATTRO_GSMDIS, CATTRO_LEAF_L, CATTRO_LEAF_W, CATTRO_LENGTH, CATTRO_NAME, CATTRO_OBSERVATIONS, CATTRO_QUANTITY, CATTRO_QUANTITY_L, CATTRO_SEPARATION_L, CATTRO_QUANTITY_W, CATTRO_SEPARATION_W, XID_CATSTATUS_CODE, CATRO_UPDATED_AT, CATRO_UPDATED_BY, CATTRO_VALID_FROM, CATTRO_VALID_TO, CATTRO_WIDTH, XID_CATFAB_CODE) VALUES (0.0996, 37, 14, 'F123', NULL, NULL, '2021-02-22', 'Bandeja Perf. 277x175x72', NULL, 300, 495, 520, 457.8, 'T123(2x)-MBACH-Mq04 DC', NULL, 2, 1, 0, 2, 0, 'VI', NULL, NULL, NULL, NULL, 253, 2);
INSERT INTO CATTRO (CATTRO_AREA, CATTRO_BORDER_L, CATTRO_BORDER_W, CATTRO_PTROQ, CATRO_CREATED_AT, CATTRO_CREATED_BY, CATTRO_CREATED_DATE, CATTRO_DESCRIPTION, CATTRO_DSB_MULTIPLE, CATTRO_GSMDIS, CATTRO_LEAF_L, CATTRO_LEAF_W, CATTRO_LENGTH, CATTRO_NAME, CATTRO_OBSERVATIONS, CATTRO_QUANTITY, CATTRO_QUANTITY_L, CATTRO_SEPARATION_L, CATTRO_QUANTITY_W, CATTRO_SEPARATION_W, XID_CATSTATUS_CODE, CATRO_UPDATED_AT, CATRO_UPDATED_BY, CATTRO_VALID_FROM, CATTRO_VALID_TO, CATTRO_WIDTH, XID_CATFAB_CODE) VALUES (0.3674, 31, 26, 'F124', NULL, NULL, '2020-12-01', 'Bandeja 384x288x85', '210429x1', 500, 775, 690, 744, 'T124(1x)-R&M-Mq01 TH', NULL, 1, 1, 0, 1, 0, 'VI', NULL, NULL, NULL, NULL, 664, 1);
INSERT INTO CATTRO (CATTRO_AREA, CATTRO_BORDER_L, CATTRO_BORDER_W, CATTRO_PTROQ, CATRO_CREATED_AT, CATTRO_CREATED_BY, CATTRO_CREATED_DATE, CATTRO_DESCRIPTION, CATTRO_DSB_MULTIPLE, CATTRO_GSMDIS, CATTRO_LEAF_L, CATTRO_LEAF_W, CATTRO_LENGTH, CATTRO_NAME, CATTRO_OBSERVATIONS, CATTRO_QUANTITY, CATTRO_QUANTITY_L, CATTRO_SEPARATION_L, CATTRO_QUANTITY_W, CATTRO_SEPARATION_W, XID_CATSTATUS_CODE, CATRO_UPDATED_AT, CATRO_UPDATED_BY, CATTRO_VALID_FROM, CATTRO_VALID_TO, CATTRO_WIDTH, XID_CATFAB_CODE) VALUES (0.1435, 27, 29, 'F125', NULL, NULL, '2020-12-08', 'Base soldada 270x170x83', NULL, 330, 900, 1030, 433.4, 'T125(6x)-R&M-Mq01 TH', NULL, 6, 2, 6, 3, 0, 'VI', NULL, NULL, NULL, NULL, 333.4, 1);
INSERT INTO CATTRO (CATTRO_AREA, CATTRO_BORDER_L, CATTRO_BORDER_W, CATTRO_PTROQ, CATRO_CREATED_AT, CATTRO_CREATED_BY, CATTRO_CREATED_DATE, CATTRO_DESCRIPTION, CATTRO_DSB_MULTIPLE, CATTRO_GSMDIS, CATTRO_LEAF_L, CATTRO_LEAF_W, CATTRO_LENGTH, CATTRO_NAME, CATTRO_OBSERVATIONS, CATTRO_QUANTITY, CATTRO_QUANTITY_L, CATTRO_SEPARATION_L, CATTRO_QUANTITY_W, CATTRO_SEPARATION_W, XID_CATSTATUS_CODE, CATRO_UPDATED_AT, CATRO_UPDATED_BY, CATTRO_VALID_FROM, CATTRO_VALID_TO, CATTRO_WIDTH, XID_CATFAB_CODE) VALUES (0.7248, 30, 30, 'F126', NULL, NULL, '2020-12-16', 'Biombo 50x50x25', NULL, 600, 780, 1030, 750, 'T126(1x)-R&M-Mq01 TH', NULL, 1, 1, 0, 1, 0, 'VI', NULL, NULL, NULL, NULL, 1000, 1);
INSERT INTO CATTRO (CATTRO_AREA, CATTRO_BORDER_L, CATTRO_BORDER_W, CATTRO_PTROQ, CATRO_CREATED_AT, CATTRO_CREATED_BY, CATTRO_CREATED_DATE, CATTRO_DESCRIPTION, CATTRO_DSB_MULTIPLE, CATTRO_GSMDIS, CATTRO_LEAF_L, CATTRO_LEAF_W, CATTRO_LENGTH, CATTRO_NAME, CATTRO_OBSERVATIONS, CATTRO_QUANTITY, CATTRO_QUANTITY_L, CATTRO_SEPARATION_L, CATTRO_QUANTITY_W, CATTRO_SEPARATION_W, XID_CATSTATUS_CODE, CATRO_UPDATED_AT, CATRO_UPDATED_BY, CATTRO_VALID_FROM, CATTRO_VALID_TO, CATTRO_WIDTH, XID_CATFAB_CODE) VALUES (0.2799, 28, 8, 'F127', NULL, NULL, '2021-01-22', 'Bandeja Perf. 342x253x95 (Coc. Maq.)', NULL, 350, 745, 522, 717, 'T127(1x)-R&M-Mq01 TH', NULL, 1, 1, 0, 1, 0, 'VI', NULL, NULL, NULL, NULL, 514, 1);
INSERT INTO CATTRO (CATTRO_AREA, CATTRO_BORDER_L, CATTRO_BORDER_W, CATTRO_PTROQ, CATRO_CREATED_AT, CATTRO_CREATED_BY, CATTRO_CREATED_DATE, CATTRO_DESCRIPTION, CATTRO_DSB_MULTIPLE, CATTRO_GSMDIS, CATTRO_LEAF_L, CATTRO_LEAF_W, CATTRO_LENGTH, CATTRO_NAME, CATTRO_OBSERVATIONS, CATTRO_QUANTITY, CATTRO_QUANTITY_L, CATTRO_SEPARATION_L, CATTRO_QUANTITY_W, CATTRO_SEPARATION_W, XID_CATSTATUS_CODE, CATRO_UPDATED_AT, CATRO_UPDATED_BY, CATTRO_VALID_FROM, CATTRO_VALID_TO, CATTRO_WIDTH, XID_CATFAB_CODE) VALUES (0.2626, 25.4, 30, 'F128', NULL, NULL, '2021-01-22', 'Bandeja Perf. 350x253x95 (Crudo. Maq.)', NULL, 300, 750, 470, 724.6, 'T128(1x)-R&M-Mq01 TH', NULL, 1, 1, 0, 1, 0, 'VI', NULL, NULL, NULL, NULL, 439.4, 1);
INSERT INTO CATTRO (CATTRO_AREA, CATTRO_BORDER_L, CATTRO_BORDER_W, CATTRO_PTROQ, CATRO_CREATED_AT, CATTRO_CREATED_BY, CATTRO_CREATED_DATE, CATTRO_DESCRIPTION, CATTRO_DSB_MULTIPLE, CATTRO_GSMDIS, CATTRO_LEAF_L, CATTRO_LEAF_W, CATTRO_LENGTH, CATTRO_NAME, CATTRO_OBSERVATIONS, CATTRO_QUANTITY, CATTRO_QUANTITY_L, CATTRO_SEPARATION_L, CATTRO_QUANTITY_W, CATTRO_SEPARATION_W, XID_CATSTATUS_CODE, CATRO_UPDATED_AT, CATRO_UPDATED_BY, CATTRO_VALID_FROM, CATTRO_VALID_TO, CATTRO_WIDTH, XID_CATFAB_CODE) VALUES (0.3602, 28, 28.2, 'F129', NULL, NULL, '2021-02-22', 'Bandeja Perf Ref. 363x261x94 ', NULL, 350, 675, 775, 647, 'T129(1x)-MBACH-Mq04 DC', NULL, 1, 1, 0, 1, 0, 'VI', NULL, NULL, NULL, NULL, 746.8, 2);
INSERT INTO CATTRO (CATTRO_AREA, CATTRO_BORDER_L, CATTRO_BORDER_W, CATTRO_PTROQ, CATRO_CREATED_AT, CATTRO_CREATED_BY, CATTRO_CREATED_DATE, CATTRO_DESCRIPTION, CATTRO_DSB_MULTIPLE, CATTRO_GSMDIS, CATTRO_LEAF_L, CATTRO_LEAF_W, CATTRO_LENGTH, CATTRO_NAME, CATTRO_OBSERVATIONS, CATTRO_QUANTITY, CATTRO_QUANTITY_L, CATTRO_SEPARATION_L, CATTRO_QUANTITY_W, CATTRO_SEPARATION_W, XID_CATSTATUS_CODE, CATRO_UPDATED_AT, CATRO_UPDATED_BY, CATTRO_VALID_FROM, CATTRO_VALID_TO, CATTRO_WIDTH, XID_CATFAB_CODE) VALUES (0.2118, 19.8, 32, 'F130', NULL, NULL, '2021-03-19', 'Bandeja Perf 335x170x84', '210322x3', 300, 710, 1040, 690.2, 'T130(3x)-R&M-Mq01 TH', NULL, 3, 1, 0, 3, 0, 'VI', NULL, NULL, NULL, NULL, 336, 1);
INSERT INTO CATTRO (CATTRO_AREA, CATTRO_BORDER_L, CATTRO_BORDER_W, CATTRO_PTROQ, CATRO_CREATED_AT, CATTRO_CREATED_BY, CATTRO_CREATED_DATE, CATTRO_DESCRIPTION, CATTRO_DSB_MULTIPLE, CATTRO_GSMDIS, CATTRO_LEAF_L, CATTRO_LEAF_W, CATTRO_LENGTH, CATTRO_NAME, CATTRO_OBSERVATIONS, CATTRO_QUANTITY, CATTRO_QUANTITY_L, CATTRO_SEPARATION_L, CATTRO_QUANTITY_W, CATTRO_SEPARATION_W, XID_CATSTATUS_CODE, CATRO_UPDATED_AT, CATRO_UPDATED_BY, CATTRO_VALID_FROM, CATTRO_VALID_TO, CATTRO_WIDTH, XID_CATFAB_CODE) VALUES (0.3535, 31, 20, 'F134', NULL, NULL, '2021-08-06', 'Bandeja 386x290x87', '211020X1', 550, 775, 630, 744, 'T134(1x)-R&M-Mq01 TH', 'PENDIENTE', 1, 1, 0, 1, 0, 'VI', NULL, NULL, NULL, NULL, 610, 1);
INSERT INTO CATTRO (CATTRO_AREA, CATTRO_BORDER_L, CATTRO_BORDER_W, CATTRO_PTROQ, CATRO_CREATED_AT, CATTRO_CREATED_BY, CATTRO_CREATED_DATE, CATTRO_DESCRIPTION, CATTRO_DSB_MULTIPLE, CATTRO_GSMDIS, CATTRO_LEAF_L, CATTRO_LEAF_W, CATTRO_LENGTH, CATTRO_NAME, CATTRO_OBSERVATIONS, CATTRO_QUANTITY, CATTRO_QUANTITY_L, CATTRO_SEPARATION_L, CATTRO_QUANTITY_W, CATTRO_SEPARATION_W, XID_CATSTATUS_CODE, CATRO_UPDATED_AT, CATRO_UPDATED_BY, CATTRO_VALID_FROM, CATTRO_VALID_TO, CATTRO_WIDTH, XID_CATFAB_CODE) VALUES (0.1548, 30, 30, 'F135', NULL, NULL, '2021-09-17', 'Bandeja Perforada 270x170x83', '210916x2', 300, 645, 1020, 614.2, 'T135(3x)-R&M-Mq01 TH', NULL, 3, 1, 0, 3, 0, 'VI', NULL, NULL, NULL, NULL, 329.8, 1);
INSERT INTO CATTRO (CATTRO_AREA, CATTRO_BORDER_L, CATTRO_BORDER_W, CATTRO_PTROQ, CATRO_CREATED_AT, CATTRO_CREATED_BY, CATTRO_CREATED_DATE, CATTRO_DESCRIPTION, CATTRO_DSB_MULTIPLE, CATTRO_GSMDIS, CATTRO_LEAF_L, CATTRO_LEAF_W, CATTRO_LENGTH, CATTRO_NAME, CATTRO_OBSERVATIONS, CATTRO_QUANTITY, CATTRO_QUANTITY_L, CATTRO_SEPARATION_L, CATTRO_QUANTITY_W, CATTRO_SEPARATION_W, XID_CATSTATUS_CODE, CATRO_UPDATED_AT, CATRO_UPDATED_BY, CATTRO_VALID_FROM, CATTRO_VALID_TO, CATTRO_WIDTH, XID_CATFAB_CODE) VALUES (0.4984, 30, 9, 'F136', NULL, NULL, '2021-09-24', 'Bandeja P.R. 500x400x90', '211020x1', 600, 900, 695, 870, 'T136(1x)-R&M-Mq01 TH', NULL, 1, 1, 0, 1, 0, 'VI', NULL, NULL, NULL, NULL, 686, 1);
INSERT INTO CATTRO (CATTRO_AREA, CATTRO_BORDER_L, CATTRO_BORDER_W, CATTRO_PTROQ, CATRO_CREATED_AT, CATTRO_CREATED_BY, CATTRO_CREATED_DATE, CATTRO_DESCRIPTION, CATTRO_DSB_MULTIPLE, CATTRO_GSMDIS, CATTRO_LEAF_L, CATTRO_LEAF_W, CATTRO_LENGTH, CATTRO_NAME, CATTRO_OBSERVATIONS, CATTRO_QUANTITY, CATTRO_QUANTITY_L, CATTRO_SEPARATION_L, CATTRO_QUANTITY_W, CATTRO_SEPARATION_W, XID_CATSTATUS_CODE, CATRO_UPDATED_AT, CATRO_UPDATED_BY, CATTRO_VALID_FROM, CATTRO_VALID_TO, CATTRO_WIDTH, XID_CATFAB_CODE) VALUES (0.1629, 38, 34, 'F137', NULL, NULL, '2021-11-18', 'Bandeja Perf. 289x188x70', NULL, 300, 615, 1000, 577, 'T137(3x)-MBACH-Mq04 DC', NULL, 3, 1, 0, 3, 0, 'VI', NULL, NULL, NULL, NULL, 321.8, 2);
INSERT INTO CATTRO (CATTRO_AREA, CATTRO_BORDER_L, CATTRO_BORDER_W, CATTRO_PTROQ, CATRO_CREATED_AT, CATTRO_CREATED_BY, CATTRO_CREATED_DATE, CATTRO_DESCRIPTION, CATTRO_DSB_MULTIPLE, CATTRO_GSMDIS, CATTRO_LEAF_L, CATTRO_LEAF_W, CATTRO_LENGTH, CATTRO_NAME, CATTRO_OBSERVATIONS, CATTRO_QUANTITY, CATTRO_QUANTITY_L, CATTRO_SEPARATION_L, CATTRO_QUANTITY_W, CATTRO_SEPARATION_W, XID_CATSTATUS_CODE, CATRO_UPDATED_AT, CATRO_UPDATED_BY, CATTRO_VALID_FROM, CATTRO_VALID_TO, CATTRO_WIDTH, XID_CATFAB_CODE) VALUES (0.16, 30, 31, 'F138', NULL, NULL, '2021-11-09', 'Bandeja Perf. 302x202x60', '211109x3', 300, 580, 985, 550, 'T138(3x)-R&M-Mq01 TH', NULL, 3, 1, 0, 3, 0, 'VI', NULL, NULL, NULL, NULL, 317.8, 1);
INSERT INTO CATTRO (CATTRO_AREA, CATTRO_BORDER_L, CATTRO_BORDER_W, CATTRO_PTROQ, CATRO_CREATED_AT, CATTRO_CREATED_BY, CATTRO_CREATED_DATE, CATTRO_DESCRIPTION, CATTRO_DSB_MULTIPLE, CATTRO_GSMDIS, CATTRO_LEAF_L, CATTRO_LEAF_W, CATTRO_LENGTH, CATTRO_NAME, CATTRO_OBSERVATIONS, CATTRO_QUANTITY, CATTRO_QUANTITY_L, CATTRO_SEPARATION_L, CATTRO_QUANTITY_W, CATTRO_SEPARATION_W, XID_CATSTATUS_CODE, CATRO_UPDATED_AT, CATRO_UPDATED_BY, CATTRO_VALID_FROM, CATTRO_VALID_TO, CATTRO_WIDTH, XID_CATFAB_CODE) VALUES (0.3364, 9, 18, 'F139', NULL, NULL, '2021-12-20', 'Caja Envolvente ', NULL, 0, 1445, 263, 1436, 'T139(1x)-R&M-Mq01 TH', NULL, 1, 1, 0, 1, 0, 'IN', NULL, NULL, NULL, NULL, 245, 1);
INSERT INTO CATTRO (CATTRO_AREA, CATTRO_BORDER_L, CATTRO_BORDER_W, CATTRO_PTROQ, CATRO_CREATED_AT, CATTRO_CREATED_BY, CATTRO_CREATED_DATE, CATTRO_DESCRIPTION, CATTRO_DSB_MULTIPLE, CATTRO_GSMDIS, CATTRO_LEAF_L, CATTRO_LEAF_W, CATTRO_LENGTH, CATTRO_NAME, CATTRO_OBSERVATIONS, CATTRO_QUANTITY, CATTRO_QUANTITY_L, CATTRO_SEPARATION_L, CATTRO_QUANTITY_W, CATTRO_SEPARATION_W, XID_CATSTATUS_CODE, CATRO_UPDATED_AT, CATRO_UPDATED_BY, CATTRO_VALID_FROM, CATTRO_VALID_TO, CATTRO_WIDTH, XID_CATFAB_CODE) VALUES (0.1662, 35, 27, 'F140', NULL, NULL, '2021-12-20', 'Bandeja 287x187x70', NULL, 300, 610, 990, 575, 'T140(3x)-MBACH-Mq05 WI', NULL, 3, 1, 0, 3, 0, 'VI', NULL, NULL, NULL, NULL, 320.8, 2);
INSERT INTO CATTRO (CATTRO_AREA, CATTRO_BORDER_L, CATTRO_BORDER_W, CATTRO_PTROQ, CATRO_CREATED_AT, CATTRO_CREATED_BY, CATTRO_CREATED_DATE, CATTRO_DESCRIPTION, CATTRO_DSB_MULTIPLE, CATTRO_GSMDIS, CATTRO_LEAF_L, CATTRO_LEAF_W, CATTRO_LENGTH, CATTRO_NAME, CATTRO_OBSERVATIONS, CATTRO_QUANTITY, CATTRO_QUANTITY_L, CATTRO_SEPARATION_L, CATTRO_QUANTITY_W, CATTRO_SEPARATION_W, XID_CATSTATUS_CODE, CATRO_UPDATED_AT, CATRO_UPDATED_BY, CATTRO_VALID_FROM, CATTRO_VALID_TO, CATTRO_WIDTH, XID_CATFAB_CODE) VALUES (0.1908, 27, 26, 'F141', NULL, NULL, '2022-02-11', 'Bandeja Tapada 287x151x64', NULL, 300, 440, 515, 412.2, 'T141(1x)-R&M-Mq01 TH', NULL, 1, 1, 0, 1, 0, 'IN', NULL, NULL, NULL, NULL, 488.4, 1);
INSERT INTO CATTRO (CATTRO_AREA, CATTRO_BORDER_L, CATTRO_BORDER_W, CATTRO_PTROQ, CATRO_CREATED_AT, CATTRO_CREATED_BY, CATTRO_CREATED_DATE, CATTRO_DESCRIPTION, CATTRO_DSB_MULTIPLE, CATTRO_GSMDIS, CATTRO_LEAF_L, CATTRO_LEAF_W, CATTRO_LENGTH, CATTRO_NAME, CATTRO_OBSERVATIONS, CATTRO_QUANTITY, CATTRO_QUANTITY_L, CATTRO_SEPARATION_L, CATTRO_QUANTITY_W, CATTRO_SEPARATION_W, XID_CATSTATUS_CODE, CATRO_UPDATED_AT, CATRO_UPDATED_BY, CATTRO_VALID_FROM, CATTRO_VALID_TO, CATTRO_WIDTH, XID_CATFAB_CODE) VALUES (0.4667, 51, 3, 'F142', NULL, NULL, '2022-02-22', 'Base Mnr Lw', NULL, 800, 990, 515, 938.4, 'T142(1x)-R&M-Mq01 TH', NULL, 1, 1, 0, 1, 0, 'VI', NULL, NULL, NULL, NULL, 512, 1);
INSERT INTO CATTRO (CATTRO_AREA, CATTRO_BORDER_L, CATTRO_BORDER_W, CATTRO_PTROQ, CATRO_CREATED_AT, CATTRO_CREATED_BY, CATTRO_CREATED_DATE, CATTRO_DESCRIPTION, CATTRO_DSB_MULTIPLE, CATTRO_GSMDIS, CATTRO_LEAF_L, CATTRO_LEAF_W, CATTRO_LENGTH, CATTRO_NAME, CATTRO_OBSERVATIONS, CATTRO_QUANTITY, CATTRO_QUANTITY_L, CATTRO_SEPARATION_L, CATTRO_QUANTITY_W, CATTRO_SEPARATION_W, XID_CATSTATUS_CODE, CATRO_UPDATED_AT, CATRO_UPDATED_BY, CATTRO_VALID_FROM, CATTRO_VALID_TO, CATTRO_WIDTH, XID_CATFAB_CODE) VALUES (0.494, 24, 3, 'F143', NULL, NULL, '2022-02-22', 'Tapa Mnr Lw', NULL, 800, 990, 525, 965.4, 'T143(1x)-R&M-Mq01 TH', NULL, 1, 1, 0, 1, 0, 'VI', NULL, NULL, NULL, NULL, 522, 1);
INSERT INTO CATTRO (CATTRO_AREA, CATTRO_BORDER_L, CATTRO_BORDER_W, CATTRO_PTROQ, CATRO_CREATED_AT, CATTRO_CREATED_BY, CATTRO_CREATED_DATE, CATTRO_DESCRIPTION, CATTRO_DSB_MULTIPLE, CATTRO_GSMDIS, CATTRO_LEAF_L, CATTRO_LEAF_W, CATTRO_LENGTH, CATTRO_NAME, CATTRO_OBSERVATIONS, CATTRO_QUANTITY, CATTRO_QUANTITY_L, CATTRO_SEPARATION_L, CATTRO_QUANTITY_W, CATTRO_SEPARATION_W, XID_CATSTATUS_CODE, CATRO_UPDATED_AT, CATRO_UPDATED_BY, CATTRO_VALID_FROM, CATTRO_VALID_TO, CATTRO_WIDTH, XID_CATFAB_CODE) VALUES (0.5868, 30, 29, 'F144', NULL, NULL, '2022-02-22', 'Separador Mnr Lw', NULL, 600, 630, 1010, 600, 'T144(1x)-R&M-Mq01 TH', NULL, 1, 1, 0, 1, 0, 'VI', NULL, NULL, NULL, NULL, 981, 1);
